SET session_replication_role = replica;

--
-- PostgreSQL database dump
--

-- \restrict o5890Z1mTrmeOxPLWVh9EhbMH8QVdAxdqq8SuhGouPaMQfpNXK9CkYL5J5i7ogc

-- Dumped from database version 17.6
-- Dumped by pg_dump version 17.6

SET statement_timeout = 0;
SET lock_timeout = 0;
SET idle_in_transaction_session_timeout = 0;
SET transaction_timeout = 0;
SET client_encoding = 'UTF8';
SET standard_conforming_strings = on;
SELECT pg_catalog.set_config('search_path', '', false);
SET check_function_bodies = false;
SET xmloption = content;
SET client_min_messages = warning;
SET row_security = off;

--
-- Data for Name: audit_log_entries; Type: TABLE DATA; Schema: auth; Owner: supabase_auth_admin
--

INSERT INTO "auth"."audit_log_entries" ("instance_id", "id", "payload", "created_at", "ip_address") VALUES
	('00000000-0000-0000-0000-000000000000', '82508152-7ff2-4d73-a3ab-b2beb0c526c4', '{"action":"login","actor_id":"00000000-0000-0000-0000-000000000001","actor_username":"tbikaun+vantage_local@teampps.com.au","actor_via_sso":false,"log_type":"account","traits":{"provider":"email"}}', '2025-10-31 08:08:55.11832+00', ''),
	('00000000-0000-0000-0000-000000000000', '36031675-0392-4762-8253-359cb3f19e12', '{"action":"user_signedup","actor_id":"00000000-0000-0000-0000-000000000000","actor_username":"service_role","actor_via_sso":false,"log_type":"team","traits":{"provider":"email","user_email":"tbikaun+jd@teampps.com.au","user_id":"d5f1252a-9d56-47f8-98cf-f6f34914bb6c","user_phone":""}}', '2025-10-31 08:11:45.234487+00', ''),
	('00000000-0000-0000-0000-000000000000', '4018ea27-de57-4d66-932f-0eca144b8b11', '{"action":"login","actor_id":"00000000-0000-0000-0000-000000000001","actor_username":"tbikaun+vantage_local@teampps.com.au","actor_via_sso":false,"log_type":"account","traits":{"provider":"email"}}', '2025-11-03 00:33:13.382692+00', ''),
	('00000000-0000-0000-0000-000000000000', 'c7d523b8-a37a-457b-9b38-c0b8f251f6cc', '{"action":"login","actor_id":"00000000-0000-0000-0000-000000000001","actor_username":"tbikaun+vantage_local@teampps.com.au","actor_via_sso":false,"log_type":"account","traits":{"provider":"email"}}', '2025-11-03 23:51:15.07849+00', ''),
	('00000000-0000-0000-0000-000000000000', 'ebf21bd2-4620-4cb8-acf8-e7db63add147', '{"action":"token_refreshed","actor_id":"00000000-0000-0000-0000-000000000001","actor_username":"tbikaun+vantage_local@teampps.com.au","actor_via_sso":false,"log_type":"token"}', '2025-11-04 00:46:38.642138+00', ''),
	('00000000-0000-0000-0000-000000000000', '1e09c16a-2365-422e-a010-ce2eecd10aeb', '{"action":"token_revoked","actor_id":"00000000-0000-0000-0000-000000000001","actor_username":"tbikaun+vantage_local@teampps.com.au","actor_via_sso":false,"log_type":"token"}', '2025-11-04 00:46:38.648178+00', ''),
	('00000000-0000-0000-0000-000000000000', '1f461699-ece9-432e-a723-371db2d9792c', '{"action":"token_refreshed","actor_id":"00000000-0000-0000-0000-000000000001","actor_username":"tbikaun+vantage_local@teampps.com.au","actor_via_sso":false,"log_type":"token"}', '2025-11-04 00:49:35.435647+00', ''),
	('00000000-0000-0000-0000-000000000000', '844c5e24-8b3d-4b12-9d7a-fd973fab3187', '{"action":"login","actor_id":"00000000-0000-0000-0000-000000000001","actor_username":"tbikaun+vantage_local@teampps.com.au","actor_via_sso":false,"log_type":"account","traits":{"provider":"email"}}', '2025-11-04 23:14:34.174508+00', ''),
	('00000000-0000-0000-0000-000000000000', '4707f4ac-b5ad-46d1-a508-42bb9b9e665b', '{"action":"logout","actor_id":"00000000-0000-0000-0000-000000000001","actor_username":"tbikaun+vantage_local@teampps.com.au","actor_via_sso":false,"log_type":"account"}', '2025-11-04 23:15:47.458713+00', ''),
	('00000000-0000-0000-0000-000000000000', 'b47534f0-cf52-40b6-a723-ae835f104d68', '{"action":"login","actor_id":"00000000-0000-0000-0000-000000000001","actor_username":"tbikaun+vantage_local@teampps.com.au","actor_via_sso":false,"log_type":"account","traits":{"provider":"email"}}', '2025-11-04 23:15:48.80954+00', ''),
	('00000000-0000-0000-0000-000000000000', 'af9f01b2-d8c0-49e3-8c02-e36c0ba7b838', '{"action":"login","actor_id":"00000000-0000-0000-0000-000000000001","actor_username":"tbikaun+vantage_local@teampps.com.au","actor_via_sso":false,"log_type":"account","traits":{"provider":"email"}}', '2025-11-04 23:50:55.426787+00', ''),
	('00000000-0000-0000-0000-000000000000', 'e2bfb794-3863-4850-aaaa-8ae42f3b3769', '{"action":"login","actor_id":"00000000-0000-0000-0000-000000000001","actor_username":"tbikaun+vantage_local@teampps.com.au","actor_via_sso":false,"log_type":"account","traits":{"provider":"email"}}', '2025-11-05 00:12:17.55861+00', '');


--
-- Data for Name: flow_state; Type: TABLE DATA; Schema: auth; Owner: supabase_auth_admin
--



--
-- Data for Name: users; Type: TABLE DATA; Schema: auth; Owner: supabase_auth_admin
--

INSERT INTO "auth"."users" ("instance_id", "id", "aud", "role", "email", "encrypted_password", "email_confirmed_at", "invited_at", "confirmation_token", "confirmation_sent_at", "recovery_token", "recovery_sent_at", "email_change_token_new", "email_change", "email_change_sent_at", "last_sign_in_at", "raw_app_meta_data", "raw_user_meta_data", "is_super_admin", "created_at", "updated_at", "phone", "phone_confirmed_at", "phone_change", "phone_change_token", "phone_change_sent_at", "email_change_token_current", "email_change_confirm_status", "banned_until", "reauthentication_token", "reauthentication_sent_at", "is_sso_user", "deleted_at", "is_anonymous") VALUES
	('00000000-0000-0000-0000-000000000000', 'd34835f8-a043-42f9-a376-6aac23cb76ce', 'authenticated', 'authenticated', 'tbikaun+planner@teampps.com.au', '$2a$10$qKAMVjOmXjWurTaTbNa5bOPCOhDm7tFLbSyBdcyf7d1GSv.FS1RzC', '2025-10-31 05:32:42.614454+00', NULL, '', NULL, '', NULL, '', '', NULL, NULL, '{"provider": "email", "providers": ["email"]}', '{"account_type": "interviewee", "email_verified": true}', NULL, '2025-10-31 05:32:42.598491+00', '2025-10-31 05:32:42.616483+00', NULL, NULL, '', '', NULL, '', 0, NULL, '', NULL, false, NULL, false),
	('00000000-0000-0000-0000-000000000000', 'd5f1252a-9d56-47f8-98cf-f6f34914bb6c', 'authenticated', 'authenticated', 'tbikaun+jd@teampps.com.au', '$2a$10$kUkKev8JHqNQSCM4bLNYheDazSYTewYEO8BNbEwAkwypht0Fe4JOq', '2025-10-31 08:11:45.238948+00', NULL, '', NULL, '', NULL, '', '', NULL, NULL, '{"provider": "email", "providers": ["email"]}', '{"account_type": "interviewee", "email_verified": true}', NULL, '2025-10-31 08:11:45.222337+00', '2025-10-31 08:11:45.240872+00', NULL, NULL, '', '', NULL, '', 0, NULL, '', NULL, false, NULL, false),
	('00000000-0000-0000-0000-000000000000', '00000000-0000-0000-0000-000000000001', 'authenticated', 'authenticated', 'tbikaun+vantage_local@teampps.com.au', '$2a$10$UkCKciSi7RIOxC2fjk3psOMp0wgMGWsJHJOgZGZBGlWNe69rDSQui', '2025-10-31 02:21:44.433362+00', NULL, '', NULL, '', NULL, '', '', NULL, '2025-11-05 00:12:17.562003+00', '{"provider": "email", "providers": ["email"]}', '{"email_verified": true}', NULL, '2025-10-31 02:21:44.423295+00', '2025-11-05 00:12:17.56828+00', NULL, NULL, '', '', NULL, '', 0, NULL, '', NULL, false, NULL, false);


--
-- Data for Name: identities; Type: TABLE DATA; Schema: auth; Owner: supabase_auth_admin
--

INSERT INTO "auth"."identities" ("provider_id", "user_id", "identity_data", "provider", "last_sign_in_at", "created_at", "updated_at", "id") VALUES
	('d5f1252a-9d56-47f8-98cf-f6f34914bb6c', 'd5f1252a-9d56-47f8-98cf-f6f34914bb6c', '{"sub": "d5f1252a-9d56-47f8-98cf-f6f34914bb6c", "email": "tbikaun+jd@teampps.com.au", "email_verified": false, "phone_verified": false}', 'email', '2025-10-31 08:11:45.23159+00', '2025-10-31 08:11:45.231662+00', '2025-10-31 08:11:45.231662+00', 'e399a3b9-be76-4fb2-a19c-edad01e2adf7');


--
-- Data for Name: instances; Type: TABLE DATA; Schema: auth; Owner: supabase_auth_admin
--



--
-- Data for Name: oauth_clients; Type: TABLE DATA; Schema: auth; Owner: supabase_auth_admin
--



--
-- Data for Name: sessions; Type: TABLE DATA; Schema: auth; Owner: supabase_auth_admin
--

INSERT INTO "auth"."sessions" ("id", "user_id", "created_at", "updated_at", "factor_id", "aal", "not_after", "refreshed_at", "user_agent", "ip", "tag", "oauth_client_id") VALUES
	('6de50776-b610-4d18-8a39-38e4f6f6d565', '00000000-0000-0000-0000-000000000001', '2025-11-04 23:15:48.811851+00', '2025-11-04 23:15:48.811851+00', NULL, 'aal1', NULL, NULL, 'node', '172.19.0.1', NULL, NULL),
	('6000d653-d0b3-4511-86f4-887fb95ac993', '00000000-0000-0000-0000-000000000001', '2025-11-04 23:50:55.43046+00', '2025-11-04 23:50:55.43046+00', NULL, 'aal1', NULL, NULL, 'node', '172.19.0.1', NULL, NULL),
	('1c0ee01e-2204-45d2-92fb-f42700ddc94a', '00000000-0000-0000-0000-000000000001', '2025-11-05 00:12:17.562151+00', '2025-11-05 00:12:17.562151+00', NULL, 'aal1', NULL, NULL, 'node', '172.19.0.1', NULL, NULL);


--
-- Data for Name: mfa_amr_claims; Type: TABLE DATA; Schema: auth; Owner: supabase_auth_admin
--

INSERT INTO "auth"."mfa_amr_claims" ("session_id", "created_at", "updated_at", "authentication_method", "id") VALUES
	('6de50776-b610-4d18-8a39-38e4f6f6d565', '2025-11-04 23:15:48.819058+00', '2025-11-04 23:15:48.819058+00', 'password', '6b599c99-fe55-4c1d-a239-cb1df2950fc4'),
	('6000d653-d0b3-4511-86f4-887fb95ac993', '2025-11-04 23:50:55.443238+00', '2025-11-04 23:50:55.443238+00', 'password', '2728a690-8a6f-4760-8ff1-06c2b34ed0ca'),
	('1c0ee01e-2204-45d2-92fb-f42700ddc94a', '2025-11-05 00:12:17.570322+00', '2025-11-05 00:12:17.570322+00', 'password', 'a3ede32a-6b21-4008-9d94-04459f6b4986');


--
-- Data for Name: mfa_factors; Type: TABLE DATA; Schema: auth; Owner: supabase_auth_admin
--



--
-- Data for Name: mfa_challenges; Type: TABLE DATA; Schema: auth; Owner: supabase_auth_admin
--



--
-- Data for Name: oauth_authorizations; Type: TABLE DATA; Schema: auth; Owner: supabase_auth_admin
--



--
-- Data for Name: oauth_consents; Type: TABLE DATA; Schema: auth; Owner: supabase_auth_admin
--



--
-- Data for Name: one_time_tokens; Type: TABLE DATA; Schema: auth; Owner: supabase_auth_admin
--



--
-- Data for Name: refresh_tokens; Type: TABLE DATA; Schema: auth; Owner: supabase_auth_admin
--

INSERT INTO "auth"."refresh_tokens" ("instance_id", "id", "token", "user_id", "revoked", "created_at", "updated_at", "parent", "session_id") VALUES
	('00000000-0000-0000-0000-000000000000', 6, 'zkt6dr4etve2', '00000000-0000-0000-0000-000000000001', false, '2025-11-04 23:15:48.814714+00', '2025-11-04 23:15:48.814714+00', NULL, '6de50776-b610-4d18-8a39-38e4f6f6d565'),
	('00000000-0000-0000-0000-000000000000', 7, 'lzzldkdbgwy4', '00000000-0000-0000-0000-000000000001', false, '2025-11-04 23:50:55.437411+00', '2025-11-04 23:50:55.437411+00', NULL, '6000d653-d0b3-4511-86f4-887fb95ac993'),
	('00000000-0000-0000-0000-000000000000', 8, 'ifqk2oakwq4g', '00000000-0000-0000-0000-000000000001', false, '2025-11-05 00:12:17.565403+00', '2025-11-05 00:12:17.565403+00', NULL, '1c0ee01e-2204-45d2-92fb-f42700ddc94a');


--
-- Data for Name: sso_providers; Type: TABLE DATA; Schema: auth; Owner: supabase_auth_admin
--



--
-- Data for Name: saml_providers; Type: TABLE DATA; Schema: auth; Owner: supabase_auth_admin
--



--
-- Data for Name: saml_relay_states; Type: TABLE DATA; Schema: auth; Owner: supabase_auth_admin
--



--
-- Data for Name: sso_domains; Type: TABLE DATA; Schema: auth; Owner: supabase_auth_admin
--



--
-- Data for Name: profiles; Type: TABLE DATA; Schema: public; Owner: postgres
--

INSERT INTO "public"."profiles" ("id", "email", "full_name", "created_at", "updated_at", "is_admin", "is_internal", "subscription_tier", "subscription_features", "onboarded", "onboarded_at") VALUES
	('00000000-0000-0000-0000-000000000001', 'tbikaun+vantage_local@teampps.com.au', 'Tyler Bikaun (Test User)', '2025-10-31 05:31:32.471122+00', '2025-10-31 05:31:32.471122+00', true, false, 'consultant', '{"maxCompanies": 999}', true, '2025-10-31 05:31:32.471122+00'),
	('d34835f8-a043-42f9-a376-6aac23cb76ce', 'tbikaun+planner@teampps.com.au', NULL, '2025-10-31 05:32:42.597783+00', '2025-10-31 05:32:42.597783+00', false, false, 'interviewee', '{"maxCompanies": 1}', false, NULL),
	('d5f1252a-9d56-47f8-98cf-f6f34914bb6c', 'tbikaun+jd@teampps.com.au', NULL, '2025-10-31 08:11:45.221623+00', '2025-10-31 08:11:45.221623+00', false, false, 'interviewee', '{"maxCompanies": 1}', false, NULL);


--
-- Data for Name: companies; Type: TABLE DATA; Schema: public; Owner: postgres
--

INSERT INTO "public"."companies" ("id", "created_at", "updated_at", "name", "created_by", "code", "description", "icon_url", "is_deleted", "deleted_at", "is_demo", "branding") VALUES
	('b64d182f-0ee3-40a0-b367-281f31902620', '2025-10-31 02:38:13.143181+00', '2025-10-31 02:38:13.143181+00', 'Ore Inc', '00000000-0000-0000-0000-000000000001', 'ORE', 'Global gold mining company with operations across Australia and Africa', 'http://127.0.0.1:54321/storage/v1/object/public/company-icons/b64d182f-0ee3-40a0-b367-281f31902620/icon.png', false, NULL, false, NULL);


--
-- Data for Name: business_units; Type: TABLE DATA; Schema: public; Owner: postgres
--

INSERT INTO "public"."business_units" ("id", "created_at", "updated_at", "created_by", "name", "code", "description", "company_id", "is_deleted", "deleted_at") VALUES
	(1, '2025-10-31 02:51:54.960718+00', '2025-10-31 02:51:54.960718+00', '00000000-0000-0000-0000-000000000001', 'APAC Operations', 'ORE-APAC', 'Manages all Australian mining operations and exploration activities', 'b64d182f-0ee3-40a0-b367-281f31902620', false, NULL),
	(2, '2025-10-31 02:51:56.780398+00', '2025-10-31 02:51:56.780398+00', '00000000-0000-0000-0000-000000000001', 'Africa Operations', 'ORE-AFR', 'Oversees all African mining operations and development projects', 'b64d182f-0ee3-40a0-b367-281f31902620', false, NULL);


--
-- Data for Name: regions; Type: TABLE DATA; Schema: public; Owner: postgres
--

INSERT INTO "public"."regions" ("id", "created_at", "updated_at", "created_by", "business_unit_id", "name", "description", "code", "company_id", "is_deleted", "deleted_at") VALUES
	(1, '2025-10-31 02:52:21.547888+00', '2025-10-31 02:52:21.547888+00', '00000000-0000-0000-0000-000000000001', 1, 'Queensland', 'Northern Queensland operations including underground and open-pit mines', 'APAC-QLD', 'b64d182f-0ee3-40a0-b367-281f31902620', false, NULL),
	(2, '2025-10-31 02:52:22.930567+00', '2025-10-31 02:52:22.930567+00', '00000000-0000-0000-0000-000000000001', 1, 'Western Australia', 'Goldfields and Pilbara operations', 'APAC-WA', 'b64d182f-0ee3-40a0-b367-281f31902620', false, NULL),
	(4, '2025-10-31 02:52:25.537165+00', '2025-10-31 02:52:25.537165+00', '00000000-0000-0000-0000-000000000001', 2, 'West Africa', 'Operations in Ghana and Mali', 'AFR-WEST', 'b64d182f-0ee3-40a0-b367-281f31902620', false, NULL),
	(5, '2025-10-31 02:58:48.551792+00', '2025-10-31 02:58:48.551792+00', '00000000-0000-0000-0000-000000000001', 2, 'South Africa', 'Operations in South Africa and Tanzania', 'AFR-SOUTH', 'b64d182f-0ee3-40a0-b367-281f31902620', false, NULL);


--
-- Data for Name: sites; Type: TABLE DATA; Schema: public; Owner: postgres
--

INSERT INTO "public"."sites" ("id", "created_at", "updated_at", "created_by", "name", "description", "code", "region_id", "lat", "lng", "company_id", "is_deleted", "deleted_at") VALUES
	(1, '2025-10-31 02:53:11.565464+00', '2025-10-31 02:53:11.565464+00', '00000000-0000-0000-0000-000000000001', 'Kangaroo Creek Mine', 'Underground gold mine, 450m depth, 2.5Mtpa capacity', 'QLD-KCM', 1, -26.808435, 150.7, 'b64d182f-0ee3-40a0-b367-281f31902620', false, NULL),
	(2, '2025-10-31 02:53:15.857757+00', '2025-10-31 02:53:15.857757+00', '00000000-0000-0000-0000-000000000001', 'Red Desert Mine', 'Open-pit operation, heap leach processing, 5Mtpa', 'WA-RDM', 2, -24.848123, 121.152159, 'b64d182f-0ee3-40a0-b367-281f31902620', false, NULL),
	(5, '2025-10-31 02:53:50.557892+00', '2025-10-31 02:53:50.557892+00', '00000000-0000-0000-0000-000000000001', 'Golden Valley Mine', '', '', 2, -19.935269, 125.893395, 'b64d182f-0ee3-40a0-b367-281f31902620', false, NULL),
	(4, '2025-10-31 03:30:59.044752+00', '2025-10-31 03:30:59.044752+00', '00000000-0000-0000-0000-000000000001', 'Sahara Mine', '', '', 4, 17.600503, -0.312393, 'b64d182f-0ee3-40a0-b367-281f31902620', false, NULL),
	(3, '2025-10-31 02:53:17.811837+00', '2025-10-31 02:53:17.811837+00', '00000000-0000-0000-0000-000000000001', 'Volta Gold Mine', 'Open-pit and underground combination, 3Mtpa', 'GH-VGM', 4, 10.008749, 7.285286, 'b64d182f-0ee3-40a0-b367-281f31902620', false, NULL),
	(6, '2025-10-31 02:59:54.251234+00', '2025-10-31 02:59:54.251234+00', '00000000-0000-0000-0000-000000000001', 'Kilimanjaro Mine', 'Deep underground operation, 800m depth, 1.5Mtpa', 'TZ-KJM', 5, -2.90601, 30.655199, 'b64d182f-0ee3-40a0-b367-281f31902620', false, NULL),
	(7, '2025-10-31 03:31:13.250913+00', '2025-10-31 03:31:13.250913+00', '00000000-0000-0000-0000-000000000001', 'Bushveld Mine', '', '', 5, -25.088708, 27.412401, 'b64d182f-0ee3-40a0-b367-281f31902620', false, NULL);


--
-- Data for Name: asset_groups; Type: TABLE DATA; Schema: public; Owner: postgres
--

INSERT INTO "public"."asset_groups" ("id", "created_at", "updated_at", "created_by", "site_id", "name", "description", "code", "asset_type", "company_id", "is_deleted", "deleted_at") VALUES
	(1, '2025-10-31 02:53:27.119775+00', '2025-10-31 02:53:27.119775+00', '00000000-0000-0000-0000-000000000001', 1, 'Heavy Mobile Equipment', 'Fleet management for loaders, haul trucks, and dozers', 'KCM-HME', NULL, 'b64d182f-0ee3-40a0-b367-281f31902620', false, NULL),
	(2, '2025-10-31 02:53:35.498229+00', '2025-10-31 02:53:35.498229+00', '00000000-0000-0000-0000-000000000001', 1, 'Fixed Plant & Processing', 'Crushing, milling, and gold recovery circuits', 'KCM-FPP', NULL, 'b64d182f-0ee3-40a0-b367-281f31902620', false, NULL),
	(3, '2025-10-31 02:53:32.40795+00', '2025-10-31 02:53:32.40795+00', '00000000-0000-0000-0000-000000000001', 2, 'Mining Fleet', '', '', NULL, 'b64d182f-0ee3-40a0-b367-281f31902620', false, NULL),
	(4, '2025-10-31 02:53:33.62375+00', '2025-10-31 02:53:33.62375+00', '00000000-0000-0000-0000-000000000001', 2, 'Drill & Blast', '', '', NULL, 'b64d182f-0ee3-40a0-b367-281f31902620', false, NULL),
	(5, '2025-10-31 02:53:36.030661+00', '2025-10-31 02:53:36.030661+00', '00000000-0000-0000-0000-000000000001', 3, 'Open Pit Operations', '', '', NULL, 'b64d182f-0ee3-40a0-b367-281f31902620', false, NULL),
	(6, '2025-10-31 02:53:37.10368+00', '2025-10-31 02:53:37.10368+00', '00000000-0000-0000-0000-000000000001', 3, 'CIL Processing Plant', '', '', NULL, 'b64d182f-0ee3-40a0-b367-281f31902620', false, NULL),
	(7, '2025-10-31 03:29:17.541807+00', '2025-10-31 03:29:17.541807+00', '00000000-0000-0000-0000-000000000001', 2, 'Heap Leach Facility', '', '', NULL, 'b64d182f-0ee3-40a0-b367-281f31902620', false, NULL),
	(8, '2025-10-31 03:29:43.674635+00', '2025-10-31 03:29:43.674635+00', '00000000-0000-0000-0000-000000000001', 5, 'Surface Operations', '', '', NULL, 'b64d182f-0ee3-40a0-b367-281f31902620', false, NULL),
	(9, '2025-10-31 03:00:52.115731+00', '2025-10-31 03:00:52.115731+00', '00000000-0000-0000-0000-000000000001', 1, 'Underground Development', 'Decline development, stoping, and ground support', 'KCM-UGD', NULL, 'b64d182f-0ee3-40a0-b367-281f31902620', false, NULL),
	(10, '2025-10-31 03:00:46.428357+00', '2025-10-31 03:00:46.428357+00', '00000000-0000-0000-0000-000000000001', 1, 'Mine Services & Infrastructure', 'Ventilation, dewatering, power, and communications', 'KCM-MSI', NULL, 'b64d182f-0ee3-40a0-b367-281f31902620', false, NULL),
	(11, '2025-10-31 03:30:00.550749+00', '2025-10-31 03:30:00.550749+00', '00000000-0000-0000-0000-000000000001', 5, 'Underground Operations', '', '', NULL, 'b64d182f-0ee3-40a0-b367-281f31902620', false, NULL);


--
-- Data for Name: questionnaires; Type: TABLE DATA; Schema: public; Owner: postgres
--

INSERT INTO "public"."questionnaires" ("id", "created_at", "updated_at", "name", "description", "created_by", "guidelines", "is_demo", "is_deleted", "deleted_at", "status", "company_id") VALUES
	(1, '2025-10-31 03:36:47.558792+00', '2025-10-31 03:36:47.558792+00', 'Weekly Planner Performance Check-In', 'A questionnaire to assess the weekly performance of planners and identify any concerns from the current week as well as the next week.', '00000000-0000-0000-0000-000000000001', '', false, false, NULL, 'active', 'b64d182f-0ee3-40a0-b367-281f31902620'),
	(2, '2025-10-31 07:56:16.120496+00', '2025-10-31 07:56:16.120496+00', 'Test: Question Elements Answer Types', 'This is a test questionnaire for working with question element answer types.', '00000000-0000-0000-0000-000000000001', '', false, false, NULL, 'active', 'b64d182f-0ee3-40a0-b367-281f31902620'),
	(3, '2025-11-03 23:53:06.029296+00', '2025-11-03 23:53:06.029296+00', 'ISO 55000 Asset Management Readiness', 'A comprehensive questionnaire to assess organisational readiness for ISO 55001 certification and identify gaps in asset management practices across key areas of the standard.', '00000000-0000-0000-0000-000000000001', '', false, false, NULL, 'active', 'b64d182f-0ee3-40a0-b367-281f31902620');


--
-- Data for Name: programs; Type: TABLE DATA; Schema: public; Owner: postgres
--

INSERT INTO "public"."programs" ("id", "created_at", "updated_at", "created_by", "name", "description", "company_id", "is_deleted", "deleted_at", "current_sequence_number", "is_demo", "onsite_questionnaire_id", "status", "presite_questionnaire_id") VALUES
	(1, '2025-10-31 04:51:20.473312+00', '2025-10-31 04:52:56.851+00', '00000000-0000-0000-0000-000000000001', 'Planner Weekly Check-In', '', 'b64d182f-0ee3-40a0-b367-281f31902620', false, NULL, 1, false, 1, 'draft', NULL),
	(2, '2025-11-03 23:51:39.721316+00', '2025-11-04 00:46:39.079+00', '00000000-0000-0000-0000-000000000001', 'ISO 55000 Readiness', 'A program for helping identify gaps, prioritise improvement areas, and track progress toward ISO 55001 certification readiness.', 'b64d182f-0ee3-40a0-b367-281f31902620', false, NULL, 1, false, NULL, 'active', NULL);


--
-- Data for Name: program_phases; Type: TABLE DATA; Schema: public; Owner: postgres
--

INSERT INTO "public"."program_phases" ("id", "created_at", "program_id", "sequence_number", "planned_start_date", "actual_start_date", "created_by", "notes", "status", "company_id", "locked_for_analysis_at", "updated_at", "name", "planned_end_date", "actual_end_date", "is_deleted", "deleted_at") VALUES
	(1, '2025-10-31 04:51:20.496185+00', 1, 1, NULL, NULL, '00000000-0000-0000-0000-000000000001', NULL, 'in_progress', 'b64d182f-0ee3-40a0-b367-281f31902620', NULL, '2025-10-31 04:51:20.496185+00', 'Program Assessment - Phase 1', NULL, NULL, false, NULL),
	(3, '2025-11-04 00:43:22.758622+00', 2, 2, '2026-03-30 15:59:59.999+00', NULL, '00000000-0000-0000-0000-000000000001', 'Full reassessment to validate strategy', 'scheduled', 'b64d182f-0ee3-40a0-b367-281f31902620', NULL, '2025-11-04 00:58:01.096+00', 'Mid-point Review', '2026-04-13 15:59:59.999+00', NULL, false, NULL),
	(2, '2025-11-03 23:51:39.742448+00', 2, 1, '2025-12-29 15:59:59.999+00', NULL, '00000000-0000-0000-0000-000000000001', 'Complete questionnaire to establish current state', 'scheduled', 'b64d182f-0ee3-40a0-b367-281f31902620', NULL, '2025-11-04 00:58:07.539+00', 'Initial Baseline', '2026-01-12 15:59:59.999+00', NULL, false, NULL),
	(4, '2025-11-04 00:57:27.449163+00', 2, 3, '2026-10-12 15:59:59.999+00', NULL, '00000000-0000-0000-0000-000000000001', 'Final complete assessment', 'scheduled', 'b64d182f-0ee3-40a0-b367-281f31902620', NULL, '2025-11-04 00:58:11.847+00', 'Pre-Audit Readiness', '2026-10-26 15:59:59.999+00', NULL, false, NULL);


--
-- Data for Name: assessments; Type: TABLE DATA; Schema: public; Owner: postgres
--

INSERT INTO "public"."assessments" ("id", "created_at", "updated_at", "questionnaire_id", "name", "description", "status", "scheduled_at", "started_at", "created_by", "business_unit_id", "region_id", "site_id", "asset_group_id", "is_deleted", "deleted_at", "type", "completed_at", "company_id", "interview_overview", "program_phase_id") VALUES
	(1, '2025-10-31 05:32:42.429842+00', '2025-10-31 05:32:42.429842+00', 1, 'onsite Assessment - Phase 1', NULL, 'draft', NULL, NULL, '00000000-0000-0000-0000-000000000001', NULL, NULL, NULL, NULL, false, NULL, 'onsite', NULL, 'b64d182f-0ee3-40a0-b367-281f31902620', NULL, 1),
	(2, '2025-10-31 08:11:22.844288+00', '2025-10-31 08:11:22.844288+00', 2, 'Test: Question Elements Answer Types', NULL, 'draft', NULL, NULL, '00000000-0000-0000-0000-000000000001', NULL, NULL, NULL, NULL, false, NULL, 'onsite', NULL, 'b64d182f-0ee3-40a0-b367-281f31902620', NULL, NULL),
	(3, '2025-11-03 00:33:58.301456+00', '2025-11-03 00:33:58.301456+00', 1, 'Test: Weekly Planner Check-In', NULL, 'draft', NULL, NULL, '00000000-0000-0000-0000-000000000001', NULL, NULL, NULL, NULL, false, NULL, 'onsite', NULL, 'b64d182f-0ee3-40a0-b367-281f31902620', NULL, NULL);


--
-- Data for Name: assessment_objectives; Type: TABLE DATA; Schema: public; Owner: postgres
--

INSERT INTO "public"."assessment_objectives" ("id", "created_at", "updated_at", "created_by", "assessment_id", "title", "description", "is_deleted", "deleted_at", "company_id") VALUES
	(1, '2025-10-31 08:11:22.864787+00', '2025-10-31 08:11:22.864787+00', '00000000-0000-0000-0000-000000000001', 2, 'Functional Test', 'Test', false, NULL, 'b64d182f-0ee3-40a0-b367-281f31902620'),
	(2, '2025-11-03 00:33:58.361093+00', '2025-11-03 00:33:58.361093+00', '00000000-0000-0000-0000-000000000001', 3, 'Workflow Efficiency Review', 'Analyze current workflows to identify opportunities for improvement', false, NULL, 'b64d182f-0ee3-40a0-b367-281f31902620');


--
-- Data for Name: contacts; Type: TABLE DATA; Schema: public; Owner: postgres
--

INSERT INTO "public"."contacts" ("id", "created_at", "updated_at", "full_name", "email", "phone", "title", "created_by", "is_deleted", "deleted_at", "company_id") VALUES
	(1, '2025-10-31 03:31:59.079731+00', '2025-10-31 03:31:59.079731+00', 'John Doe', 'tbikaun+jd@teampps.com.au', '', '', '00000000-0000-0000-0000-000000000001', false, NULL, 'b64d182f-0ee3-40a0-b367-281f31902620'),
	(2, '2025-10-31 05:21:33.861052+00', '2025-10-31 05:21:33.861052+00', 'Simon Says', 'tbikaun+planner@teampps.com.au', '', '', '00000000-0000-0000-0000-000000000001', false, NULL, 'b64d182f-0ee3-40a0-b367-281f31902620'),
	(3, '2025-11-04 23:51:15.613443+00', '2025-11-04 23:51:15.613443+00', 'John Manager', 'tbikaun+maintenancesuper@teampps.com.au', '', '', '00000000-0000-0000-0000-000000000001', false, NULL, 'b64d182f-0ee3-40a0-b367-281f31902620');


--
-- Data for Name: asset_group_contacts; Type: TABLE DATA; Schema: public; Owner: postgres
--



--
-- Data for Name: audit_logs; Type: TABLE DATA; Schema: public; Owner: postgres
--

INSERT INTO "public"."audit_logs" ("id", "company_id", "user_id", "user_email", "user_name", "action", "table_name", "record_id", "operation_type", "operation_group_id", "parent_audit_id", "is_soft_delete", "old_values", "new_values", "changed_fields", "metadata", "created_at") VALUES
	(1, 'b64d182f-0ee3-40a0-b367-281f31902620', '00000000-0000-0000-0000-000000000001', 'tbikaun+vantage_local@teampps.com.au', 'Tyler Bikaun (Test User)', 'INSERT', 'programs', '2', 'user_action', NULL, NULL, false, NULL, '{"id": 2, "name": "ISO 55000 Readiness", "status": "draft", "is_demo": false, "company_id": "b64d182f-0ee3-40a0-b367-281f31902620", "created_at": "2025-11-03T23:51:39.721316+00:00", "created_by": "00000000-0000-0000-0000-000000000001", "deleted_at": null, "is_deleted": false, "updated_at": "2025-11-03T23:51:39.721316+00:00", "description": "", "current_sequence_number": 1, "onsite_questionnaire_id": null, "presite_questionnaire_id": null}', '{}', '{"ip": "172.19.0.1", "user_agent": "node", "soft_delete_at": null}', '2025-11-03 23:51:39.721316+00'),
	(2, 'b64d182f-0ee3-40a0-b367-281f31902620', '00000000-0000-0000-0000-000000000001', 'tbikaun+vantage_local@teampps.com.au', 'Tyler Bikaun (Test User)', 'INSERT', 'program_phases', '2', 'user_action', NULL, NULL, false, NULL, '{"id": 2, "name": "Program Assessment - Phase 1", "notes": null, "status": "in_progress", "company_id": "b64d182f-0ee3-40a0-b367-281f31902620", "created_at": "2025-11-03T23:51:39.742448+00:00", "created_by": "00000000-0000-0000-0000-000000000001", "deleted_at": null, "is_deleted": false, "program_id": 2, "updated_at": "2025-11-03T23:51:39.742448+00:00", "actual_end_date": null, "sequence_number": 1, "planned_end_date": null, "actual_start_date": null, "planned_start_date": null, "locked_for_analysis_at": null}', '{}', '{"ip": "172.19.0.1", "user_agent": "node", "soft_delete_at": null}', '2025-11-03 23:51:39.742448+00'),
	(3, 'b64d182f-0ee3-40a0-b367-281f31902620', '00000000-0000-0000-0000-000000000001', 'tbikaun+vantage_local@teampps.com.au', 'Tyler Bikaun (Test User)', 'UPDATE', 'programs', '2', 'user_action', NULL, NULL, false, '{"id": 2, "name": "ISO 55000 Readiness", "status": "draft", "is_demo": false, "company_id": "b64d182f-0ee3-40a0-b367-281f31902620", "created_at": "2025-11-03T23:51:39.721316+00:00", "created_by": "00000000-0000-0000-0000-000000000001", "deleted_at": null, "is_deleted": false, "updated_at": "2025-11-03T23:51:39.721316+00:00", "description": "", "current_sequence_number": 1, "onsite_questionnaire_id": null, "presite_questionnaire_id": null}', '{"id": 2, "name": "ISO 55000 Readiness", "status": "active", "is_demo": false, "company_id": "b64d182f-0ee3-40a0-b367-281f31902620", "created_at": "2025-11-03T23:51:39.721316+00:00", "created_by": "00000000-0000-0000-0000-000000000001", "deleted_at": null, "is_deleted": false, "updated_at": "2025-11-03T23:51:45.588+00:00", "description": "", "current_sequence_number": 1, "onsite_questionnaire_id": null, "presite_questionnaire_id": null}', '{status}', '{"ip": "172.19.0.1", "user_agent": "node", "soft_delete_at": null}', '2025-11-03 23:51:45.592513+00'),
	(4, 'b64d182f-0ee3-40a0-b367-281f31902620', '00000000-0000-0000-0000-000000000001', 'tbikaun+vantage_local@teampps.com.au', 'Tyler Bikaun (Test User)', 'INSERT', 'questionnaires', '3', 'user_action', NULL, NULL, false, NULL, '{"id": 3, "name": "ISO 55000 Readiness", "status": "draft", "is_demo": false, "company_id": "b64d182f-0ee3-40a0-b367-281f31902620", "created_at": "2025-11-03T23:53:06.029296+00:00", "created_by": "00000000-0000-0000-0000-000000000001", "deleted_at": null, "guidelines": "", "is_deleted": false, "updated_at": "2025-11-03T23:53:06.029296+00:00", "description": "A questionnaire to assess organisational readiness to embark on a ISO 55000 accreditation."}', '{}', '{"ip": "172.19.0.1", "user_agent": "node", "soft_delete_at": null}', '2025-11-03 23:53:06.029296+00'),
	(5, 'b64d182f-0ee3-40a0-b367-281f31902620', '00000000-0000-0000-0000-000000000001', 'tbikaun+vantage_local@teampps.com.au', 'Tyler Bikaun (Test User)', 'UPDATE', 'questionnaires', '3', 'user_action', NULL, NULL, false, '{"id": 3, "name": "ISO 55000 Readiness", "status": "draft", "is_demo": false, "company_id": "b64d182f-0ee3-40a0-b367-281f31902620", "created_at": "2025-11-03T23:53:06.029296+00:00", "created_by": "00000000-0000-0000-0000-000000000001", "deleted_at": null, "guidelines": "", "is_deleted": false, "updated_at": "2025-11-03T23:53:06.029296+00:00", "description": "A questionnaire to assess organisational readiness to embark on a ISO 55000 accreditation."}', '{"id": 3, "name": "ISO 55000 Asset Management Readiness", "status": "draft", "is_demo": false, "company_id": "b64d182f-0ee3-40a0-b367-281f31902620", "created_at": "2025-11-03T23:53:06.029296+00:00", "created_by": "00000000-0000-0000-0000-000000000001", "deleted_at": null, "guidelines": "", "is_deleted": false, "updated_at": "2025-11-03T23:53:06.029296+00:00", "description": "A questionnaire to assess organisational readiness to embark on a ISO 55000 accreditation."}', '{name}', '{"ip": "172.19.0.1", "user_agent": "node", "soft_delete_at": null}', '2025-11-04 00:10:56.899721+00'),
	(6, 'b64d182f-0ee3-40a0-b367-281f31902620', '00000000-0000-0000-0000-000000000001', 'tbikaun+vantage_local@teampps.com.au', 'Tyler Bikaun (Test User)', 'UPDATE', 'questionnaires', '3', 'user_action', NULL, NULL, false, '{"id": 3, "name": "ISO 55000 Asset Management Readiness", "status": "draft", "is_demo": false, "company_id": "b64d182f-0ee3-40a0-b367-281f31902620", "created_at": "2025-11-03T23:53:06.029296+00:00", "created_by": "00000000-0000-0000-0000-000000000001", "deleted_at": null, "guidelines": "", "is_deleted": false, "updated_at": "2025-11-03T23:53:06.029296+00:00", "description": "A questionnaire to assess organisational readiness to embark on a ISO 55000 accreditation."}', '{"id": 3, "name": "ISO 55000 Asset Management Readiness", "status": "draft", "is_demo": false, "company_id": "b64d182f-0ee3-40a0-b367-281f31902620", "created_at": "2025-11-03T23:53:06.029296+00:00", "created_by": "00000000-0000-0000-0000-000000000001", "deleted_at": null, "guidelines": "", "is_deleted": false, "updated_at": "2025-11-03T23:53:06.029296+00:00", "description": "A comprehensive questionnaire to assess organisational readiness for ISO 55001 certification and identify gaps in asset management practices across key areas of the standard."}', '{description}', '{"ip": "172.19.0.1", "user_agent": "node", "soft_delete_at": null}', '2025-11-04 00:11:10.402142+00'),
	(7, 'b64d182f-0ee3-40a0-b367-281f31902620', '00000000-0000-0000-0000-000000000001', 'tbikaun+vantage_local@teampps.com.au', 'Tyler Bikaun (Test User)', 'INSERT', 'questionnaire_rating_scales', '8', 'user_action', NULL, NULL, false, NULL, '{"id": 8, "name": "Non-existent", "value": 1, "company_id": "b64d182f-0ee3-40a0-b367-281f31902620", "created_at": "2025-11-04T00:11:32.598007+00:00", "created_by": "00000000-0000-0000-0000-000000000001", "deleted_at": null, "is_deleted": false, "updated_at": "2025-11-04T00:11:32.598007+00:00", "description": "No formal processes or systems in place. Ad-hoc reactive approach with no strategic direction.", "order_index": 1, "questionnaire_id": 3}', '{}', '{"ip": "172.19.0.1", "user_agent": "node", "soft_delete_at": null}', '2025-11-04 00:11:32.598007+00'),
	(8, 'b64d182f-0ee3-40a0-b367-281f31902620', '00000000-0000-0000-0000-000000000001', 'tbikaun+vantage_local@teampps.com.au', 'Tyler Bikaun (Test User)', 'INSERT', 'questionnaire_rating_scales', '9', 'user_action', NULL, NULL, false, NULL, '{"id": 9, "name": "Initial", "value": 2, "company_id": "b64d182f-0ee3-40a0-b367-281f31902620", "created_at": "2025-11-04T00:11:44.748373+00:00", "created_by": "00000000-0000-0000-0000-000000000001", "deleted_at": null, "is_deleted": false, "updated_at": "2025-11-04T00:11:44.748373+00:00", "description": "Basic awareness and initial efforts underway. Informal processes with limited documentation or consistency.", "order_index": 2, "questionnaire_id": 3}', '{}', '{"ip": "172.19.0.1", "user_agent": "node", "soft_delete_at": null}', '2025-11-04 00:11:44.748373+00'),
	(9, 'b64d182f-0ee3-40a0-b367-281f31902620', '00000000-0000-0000-0000-000000000001', 'tbikaun+vantage_local@teampps.com.au', 'Tyler Bikaun (Test User)', 'INSERT', 'questionnaire_rating_scales', '10', 'user_action', NULL, NULL, false, NULL, '{"id": 10, "name": "Developing", "value": 3, "company_id": "b64d182f-0ee3-40a0-b367-281f31902620", "created_at": "2025-11-04T00:11:56.225057+00:00", "created_by": "00000000-0000-0000-0000-000000000001", "deleted_at": null, "is_deleted": false, "updated_at": "2025-11-04T00:11:56.225057+00:00", "description": "Formal processes being established. Partial implementation with growing maturity and documentation.", "order_index": 3, "questionnaire_id": 3}', '{}', '{"ip": "172.19.0.1", "user_agent": "node", "soft_delete_at": null}', '2025-11-04 00:11:56.225057+00'),
	(10, 'b64d182f-0ee3-40a0-b367-281f31902620', '00000000-0000-0000-0000-000000000001', 'tbikaun+vantage_local@teampps.com.au', 'Tyler Bikaun (Test User)', 'INSERT', 'questionnaire_rating_scales', '11', 'user_action', NULL, NULL, false, NULL, '{"id": 11, "name": "Established", "value": 4, "company_id": "b64d182f-0ee3-40a0-b367-281f31902620", "created_at": "2025-11-04T00:12:06.223564+00:00", "created_by": "00000000-0000-0000-0000-000000000001", "deleted_at": null, "is_deleted": false, "updated_at": "2025-11-04T00:12:06.223564+00:00", "description": "Comprehensive processes fully implemented. Consistent application with regular review and improvement.", "order_index": 4, "questionnaire_id": 3}', '{}', '{"ip": "172.19.0.1", "user_agent": "node", "soft_delete_at": null}', '2025-11-04 00:12:06.223564+00'),
	(11, 'b64d182f-0ee3-40a0-b367-281f31902620', '00000000-0000-0000-0000-000000000001', 'tbikaun+vantage_local@teampps.com.au', 'Tyler Bikaun (Test User)', 'INSERT', 'questionnaire_rating_scales', '12', 'user_action', NULL, NULL, false, NULL, '{"id": 12, "name": "Optimised", "value": 5, "company_id": "b64d182f-0ee3-40a0-b367-281f31902620", "created_at": "2025-11-04T00:12:18.912605+00:00", "created_by": "00000000-0000-0000-0000-000000000001", "deleted_at": null, "is_deleted": false, "updated_at": "2025-11-04T00:12:18.912605+00:00", "description": "Industry-leading practices with continuous optimization. Data-driven decision making and predictive capabilities.", "order_index": 5, "questionnaire_id": 3}', '{}', '{"ip": "172.19.0.1", "user_agent": "node", "soft_delete_at": null}', '2025-11-04 00:12:18.912605+00'),
	(12, 'b64d182f-0ee3-40a0-b367-281f31902620', '00000000-0000-0000-0000-000000000001', 'tbikaun+vantage_local@teampps.com.au', 'Tyler Bikaun (Test User)', 'INSERT', 'questionnaire_sections', '7', 'user_action', NULL, NULL, false, NULL, '{"id": 7, "title": "Leadership & Governance", "expanded": true, "company_id": "b64d182f-0ee3-40a0-b367-281f31902620", "created_at": "2025-11-04T00:16:21.084422+00:00", "created_by": "00000000-0000-0000-0000-000000000001", "deleted_at": null, "is_deleted": false, "updated_at": "2025-11-04T00:16:21.084422+00:00", "order_index": 1, "questionnaire_id": 3}', '{}', '{"ip": "172.19.0.1", "user_agent": "node", "soft_delete_at": null}', '2025-11-04 00:16:21.084422+00'),
	(13, 'b64d182f-0ee3-40a0-b367-281f31902620', '00000000-0000-0000-0000-000000000001', 'tbikaun+vantage_local@teampps.com.au', 'Tyler Bikaun (Test User)', 'INSERT', 'questionnaire_steps', '12', 'user_action', NULL, NULL, false, NULL, '{"id": 12, "title": "Asset Management Policy & Strategy", "expanded": true, "company_id": "b64d182f-0ee3-40a0-b367-281f31902620", "created_at": "2025-11-04T00:16:28.44497+00:00", "created_by": "00000000-0000-0000-0000-000000000001", "deleted_at": null, "is_deleted": false, "updated_at": "2025-11-04T00:16:28.44497+00:00", "order_index": 1, "questionnaire_id": 3, "questionnaire_section_id": 7}', '{}', '{"ip": "172.19.0.1", "user_agent": "node", "soft_delete_at": null}', '2025-11-04 00:16:28.44497+00'),
	(14, 'b64d182f-0ee3-40a0-b367-281f31902620', '00000000-0000-0000-0000-000000000001', 'tbikaun+vantage_local@teampps.com.au', 'Tyler Bikaun (Test User)', 'INSERT', 'questionnaire_questions', '13', 'user_action', NULL, NULL, false, NULL, '{"id": 13, "title": "How well established is your asset management policy?", "context": "Placeholder context", "company_id": "b64d182f-0ee3-40a0-b367-281f31902620", "created_at": "2025-11-04T00:16:35.833515+00:00", "created_by": "00000000-0000-0000-0000-000000000001", "deleted_at": null, "is_deleted": false, "updated_at": "2025-11-04T00:16:35.833515+00:00", "order_index": 1, "question_text": "", "questionnaire_id": 3, "rating_scale_mapping": null, "questionnaire_step_id": 12}', '{}', '{"ip": "172.19.0.1", "user_agent": "node", "soft_delete_at": null}', '2025-11-04 00:16:35.833515+00'),
	(15, 'b64d182f-0ee3-40a0-b367-281f31902620', '00000000-0000-0000-0000-000000000001', 'tbikaun+vantage_local@teampps.com.au', 'Tyler Bikaun (Test User)', 'INSERT', 'questionnaire_question_rating_scales', '58', 'user_action', NULL, NULL, false, NULL, '{"id": 58, "company_id": "b64d182f-0ee3-40a0-b367-281f31902620", "created_at": "2025-11-04T00:16:35.865283+00:00", "created_by": "00000000-0000-0000-0000-000000000001", "deleted_at": null, "is_deleted": false, "updated_at": "2025-11-04T00:16:35.865283+00:00", "description": "No formal processes or systems in place. Ad-hoc reactive approach with no strategic direction.", "questionnaire_id": 3, "questionnaire_question_id": 13, "questionnaire_rating_scale_id": 8}', '{}', '{"ip": "172.19.0.1", "user_agent": "node", "soft_delete_at": null}', '2025-11-04 00:16:35.865283+00'),
	(16, 'b64d182f-0ee3-40a0-b367-281f31902620', '00000000-0000-0000-0000-000000000001', 'tbikaun+vantage_local@teampps.com.au', 'Tyler Bikaun (Test User)', 'INSERT', 'questionnaire_question_rating_scales', '59', 'user_action', NULL, NULL, false, NULL, '{"id": 59, "company_id": "b64d182f-0ee3-40a0-b367-281f31902620", "created_at": "2025-11-04T00:16:35.865283+00:00", "created_by": "00000000-0000-0000-0000-000000000001", "deleted_at": null, "is_deleted": false, "updated_at": "2025-11-04T00:16:35.865283+00:00", "description": "Basic awareness and initial efforts underway. Informal processes with limited documentation or consistency.", "questionnaire_id": 3, "questionnaire_question_id": 13, "questionnaire_rating_scale_id": 9}', '{}', '{"ip": "172.19.0.1", "user_agent": "node", "soft_delete_at": null}', '2025-11-04 00:16:35.865283+00'),
	(17, 'b64d182f-0ee3-40a0-b367-281f31902620', '00000000-0000-0000-0000-000000000001', 'tbikaun+vantage_local@teampps.com.au', 'Tyler Bikaun (Test User)', 'INSERT', 'questionnaire_question_rating_scales', '60', 'user_action', NULL, NULL, false, NULL, '{"id": 60, "company_id": "b64d182f-0ee3-40a0-b367-281f31902620", "created_at": "2025-11-04T00:16:35.865283+00:00", "created_by": "00000000-0000-0000-0000-000000000001", "deleted_at": null, "is_deleted": false, "updated_at": "2025-11-04T00:16:35.865283+00:00", "description": "Formal processes being established. Partial implementation with growing maturity and documentation.", "questionnaire_id": 3, "questionnaire_question_id": 13, "questionnaire_rating_scale_id": 10}', '{}', '{"ip": "172.19.0.1", "user_agent": "node", "soft_delete_at": null}', '2025-11-04 00:16:35.865283+00'),
	(18, 'b64d182f-0ee3-40a0-b367-281f31902620', '00000000-0000-0000-0000-000000000001', 'tbikaun+vantage_local@teampps.com.au', 'Tyler Bikaun (Test User)', 'INSERT', 'questionnaire_question_rating_scales', '61', 'user_action', NULL, NULL, false, NULL, '{"id": 61, "company_id": "b64d182f-0ee3-40a0-b367-281f31902620", "created_at": "2025-11-04T00:16:35.865283+00:00", "created_by": "00000000-0000-0000-0000-000000000001", "deleted_at": null, "is_deleted": false, "updated_at": "2025-11-04T00:16:35.865283+00:00", "description": "Comprehensive processes fully implemented. Consistent application with regular review and improvement.", "questionnaire_id": 3, "questionnaire_question_id": 13, "questionnaire_rating_scale_id": 11}', '{}', '{"ip": "172.19.0.1", "user_agent": "node", "soft_delete_at": null}', '2025-11-04 00:16:35.865283+00'),
	(19, 'b64d182f-0ee3-40a0-b367-281f31902620', '00000000-0000-0000-0000-000000000001', 'tbikaun+vantage_local@teampps.com.au', 'Tyler Bikaun (Test User)', 'INSERT', 'questionnaire_question_rating_scales', '62', 'user_action', NULL, NULL, false, NULL, '{"id": 62, "company_id": "b64d182f-0ee3-40a0-b367-281f31902620", "created_at": "2025-11-04T00:16:35.865283+00:00", "created_by": "00000000-0000-0000-0000-000000000001", "deleted_at": null, "is_deleted": false, "updated_at": "2025-11-04T00:16:35.865283+00:00", "description": "Industry-leading practices with continuous optimization. Data-driven decision making and predictive capabilities.", "questionnaire_id": 3, "questionnaire_question_id": 13, "questionnaire_rating_scale_id": 12}', '{}', '{"ip": "172.19.0.1", "user_agent": "node", "soft_delete_at": null}', '2025-11-04 00:16:35.865283+00'),
	(21, 'b64d182f-0ee3-40a0-b367-281f31902620', '00000000-0000-0000-0000-000000000001', 'tbikaun+vantage_local@teampps.com.au', 'Tyler Bikaun (Test User)', 'UPDATE', 'questionnaire_question_rating_scales', '59', 'user_action', NULL, NULL, false, '{"id": 59, "company_id": "b64d182f-0ee3-40a0-b367-281f31902620", "created_at": "2025-11-04T00:16:35.865283+00:00", "created_by": "00000000-0000-0000-0000-000000000001", "deleted_at": null, "is_deleted": false, "updated_at": "2025-11-04T00:16:35.865283+00:00", "description": "Basic awareness and initial efforts underway. Informal processes with limited documentation or consistency.", "questionnaire_id": 3, "questionnaire_question_id": 13, "questionnaire_rating_scale_id": 9}', '{"id": 59, "company_id": "b64d182f-0ee3-40a0-b367-281f31902620", "created_at": "2025-11-04T00:16:35.865283+00:00", "created_by": "00000000-0000-0000-0000-000000000001", "deleted_at": null, "is_deleted": false, "updated_at": "2025-11-04T00:16:56.727+00:00", "description": "Basic policy exists but not formally documented or consistently applied.", "questionnaire_id": 3, "questionnaire_question_id": 13, "questionnaire_rating_scale_id": 9}', '{description}', '{"ip": "172.19.0.1", "user_agent": "node", "soft_delete_at": null}', '2025-11-04 00:16:56.732966+00'),
	(23, 'b64d182f-0ee3-40a0-b367-281f31902620', '00000000-0000-0000-0000-000000000001', 'tbikaun+vantage_local@teampps.com.au', 'Tyler Bikaun (Test User)', 'UPDATE', 'questionnaire_question_rating_scales', '61', 'user_action', NULL, NULL, false, '{"id": 61, "company_id": "b64d182f-0ee3-40a0-b367-281f31902620", "created_at": "2025-11-04T00:16:35.865283+00:00", "created_by": "00000000-0000-0000-0000-000000000001", "deleted_at": null, "is_deleted": false, "updated_at": "2025-11-04T00:16:35.865283+00:00", "description": "Comprehensive processes fully implemented. Consistent application with regular review and improvement.", "questionnaire_id": 3, "questionnaire_question_id": 13, "questionnaire_rating_scale_id": 11}', '{"id": 61, "company_id": "b64d182f-0ee3-40a0-b367-281f31902620", "created_at": "2025-11-04T00:16:35.865283+00:00", "created_by": "00000000-0000-0000-0000-000000000001", "deleted_at": null, "is_deleted": false, "updated_at": "2025-11-04T00:17:10.041+00:00", "description": "Well-documented policy fully aligned with organizational objectives. Regularly reviewed and communicated.", "questionnaire_id": 3, "questionnaire_question_id": 13, "questionnaire_rating_scale_id": 11}', '{description}', '{"ip": "172.19.0.1", "user_agent": "node", "soft_delete_at": null}', '2025-11-04 00:17:10.046823+00'),
	(24, 'b64d182f-0ee3-40a0-b367-281f31902620', '00000000-0000-0000-0000-000000000001', 'tbikaun+vantage_local@teampps.com.au', 'Tyler Bikaun (Test User)', 'UPDATE', 'questionnaire_question_rating_scales', '62', 'user_action', NULL, NULL, false, '{"id": 62, "company_id": "b64d182f-0ee3-40a0-b367-281f31902620", "created_at": "2025-11-04T00:16:35.865283+00:00", "created_by": "00000000-0000-0000-0000-000000000001", "deleted_at": null, "is_deleted": false, "updated_at": "2025-11-04T00:16:35.865283+00:00", "description": "Industry-leading practices with continuous optimization. Data-driven decision making and predictive capabilities.", "questionnaire_id": 3, "questionnaire_question_id": 13, "questionnaire_rating_scale_id": 12}', '{"id": 62, "company_id": "b64d182f-0ee3-40a0-b367-281f31902620", "created_at": "2025-11-04T00:16:35.865283+00:00", "created_by": "00000000-0000-0000-0000-000000000001", "deleted_at": null, "is_deleted": false, "updated_at": "2025-11-04T00:17:13.808+00:00", "description": "Comprehensive policy with demonstrated effectiveness. Continuously improved based on performance data.", "questionnaire_id": 3, "questionnaire_question_id": 13, "questionnaire_rating_scale_id": 12}', '{description}', '{"ip": "172.19.0.1", "user_agent": "node", "soft_delete_at": null}', '2025-11-04 00:17:13.813556+00'),
	(26, 'b64d182f-0ee3-40a0-b367-281f31902620', '00000000-0000-0000-0000-000000000001', 'tbikaun+vantage_local@teampps.com.au', 'Tyler Bikaun (Test User)', 'INSERT', 'questionnaire_question_parts', '34', 'user_action', NULL, NULL, false, NULL, '{"id": 34, "text": "Is there a documented asset management policy?", "options": {}, "company_id": "b64d182f-0ee3-40a0-b367-281f31902620", "created_at": "2025-11-04T00:17:37.828217+00:00", "created_by": "00000000-0000-0000-0000-000000000001", "deleted_at": null, "is_deleted": false, "updated_at": "2025-11-04T00:17:37.828217+00:00", "answer_type": "boolean", "order_index": 0, "questionnaire_id": 3, "questionnaire_question_id": 13}', '{}', '{"ip": "172.19.0.1", "user_agent": "node", "soft_delete_at": null}', '2025-11-04 00:17:37.828217+00'),
	(31, 'b64d182f-0ee3-40a0-b367-281f31902620', '00000000-0000-0000-0000-000000000001', 'tbikaun+vantage_local@teampps.com.au', 'Tyler Bikaun (Test User)', 'UPDATE', 'questionnaire_questions', '13', 'user_action', NULL, NULL, false, '{"id": 13, "title": "How well established is your asset management policy?", "context": "ISO 55001 requires a documented asset management policy aligned with organizational objectives. This policy should be communicated throughout the organization and reviewed regularly.", "company_id": "b64d182f-0ee3-40a0-b367-281f31902620", "created_at": "2025-11-04T00:16:35.833515+00:00", "created_by": "00000000-0000-0000-0000-000000000001", "deleted_at": null, "is_deleted": false, "updated_at": "2025-11-04T00:17:59.493+00:00", "order_index": 1, "question_text": "", "questionnaire_id": 3, "rating_scale_mapping": {"version": "weighted", "partScoring": {"34": {"true": 5, "false": 1}, "35": [{"max": 11.99, "min": 0, "level": 1}, {"max": 23.99, "min": 12, "level": 2}, {"max": 35.99, "min": 24, "level": 3}, {"max": 47.99, "min": 36, "level": 4}, {"max": 60, "min": 48, "level": 5}]}}, "questionnaire_step_id": 12}', '{"id": 13, "title": "How well established is your asset management policy?", "context": "ISO 55001 requires a documented asset management policy aligned with organizational objectives. This policy should be communicated throughout the organization and reviewed regularly.", "company_id": "b64d182f-0ee3-40a0-b367-281f31902620", "created_at": "2025-11-04T00:16:35.833515+00:00", "created_by": "00000000-0000-0000-0000-000000000001", "deleted_at": null, "is_deleted": false, "updated_at": "2025-11-04T00:18:08.043+00:00", "order_index": 1, "question_text": "", "questionnaire_id": 3, "rating_scale_mapping": {"version": "weighted", "partScoring": {"34": {"true": 5, "false": 1}, "35": [{"max": 11.99, "min": 0, "level": 1}, {"max": 23.99, "min": 12, "level": 2}, {"max": 35.99, "min": 24, "level": 3}, {"max": 47.99, "min": 36, "level": 4}, {"max": 60, "min": 48, "level": 5}], "36": [{"max": 19.99, "min": 0, "level": 1}, {"max": 39.99, "min": 20, "level": 2}, {"max": 59.99, "min": 40, "level": 3}, {"max": 79.99, "min": 60, "level": 4}, {"max": 100, "min": 80, "level": 5}]}}, "questionnaire_step_id": 12}', '{rating_scale_mapping}', '{"ip": "172.19.0.1", "user_agent": "node", "soft_delete_at": null}', '2025-11-04 00:18:08.047385+00'),
	(20, 'b64d182f-0ee3-40a0-b367-281f31902620', '00000000-0000-0000-0000-000000000001', 'tbikaun+vantage_local@teampps.com.au', 'Tyler Bikaun (Test User)', 'UPDATE', 'questionnaire_question_rating_scales', '58', 'user_action', NULL, NULL, false, '{"id": 58, "company_id": "b64d182f-0ee3-40a0-b367-281f31902620", "created_at": "2025-11-04T00:16:35.865283+00:00", "created_by": "00000000-0000-0000-0000-000000000001", "deleted_at": null, "is_deleted": false, "updated_at": "2025-11-04T00:16:35.865283+00:00", "description": "No formal processes or systems in place. Ad-hoc reactive approach with no strategic direction.", "questionnaire_id": 3, "questionnaire_question_id": 13, "questionnaire_rating_scale_id": 8}', '{"id": 58, "company_id": "b64d182f-0ee3-40a0-b367-281f31902620", "created_at": "2025-11-04T00:16:35.865283+00:00", "created_by": "00000000-0000-0000-0000-000000000001", "deleted_at": null, "is_deleted": false, "updated_at": "2025-11-04T00:16:50.867+00:00", "description": "No formal policy exists. Asset decisions made ad-hoc without strategic direction.", "questionnaire_id": 3, "questionnaire_question_id": 13, "questionnaire_rating_scale_id": 8}', '{description}', '{"ip": "172.19.0.1", "user_agent": "node", "soft_delete_at": null}', '2025-11-04 00:16:50.873824+00'),
	(29, 'b64d182f-0ee3-40a0-b367-281f31902620', '00000000-0000-0000-0000-000000000001', 'tbikaun+vantage_local@teampps.com.au', 'Tyler Bikaun (Test User)', 'UPDATE', 'questionnaire_questions', '13', 'user_action', NULL, NULL, false, '{"id": 13, "title": "How well established is your asset management policy?", "context": "ISO 55001 requires a documented asset management policy aligned with organizational objectives. This policy should be communicated throughout the organization and reviewed regularly.", "company_id": "b64d182f-0ee3-40a0-b367-281f31902620", "created_at": "2025-11-04T00:16:35.833515+00:00", "created_by": "00000000-0000-0000-0000-000000000001", "deleted_at": null, "is_deleted": false, "updated_at": "2025-11-04T00:17:37.853+00:00", "order_index": 1, "question_text": "", "questionnaire_id": 3, "rating_scale_mapping": {"version": "weighted", "partScoring": {"34": {"true": 5, "false": 1}}}, "questionnaire_step_id": 12}', '{"id": 13, "title": "How well established is your asset management policy?", "context": "ISO 55001 requires a documented asset management policy aligned with organizational objectives. This policy should be communicated throughout the organization and reviewed regularly.", "company_id": "b64d182f-0ee3-40a0-b367-281f31902620", "created_at": "2025-11-04T00:16:35.833515+00:00", "created_by": "00000000-0000-0000-0000-000000000001", "deleted_at": null, "is_deleted": false, "updated_at": "2025-11-04T00:17:59.493+00:00", "order_index": 1, "question_text": "", "questionnaire_id": 3, "rating_scale_mapping": {"version": "weighted", "partScoring": {"34": {"true": 5, "false": 1}, "35": [{"max": 11.99, "min": 0, "level": 1}, {"max": 23.99, "min": 12, "level": 2}, {"max": 35.99, "min": 24, "level": 3}, {"max": 47.99, "min": 36, "level": 4}, {"max": 60, "min": 48, "level": 5}]}}, "questionnaire_step_id": 12}', '{rating_scale_mapping}', '{"ip": "172.19.0.1", "user_agent": "node", "soft_delete_at": null}', '2025-11-04 00:17:59.499695+00'),
	(33, 'b64d182f-0ee3-40a0-b367-281f31902620', '00000000-0000-0000-0000-000000000001', 'tbikaun+vantage_local@teampps.com.au', 'Tyler Bikaun (Test User)', 'INSERT', 'questionnaire_question_rating_scales', '63', 'user_action', NULL, NULL, false, NULL, '{"id": 63, "company_id": "b64d182f-0ee3-40a0-b367-281f31902620", "created_at": "2025-11-04T00:18:28.368883+00:00", "created_by": "00000000-0000-0000-0000-000000000001", "deleted_at": null, "is_deleted": false, "updated_at": "2025-11-04T00:18:28.368883+00:00", "description": "No formal processes or systems in place. Ad-hoc reactive approach with no strategic direction.", "questionnaire_id": 3, "questionnaire_question_id": 14, "questionnaire_rating_scale_id": 8}', '{}', '{"ip": "172.19.0.1", "user_agent": "node", "soft_delete_at": null}', '2025-11-04 00:18:28.368883+00'),
	(34, 'b64d182f-0ee3-40a0-b367-281f31902620', '00000000-0000-0000-0000-000000000001', 'tbikaun+vantage_local@teampps.com.au', 'Tyler Bikaun (Test User)', 'INSERT', 'questionnaire_question_rating_scales', '64', 'user_action', NULL, NULL, false, NULL, '{"id": 64, "company_id": "b64d182f-0ee3-40a0-b367-281f31902620", "created_at": "2025-11-04T00:18:28.368883+00:00", "created_by": "00000000-0000-0000-0000-000000000001", "deleted_at": null, "is_deleted": false, "updated_at": "2025-11-04T00:18:28.368883+00:00", "description": "Basic awareness and initial efforts underway. Informal processes with limited documentation or consistency.", "questionnaire_id": 3, "questionnaire_question_id": 14, "questionnaire_rating_scale_id": 9}', '{}', '{"ip": "172.19.0.1", "user_agent": "node", "soft_delete_at": null}', '2025-11-04 00:18:28.368883+00'),
	(35, 'b64d182f-0ee3-40a0-b367-281f31902620', '00000000-0000-0000-0000-000000000001', 'tbikaun+vantage_local@teampps.com.au', 'Tyler Bikaun (Test User)', 'INSERT', 'questionnaire_question_rating_scales', '65', 'user_action', NULL, NULL, false, NULL, '{"id": 65, "company_id": "b64d182f-0ee3-40a0-b367-281f31902620", "created_at": "2025-11-04T00:18:28.368883+00:00", "created_by": "00000000-0000-0000-0000-000000000001", "deleted_at": null, "is_deleted": false, "updated_at": "2025-11-04T00:18:28.368883+00:00", "description": "Formal processes being established. Partial implementation with growing maturity and documentation.", "questionnaire_id": 3, "questionnaire_question_id": 14, "questionnaire_rating_scale_id": 10}', '{}', '{"ip": "172.19.0.1", "user_agent": "node", "soft_delete_at": null}', '2025-11-04 00:18:28.368883+00'),
	(36, 'b64d182f-0ee3-40a0-b367-281f31902620', '00000000-0000-0000-0000-000000000001', 'tbikaun+vantage_local@teampps.com.au', 'Tyler Bikaun (Test User)', 'INSERT', 'questionnaire_question_rating_scales', '66', 'user_action', NULL, NULL, false, NULL, '{"id": 66, "company_id": "b64d182f-0ee3-40a0-b367-281f31902620", "created_at": "2025-11-04T00:18:28.368883+00:00", "created_by": "00000000-0000-0000-0000-000000000001", "deleted_at": null, "is_deleted": false, "updated_at": "2025-11-04T00:18:28.368883+00:00", "description": "Comprehensive processes fully implemented. Consistent application with regular review and improvement.", "questionnaire_id": 3, "questionnaire_question_id": 14, "questionnaire_rating_scale_id": 11}', '{}', '{"ip": "172.19.0.1", "user_agent": "node", "soft_delete_at": null}', '2025-11-04 00:18:28.368883+00'),
	(37, 'b64d182f-0ee3-40a0-b367-281f31902620', '00000000-0000-0000-0000-000000000001', 'tbikaun+vantage_local@teampps.com.au', 'Tyler Bikaun (Test User)', 'INSERT', 'questionnaire_question_rating_scales', '67', 'user_action', NULL, NULL, false, NULL, '{"id": 67, "company_id": "b64d182f-0ee3-40a0-b367-281f31902620", "created_at": "2025-11-04T00:18:28.368883+00:00", "created_by": "00000000-0000-0000-0000-000000000001", "deleted_at": null, "is_deleted": false, "updated_at": "2025-11-04T00:18:28.368883+00:00", "description": "Industry-leading practices with continuous optimization. Data-driven decision making and predictive capabilities.", "questionnaire_id": 3, "questionnaire_question_id": 14, "questionnaire_rating_scale_id": 12}', '{}', '{"ip": "172.19.0.1", "user_agent": "node", "soft_delete_at": null}', '2025-11-04 00:18:28.368883+00'),
	(49, 'b64d182f-0ee3-40a0-b367-281f31902620', '00000000-0000-0000-0000-000000000001', 'tbikaun+vantage_local@teampps.com.au', 'Tyler Bikaun (Test User)', 'INSERT', 'questionnaire_steps', '13', 'user_action', NULL, NULL, false, NULL, '{"id": 13, "title": "Risk Assessment & Management", "expanded": true, "company_id": "b64d182f-0ee3-40a0-b367-281f31902620", "created_at": "2025-11-04T00:20:02.659717+00:00", "created_by": "00000000-0000-0000-0000-000000000001", "deleted_at": null, "is_deleted": false, "updated_at": "2025-11-04T00:20:02.659717+00:00", "order_index": 1, "questionnaire_id": 3, "questionnaire_section_id": 8}', '{}', '{"ip": "172.19.0.1", "user_agent": "node", "soft_delete_at": null}', '2025-11-04 00:20:02.659717+00'),
	(22, 'b64d182f-0ee3-40a0-b367-281f31902620', '00000000-0000-0000-0000-000000000001', 'tbikaun+vantage_local@teampps.com.au', 'Tyler Bikaun (Test User)', 'UPDATE', 'questionnaire_question_rating_scales', '60', 'user_action', NULL, NULL, false, '{"id": 60, "company_id": "b64d182f-0ee3-40a0-b367-281f31902620", "created_at": "2025-11-04T00:16:35.865283+00:00", "created_by": "00000000-0000-0000-0000-000000000001", "deleted_at": null, "is_deleted": false, "updated_at": "2025-11-04T00:16:35.865283+00:00", "description": "Formal processes being established. Partial implementation with growing maturity and documentation.", "questionnaire_id": 3, "questionnaire_question_id": 13, "questionnaire_rating_scale_id": 10}', '{"id": 60, "company_id": "b64d182f-0ee3-40a0-b367-281f31902620", "created_at": "2025-11-04T00:16:35.865283+00:00", "created_by": "00000000-0000-0000-0000-000000000001", "deleted_at": null, "is_deleted": false, "updated_at": "2025-11-04T00:17:04.468+00:00", "description": "Documented policy exists with partial implementation. Some alignment with organizational objectives.", "questionnaire_id": 3, "questionnaire_question_id": 13, "questionnaire_rating_scale_id": 10}', '{description}', '{"ip": "172.19.0.1", "user_agent": "node", "soft_delete_at": null}', '2025-11-04 00:17:04.474096+00'),
	(25, 'b64d182f-0ee3-40a0-b367-281f31902620', '00000000-0000-0000-0000-000000000001', 'tbikaun+vantage_local@teampps.com.au', 'Tyler Bikaun (Test User)', 'UPDATE', 'questionnaire_questions', '13', 'user_action', NULL, NULL, false, '{"id": 13, "title": "How well established is your asset management policy?", "context": "Placeholder context", "company_id": "b64d182f-0ee3-40a0-b367-281f31902620", "created_at": "2025-11-04T00:16:35.833515+00:00", "created_by": "00000000-0000-0000-0000-000000000001", "deleted_at": null, "is_deleted": false, "updated_at": "2025-11-04T00:16:35.833515+00:00", "order_index": 1, "question_text": "", "questionnaire_id": 3, "rating_scale_mapping": null, "questionnaire_step_id": 12}', '{"id": 13, "title": "How well established is your asset management policy?", "context": "ISO 55001 requires a documented asset management policy aligned with organizational objectives. This policy should be communicated throughout the organization and reviewed regularly.", "company_id": "b64d182f-0ee3-40a0-b367-281f31902620", "created_at": "2025-11-04T00:16:35.833515+00:00", "created_by": "00000000-0000-0000-0000-000000000001", "deleted_at": null, "is_deleted": false, "updated_at": "2025-11-04T00:17:25.11+00:00", "order_index": 1, "question_text": "", "questionnaire_id": 3, "rating_scale_mapping": null, "questionnaire_step_id": 12}', '{context}', '{"ip": "172.19.0.1", "user_agent": "node", "soft_delete_at": null}', '2025-11-04 00:17:25.11739+00'),
	(27, 'b64d182f-0ee3-40a0-b367-281f31902620', '00000000-0000-0000-0000-000000000001', 'tbikaun+vantage_local@teampps.com.au', 'Tyler Bikaun (Test User)', 'UPDATE', 'questionnaire_questions', '13', 'user_action', NULL, NULL, false, '{"id": 13, "title": "How well established is your asset management policy?", "context": "ISO 55001 requires a documented asset management policy aligned with organizational objectives. This policy should be communicated throughout the organization and reviewed regularly.", "company_id": "b64d182f-0ee3-40a0-b367-281f31902620", "created_at": "2025-11-04T00:16:35.833515+00:00", "created_by": "00000000-0000-0000-0000-000000000001", "deleted_at": null, "is_deleted": false, "updated_at": "2025-11-04T00:17:25.11+00:00", "order_index": 1, "question_text": "", "questionnaire_id": 3, "rating_scale_mapping": null, "questionnaire_step_id": 12}', '{"id": 13, "title": "How well established is your asset management policy?", "context": "ISO 55001 requires a documented asset management policy aligned with organizational objectives. This policy should be communicated throughout the organization and reviewed regularly.", "company_id": "b64d182f-0ee3-40a0-b367-281f31902620", "created_at": "2025-11-04T00:16:35.833515+00:00", "created_by": "00000000-0000-0000-0000-000000000001", "deleted_at": null, "is_deleted": false, "updated_at": "2025-11-04T00:17:37.853+00:00", "order_index": 1, "question_text": "", "questionnaire_id": 3, "rating_scale_mapping": {"version": "weighted", "partScoring": {"34": {"true": 5, "false": 1}}}, "questionnaire_step_id": 12}', '{rating_scale_mapping}', '{"ip": "172.19.0.1", "user_agent": "node", "soft_delete_at": null}', '2025-11-04 00:17:37.85951+00'),
	(28, 'b64d182f-0ee3-40a0-b367-281f31902620', '00000000-0000-0000-0000-000000000001', 'tbikaun+vantage_local@teampps.com.au', 'Tyler Bikaun (Test User)', 'INSERT', 'questionnaire_question_parts', '35', 'user_action', NULL, NULL, false, NULL, '{"id": 35, "text": "When was the policy last reviewed? (months ago)", "options": {"max": 60, "min": 0, "decimal_places": 0}, "company_id": "b64d182f-0ee3-40a0-b367-281f31902620", "created_at": "2025-11-04T00:17:59.470378+00:00", "created_by": "00000000-0000-0000-0000-000000000001", "deleted_at": null, "is_deleted": false, "updated_at": "2025-11-04T00:17:59.470378+00:00", "answer_type": "number", "order_index": 1, "questionnaire_id": 3, "questionnaire_question_id": 13}', '{}', '{"ip": "172.19.0.1", "user_agent": "node", "soft_delete_at": null}', '2025-11-04 00:17:59.470378+00'),
	(30, 'b64d182f-0ee3-40a0-b367-281f31902620', '00000000-0000-0000-0000-000000000001', 'tbikaun+vantage_local@teampps.com.au', 'Tyler Bikaun (Test User)', 'INSERT', 'questionnaire_question_parts', '36', 'user_action', NULL, NULL, false, NULL, '{"id": 36, "text": "Percentage of staff aware of the AM policy", "options": {}, "company_id": "b64d182f-0ee3-40a0-b367-281f31902620", "created_at": "2025-11-04T00:18:08.022265+00:00", "created_by": "00000000-0000-0000-0000-000000000001", "deleted_at": null, "is_deleted": false, "updated_at": "2025-11-04T00:18:08.022265+00:00", "answer_type": "percentage", "order_index": 2, "questionnaire_id": 3, "questionnaire_question_id": 13}', '{}', '{"ip": "172.19.0.1", "user_agent": "node", "soft_delete_at": null}', '2025-11-04 00:18:08.022265+00'),
	(32, 'b64d182f-0ee3-40a0-b367-281f31902620', '00000000-0000-0000-0000-000000000001', 'tbikaun+vantage_local@teampps.com.au', 'Tyler Bikaun (Test User)', 'INSERT', 'questionnaire_questions', '14', 'user_action', NULL, NULL, false, NULL, '{"id": 14, "title": "How engaged is senior leadership in asset management?", "context": "Placeholder context", "company_id": "b64d182f-0ee3-40a0-b367-281f31902620", "created_at": "2025-11-04T00:18:28.340798+00:00", "created_by": "00000000-0000-0000-0000-000000000001", "deleted_at": null, "is_deleted": false, "updated_at": "2025-11-04T00:18:28.340798+00:00", "order_index": 2, "question_text": "", "questionnaire_id": 3, "rating_scale_mapping": null, "questionnaire_step_id": 12}', '{}', '{"ip": "172.19.0.1", "user_agent": "node", "soft_delete_at": null}', '2025-11-04 00:18:28.340798+00'),
	(50, 'b64d182f-0ee3-40a0-b367-281f31902620', '00000000-0000-0000-0000-000000000001', 'tbikaun+vantage_local@teampps.com.au', 'Tyler Bikaun (Test User)', 'INSERT', 'questionnaire_questions', '15', 'user_action', NULL, NULL, false, NULL, '{"id": 15, "title": "How mature is your asset risk management approach?", "context": "Placeholder context", "company_id": "b64d182f-0ee3-40a0-b367-281f31902620", "created_at": "2025-11-04T00:20:18.340666+00:00", "created_by": "00000000-0000-0000-0000-000000000001", "deleted_at": null, "is_deleted": false, "updated_at": "2025-11-04T00:20:18.340666+00:00", "order_index": 1, "question_text": "", "questionnaire_id": 3, "rating_scale_mapping": null, "questionnaire_step_id": 13}', '{}', '{"ip": "172.19.0.1", "user_agent": "node", "soft_delete_at": null}', '2025-11-04 00:20:18.340666+00'),
	(38, 'b64d182f-0ee3-40a0-b367-281f31902620', '00000000-0000-0000-0000-000000000001', 'tbikaun+vantage_local@teampps.com.au', 'Tyler Bikaun (Test User)', 'UPDATE', 'questionnaire_questions', '14', 'user_action', NULL, NULL, false, '{"id": 14, "title": "How engaged is senior leadership in asset management?", "context": "Placeholder context", "company_id": "b64d182f-0ee3-40a0-b367-281f31902620", "created_at": "2025-11-04T00:18:28.340798+00:00", "created_by": "00000000-0000-0000-0000-000000000001", "deleted_at": null, "is_deleted": false, "updated_at": "2025-11-04T00:18:28.340798+00:00", "order_index": 2, "question_text": "", "questionnaire_id": 3, "rating_scale_mapping": null, "questionnaire_step_id": 12}', '{"id": 14, "title": "How engaged is senior leadership in asset management?", "context": "Leadership commitment is essential for ISO 55001. Top management must demonstrate visible support, provide resources, and actively promote asset management culture.", "company_id": "b64d182f-0ee3-40a0-b367-281f31902620", "created_at": "2025-11-04T00:18:28.340798+00:00", "created_by": "00000000-0000-0000-0000-000000000001", "deleted_at": null, "is_deleted": false, "updated_at": "2025-11-04T00:18:37.817+00:00", "order_index": 2, "question_text": "", "questionnaire_id": 3, "rating_scale_mapping": null, "questionnaire_step_id": 12}', '{context}', '{"ip": "172.19.0.1", "user_agent": "node", "soft_delete_at": null}', '2025-11-04 00:18:37.822707+00'),
	(39, 'b64d182f-0ee3-40a0-b367-281f31902620', '00000000-0000-0000-0000-000000000001', 'tbikaun+vantage_local@teampps.com.au', 'Tyler Bikaun (Test User)', 'UPDATE', 'questionnaire_question_rating_scales', '63', 'user_action', NULL, NULL, false, '{"id": 63, "company_id": "b64d182f-0ee3-40a0-b367-281f31902620", "created_at": "2025-11-04T00:18:28.368883+00:00", "created_by": "00000000-0000-0000-0000-000000000001", "deleted_at": null, "is_deleted": false, "updated_at": "2025-11-04T00:18:28.368883+00:00", "description": "No formal processes or systems in place. Ad-hoc reactive approach with no strategic direction.", "questionnaire_id": 3, "questionnaire_question_id": 14, "questionnaire_rating_scale_id": 8}', '{"id": 63, "company_id": "b64d182f-0ee3-40a0-b367-281f31902620", "created_at": "2025-11-04T00:18:28.368883+00:00", "created_by": "00000000-0000-0000-0000-000000000001", "deleted_at": null, "is_deleted": false, "updated_at": "2025-11-04T00:18:47.643+00:00", "description": "No visible leadership involvement in asset management decisions or strategy.", "questionnaire_id": 3, "questionnaire_question_id": 14, "questionnaire_rating_scale_id": 8}', '{description}', '{"ip": "172.19.0.1", "user_agent": "node", "soft_delete_at": null}', '2025-11-04 00:18:47.649296+00'),
	(40, 'b64d182f-0ee3-40a0-b367-281f31902620', '00000000-0000-0000-0000-000000000001', 'tbikaun+vantage_local@teampps.com.au', 'Tyler Bikaun (Test User)', 'UPDATE', 'questionnaire_question_rating_scales', '64', 'user_action', NULL, NULL, false, '{"id": 64, "company_id": "b64d182f-0ee3-40a0-b367-281f31902620", "created_at": "2025-11-04T00:18:28.368883+00:00", "created_by": "00000000-0000-0000-0000-000000000001", "deleted_at": null, "is_deleted": false, "updated_at": "2025-11-04T00:18:28.368883+00:00", "description": "Basic awareness and initial efforts underway. Informal processes with limited documentation or consistency.", "questionnaire_id": 3, "questionnaire_question_id": 14, "questionnaire_rating_scale_id": 9}', '{"id": 64, "company_id": "b64d182f-0ee3-40a0-b367-281f31902620", "created_at": "2025-11-04T00:18:28.368883+00:00", "created_by": "00000000-0000-0000-0000-000000000001", "deleted_at": null, "is_deleted": false, "updated_at": "2025-11-04T00:18:53.9+00:00", "description": "Minimal leadership awareness. Asset management seen as operational issue only.", "questionnaire_id": 3, "questionnaire_question_id": 14, "questionnaire_rating_scale_id": 9}', '{description}', '{"ip": "172.19.0.1", "user_agent": "node", "soft_delete_at": null}', '2025-11-04 00:18:53.905212+00'),
	(43, 'b64d182f-0ee3-40a0-b367-281f31902620', '00000000-0000-0000-0000-000000000001', 'tbikaun+vantage_local@teampps.com.au', 'Tyler Bikaun (Test User)', 'UPDATE', 'questionnaire_question_rating_scales', '67', 'user_action', NULL, NULL, false, '{"id": 67, "company_id": "b64d182f-0ee3-40a0-b367-281f31902620", "created_at": "2025-11-04T00:18:28.368883+00:00", "created_by": "00000000-0000-0000-0000-000000000001", "deleted_at": null, "is_deleted": false, "updated_at": "2025-11-04T00:18:28.368883+00:00", "description": "Industry-leading practices with continuous optimization. Data-driven decision making and predictive capabilities.", "questionnaire_id": 3, "questionnaire_question_id": 14, "questionnaire_rating_scale_id": 12}', '{"id": 67, "company_id": "b64d182f-0ee3-40a0-b367-281f31902620", "created_at": "2025-11-04T00:18:28.368883+00:00", "created_by": "00000000-0000-0000-0000-000000000001", "deleted_at": null, "is_deleted": false, "updated_at": "2025-11-04T00:19:08.375+00:00", "description": "Leadership champions asset management excellence. Regular board-level reviews and strategic integration.", "questionnaire_id": 3, "questionnaire_question_id": 14, "questionnaire_rating_scale_id": 12}', '{description}', '{"ip": "172.19.0.1", "user_agent": "node", "soft_delete_at": null}', '2025-11-04 00:19:08.381518+00'),
	(41, 'b64d182f-0ee3-40a0-b367-281f31902620', '00000000-0000-0000-0000-000000000001', 'tbikaun+vantage_local@teampps.com.au', 'Tyler Bikaun (Test User)', 'UPDATE', 'questionnaire_question_rating_scales', '65', 'user_action', NULL, NULL, false, '{"id": 65, "company_id": "b64d182f-0ee3-40a0-b367-281f31902620", "created_at": "2025-11-04T00:18:28.368883+00:00", "created_by": "00000000-0000-0000-0000-000000000001", "deleted_at": null, "is_deleted": false, "updated_at": "2025-11-04T00:18:28.368883+00:00", "description": "Formal processes being established. Partial implementation with growing maturity and documentation.", "questionnaire_id": 3, "questionnaire_question_id": 14, "questionnaire_rating_scale_id": 10}', '{"id": 65, "company_id": "b64d182f-0ee3-40a0-b367-281f31902620", "created_at": "2025-11-04T00:18:28.368883+00:00", "created_by": "00000000-0000-0000-0000-000000000001", "deleted_at": null, "is_deleted": false, "updated_at": "2025-11-04T00:18:59.743+00:00", "description": "Growing leadership support with some resource allocation and strategic consideration.", "questionnaire_id": 3, "questionnaire_question_id": 14, "questionnaire_rating_scale_id": 10}', '{description}', '{"ip": "172.19.0.1", "user_agent": "node", "soft_delete_at": null}', '2025-11-04 00:18:59.748115+00'),
	(42, 'b64d182f-0ee3-40a0-b367-281f31902620', '00000000-0000-0000-0000-000000000001', 'tbikaun+vantage_local@teampps.com.au', 'Tyler Bikaun (Test User)', 'UPDATE', 'questionnaire_question_rating_scales', '66', 'user_action', NULL, NULL, false, '{"id": 66, "company_id": "b64d182f-0ee3-40a0-b367-281f31902620", "created_at": "2025-11-04T00:18:28.368883+00:00", "created_by": "00000000-0000-0000-0000-000000000001", "deleted_at": null, "is_deleted": false, "updated_at": "2025-11-04T00:18:28.368883+00:00", "description": "Comprehensive processes fully implemented. Consistent application with regular review and improvement.", "questionnaire_id": 3, "questionnaire_question_id": 14, "questionnaire_rating_scale_id": 11}', '{"id": 66, "company_id": "b64d182f-0ee3-40a0-b367-281f31902620", "created_at": "2025-11-04T00:18:28.368883+00:00", "created_by": "00000000-0000-0000-0000-000000000001", "deleted_at": null, "is_deleted": false, "updated_at": "2025-11-04T00:19:02.105+00:00", "description": "Strong leadership commitment with clear accountability and regular performance reviews.", "questionnaire_id": 3, "questionnaire_question_id": 14, "questionnaire_rating_scale_id": 11}', '{description}', '{"ip": "172.19.0.1", "user_agent": "node", "soft_delete_at": null}', '2025-11-04 00:19:02.11065+00'),
	(44, 'b64d182f-0ee3-40a0-b367-281f31902620', '00000000-0000-0000-0000-000000000001', 'tbikaun+vantage_local@teampps.com.au', 'Tyler Bikaun (Test User)', 'INSERT', 'questionnaire_question_parts', '37', 'user_action', NULL, NULL, false, NULL, '{"id": 37, "text": "Frequency of leadership AM reviews", "options": {"labels": ["Never", "Annually", "Quarterly", "Monthly", "Weekly"]}, "company_id": "b64d182f-0ee3-40a0-b367-281f31902620", "created_at": "2025-11-04T00:19:43.804308+00:00", "created_by": "00000000-0000-0000-0000-000000000001", "deleted_at": null, "is_deleted": false, "updated_at": "2025-11-04T00:19:43.804308+00:00", "answer_type": "labelled_scale", "order_index": 0, "questionnaire_id": 3, "questionnaire_question_id": 14}', '{}', '{"ip": "172.19.0.1", "user_agent": "node", "soft_delete_at": null}', '2025-11-04 00:19:43.804308+00'),
	(45, 'b64d182f-0ee3-40a0-b367-281f31902620', '00000000-0000-0000-0000-000000000001', 'tbikaun+vantage_local@teampps.com.au', 'Tyler Bikaun (Test User)', 'UPDATE', 'questionnaire_questions', '14', 'user_action', NULL, NULL, false, '{"id": 14, "title": "How engaged is senior leadership in asset management?", "context": "Leadership commitment is essential for ISO 55001. Top management must demonstrate visible support, provide resources, and actively promote asset management culture.", "company_id": "b64d182f-0ee3-40a0-b367-281f31902620", "created_at": "2025-11-04T00:18:28.340798+00:00", "created_by": "00000000-0000-0000-0000-000000000001", "deleted_at": null, "is_deleted": false, "updated_at": "2025-11-04T00:18:37.817+00:00", "order_index": 2, "question_text": "", "questionnaire_id": 3, "rating_scale_mapping": null, "questionnaire_step_id": 12}', '{"id": 14, "title": "How engaged is senior leadership in asset management?", "context": "Leadership commitment is essential for ISO 55001. Top management must demonstrate visible support, provide resources, and actively promote asset management culture.", "company_id": "b64d182f-0ee3-40a0-b367-281f31902620", "created_at": "2025-11-04T00:18:28.340798+00:00", "created_by": "00000000-0000-0000-0000-000000000001", "deleted_at": null, "is_deleted": false, "updated_at": "2025-11-04T00:19:43.829+00:00", "order_index": 2, "question_text": "", "questionnaire_id": 3, "rating_scale_mapping": {"version": "weighted", "partScoring": {"37": {"Never": 1, "Weekly": 5, "Monthly": 4, "Annually": 2, "Quarterly": 3}}}, "questionnaire_step_id": 12}', '{rating_scale_mapping}', '{"ip": "172.19.0.1", "user_agent": "node", "soft_delete_at": null}', '2025-11-04 00:19:43.835634+00'),
	(46, 'b64d182f-0ee3-40a0-b367-281f31902620', '00000000-0000-0000-0000-000000000001', 'tbikaun+vantage_local@teampps.com.au', 'Tyler Bikaun (Test User)', 'INSERT', 'questionnaire_question_parts', '38', 'user_action', NULL, NULL, false, NULL, '{"id": 38, "text": "Does a C-level AM sponsor exist?", "options": {}, "company_id": "b64d182f-0ee3-40a0-b367-281f31902620", "created_at": "2025-11-04T00:19:49.998058+00:00", "created_by": "00000000-0000-0000-0000-000000000001", "deleted_at": null, "is_deleted": false, "updated_at": "2025-11-04T00:19:49.998058+00:00", "answer_type": "boolean", "order_index": 1, "questionnaire_id": 3, "questionnaire_question_id": 14}', '{}', '{"ip": "172.19.0.1", "user_agent": "node", "soft_delete_at": null}', '2025-11-04 00:19:49.998058+00'),
	(47, 'b64d182f-0ee3-40a0-b367-281f31902620', '00000000-0000-0000-0000-000000000001', 'tbikaun+vantage_local@teampps.com.au', 'Tyler Bikaun (Test User)', 'UPDATE', 'questionnaire_questions', '14', 'user_action', NULL, NULL, false, '{"id": 14, "title": "How engaged is senior leadership in asset management?", "context": "Leadership commitment is essential for ISO 55001. Top management must demonstrate visible support, provide resources, and actively promote asset management culture.", "company_id": "b64d182f-0ee3-40a0-b367-281f31902620", "created_at": "2025-11-04T00:18:28.340798+00:00", "created_by": "00000000-0000-0000-0000-000000000001", "deleted_at": null, "is_deleted": false, "updated_at": "2025-11-04T00:19:43.829+00:00", "order_index": 2, "question_text": "", "questionnaire_id": 3, "rating_scale_mapping": {"version": "weighted", "partScoring": {"37": {"Never": 1, "Weekly": 5, "Monthly": 4, "Annually": 2, "Quarterly": 3}}}, "questionnaire_step_id": 12}', '{"id": 14, "title": "How engaged is senior leadership in asset management?", "context": "Leadership commitment is essential for ISO 55001. Top management must demonstrate visible support, provide resources, and actively promote asset management culture.", "company_id": "b64d182f-0ee3-40a0-b367-281f31902620", "created_at": "2025-11-04T00:18:28.340798+00:00", "created_by": "00000000-0000-0000-0000-000000000001", "deleted_at": null, "is_deleted": false, "updated_at": "2025-11-04T00:19:50.023+00:00", "order_index": 2, "question_text": "", "questionnaire_id": 3, "rating_scale_mapping": {"version": "weighted", "partScoring": {"37": {"Never": 1, "Weekly": 5, "Monthly": 4, "Annually": 2, "Quarterly": 3}, "38": {"true": 5, "false": 1}}}, "questionnaire_step_id": 12}', '{rating_scale_mapping}', '{"ip": "172.19.0.1", "user_agent": "node", "soft_delete_at": null}', '2025-11-04 00:19:50.029524+00'),
	(48, 'b64d182f-0ee3-40a0-b367-281f31902620', '00000000-0000-0000-0000-000000000001', 'tbikaun+vantage_local@teampps.com.au', 'Tyler Bikaun (Test User)', 'INSERT', 'questionnaire_sections', '8', 'user_action', NULL, NULL, false, NULL, '{"id": 8, "title": "Risk Management", "expanded": true, "company_id": "b64d182f-0ee3-40a0-b367-281f31902620", "created_at": "2025-11-04T00:19:56.250646+00:00", "created_by": "00000000-0000-0000-0000-000000000001", "deleted_at": null, "is_deleted": false, "updated_at": "2025-11-04T00:19:56.250646+00:00", "order_index": 2, "questionnaire_id": 3}', '{}', '{"ip": "172.19.0.1", "user_agent": "node", "soft_delete_at": null}', '2025-11-04 00:19:56.250646+00'),
	(51, 'b64d182f-0ee3-40a0-b367-281f31902620', '00000000-0000-0000-0000-000000000001', 'tbikaun+vantage_local@teampps.com.au', 'Tyler Bikaun (Test User)', 'INSERT', 'questionnaire_question_rating_scales', '68', 'user_action', NULL, NULL, false, NULL, '{"id": 68, "company_id": "b64d182f-0ee3-40a0-b367-281f31902620", "created_at": "2025-11-04T00:20:18.371109+00:00", "created_by": "00000000-0000-0000-0000-000000000001", "deleted_at": null, "is_deleted": false, "updated_at": "2025-11-04T00:20:18.371109+00:00", "description": "No formal processes or systems in place. Ad-hoc reactive approach with no strategic direction.", "questionnaire_id": 3, "questionnaire_question_id": 15, "questionnaire_rating_scale_id": 8}', '{}', '{"ip": "172.19.0.1", "user_agent": "node", "soft_delete_at": null}', '2025-11-04 00:20:18.371109+00'),
	(52, 'b64d182f-0ee3-40a0-b367-281f31902620', '00000000-0000-0000-0000-000000000001', 'tbikaun+vantage_local@teampps.com.au', 'Tyler Bikaun (Test User)', 'INSERT', 'questionnaire_question_rating_scales', '69', 'user_action', NULL, NULL, false, NULL, '{"id": 69, "company_id": "b64d182f-0ee3-40a0-b367-281f31902620", "created_at": "2025-11-04T00:20:18.371109+00:00", "created_by": "00000000-0000-0000-0000-000000000001", "deleted_at": null, "is_deleted": false, "updated_at": "2025-11-04T00:20:18.371109+00:00", "description": "Basic awareness and initial efforts underway. Informal processes with limited documentation or consistency.", "questionnaire_id": 3, "questionnaire_question_id": 15, "questionnaire_rating_scale_id": 9}', '{}', '{"ip": "172.19.0.1", "user_agent": "node", "soft_delete_at": null}', '2025-11-04 00:20:18.371109+00'),
	(53, 'b64d182f-0ee3-40a0-b367-281f31902620', '00000000-0000-0000-0000-000000000001', 'tbikaun+vantage_local@teampps.com.au', 'Tyler Bikaun (Test User)', 'INSERT', 'questionnaire_question_rating_scales', '70', 'user_action', NULL, NULL, false, NULL, '{"id": 70, "company_id": "b64d182f-0ee3-40a0-b367-281f31902620", "created_at": "2025-11-04T00:20:18.371109+00:00", "created_by": "00000000-0000-0000-0000-000000000001", "deleted_at": null, "is_deleted": false, "updated_at": "2025-11-04T00:20:18.371109+00:00", "description": "Formal processes being established. Partial implementation with growing maturity and documentation.", "questionnaire_id": 3, "questionnaire_question_id": 15, "questionnaire_rating_scale_id": 10}', '{}', '{"ip": "172.19.0.1", "user_agent": "node", "soft_delete_at": null}', '2025-11-04 00:20:18.371109+00'),
	(54, 'b64d182f-0ee3-40a0-b367-281f31902620', '00000000-0000-0000-0000-000000000001', 'tbikaun+vantage_local@teampps.com.au', 'Tyler Bikaun (Test User)', 'INSERT', 'questionnaire_question_rating_scales', '71', 'user_action', NULL, NULL, false, NULL, '{"id": 71, "company_id": "b64d182f-0ee3-40a0-b367-281f31902620", "created_at": "2025-11-04T00:20:18.371109+00:00", "created_by": "00000000-0000-0000-0000-000000000001", "deleted_at": null, "is_deleted": false, "updated_at": "2025-11-04T00:20:18.371109+00:00", "description": "Comprehensive processes fully implemented. Consistent application with regular review and improvement.", "questionnaire_id": 3, "questionnaire_question_id": 15, "questionnaire_rating_scale_id": 11}', '{}', '{"ip": "172.19.0.1", "user_agent": "node", "soft_delete_at": null}', '2025-11-04 00:20:18.371109+00'),
	(55, 'b64d182f-0ee3-40a0-b367-281f31902620', '00000000-0000-0000-0000-000000000001', 'tbikaun+vantage_local@teampps.com.au', 'Tyler Bikaun (Test User)', 'INSERT', 'questionnaire_question_rating_scales', '72', 'user_action', NULL, NULL, false, NULL, '{"id": 72, "company_id": "b64d182f-0ee3-40a0-b367-281f31902620", "created_at": "2025-11-04T00:20:18.371109+00:00", "created_by": "00000000-0000-0000-0000-000000000001", "deleted_at": null, "is_deleted": false, "updated_at": "2025-11-04T00:20:18.371109+00:00", "description": "Industry-leading practices with continuous optimization. Data-driven decision making and predictive capabilities.", "questionnaire_id": 3, "questionnaire_question_id": 15, "questionnaire_rating_scale_id": 12}', '{}', '{"ip": "172.19.0.1", "user_agent": "node", "soft_delete_at": null}', '2025-11-04 00:20:18.371109+00'),
	(57, 'b64d182f-0ee3-40a0-b367-281f31902620', '00000000-0000-0000-0000-000000000001', 'tbikaun+vantage_local@teampps.com.au', 'Tyler Bikaun (Test User)', 'UPDATE', 'questionnaire_question_rating_scales', '68', 'user_action', NULL, NULL, false, '{"id": 68, "company_id": "b64d182f-0ee3-40a0-b367-281f31902620", "created_at": "2025-11-04T00:20:18.371109+00:00", "created_by": "00000000-0000-0000-0000-000000000001", "deleted_at": null, "is_deleted": false, "updated_at": "2025-11-04T00:20:18.371109+00:00", "description": "No formal processes or systems in place. Ad-hoc reactive approach with no strategic direction.", "questionnaire_id": 3, "questionnaire_question_id": 15, "questionnaire_rating_scale_id": 8}', '{"id": 68, "company_id": "b64d182f-0ee3-40a0-b367-281f31902620", "created_at": "2025-11-04T00:20:18.371109+00:00", "created_by": "00000000-0000-0000-0000-000000000001", "deleted_at": null, "is_deleted": false, "updated_at": "2025-11-04T00:20:30.522+00:00", "description": "No formal risk assessment process. Reactive response to failures only.", "questionnaire_id": 3, "questionnaire_question_id": 15, "questionnaire_rating_scale_id": 8}', '{description}', '{"ip": "172.19.0.1", "user_agent": "node", "soft_delete_at": null}', '2025-11-04 00:20:30.527856+00'),
	(56, 'b64d182f-0ee3-40a0-b367-281f31902620', '00000000-0000-0000-0000-000000000001', 'tbikaun+vantage_local@teampps.com.au', 'Tyler Bikaun (Test User)', 'UPDATE', 'questionnaire_questions', '15', 'user_action', NULL, NULL, false, '{"id": 15, "title": "How mature is your asset risk management approach?", "context": "Placeholder context", "company_id": "b64d182f-0ee3-40a0-b367-281f31902620", "created_at": "2025-11-04T00:20:18.340666+00:00", "created_by": "00000000-0000-0000-0000-000000000001", "deleted_at": null, "is_deleted": false, "updated_at": "2025-11-04T00:20:18.340666+00:00", "order_index": 1, "question_text": "", "questionnaire_id": 3, "rating_scale_mapping": null, "questionnaire_step_id": 13}', '{"id": 15, "title": "How mature is your asset risk management approach?", "context": "ISO 55001 requires systematic identification and management of asset-related risks. This includes both risks to assets and risks from asset failure.", "company_id": "b64d182f-0ee3-40a0-b367-281f31902620", "created_at": "2025-11-04T00:20:18.340666+00:00", "created_by": "00000000-0000-0000-0000-000000000001", "deleted_at": null, "is_deleted": false, "updated_at": "2025-11-04T00:20:25.092+00:00", "order_index": 1, "question_text": "", "questionnaire_id": 3, "rating_scale_mapping": null, "questionnaire_step_id": 13}', '{context}', '{"ip": "172.19.0.1", "user_agent": "node", "soft_delete_at": null}', '2025-11-04 00:20:25.098671+00'),
	(58, 'b64d182f-0ee3-40a0-b367-281f31902620', '00000000-0000-0000-0000-000000000001', 'tbikaun+vantage_local@teampps.com.au', 'Tyler Bikaun (Test User)', 'UPDATE', 'questionnaire_question_rating_scales', '69', 'user_action', NULL, NULL, false, '{"id": 69, "company_id": "b64d182f-0ee3-40a0-b367-281f31902620", "created_at": "2025-11-04T00:20:18.371109+00:00", "created_by": "00000000-0000-0000-0000-000000000001", "deleted_at": null, "is_deleted": false, "updated_at": "2025-11-04T00:20:18.371109+00:00", "description": "Basic awareness and initial efforts underway. Informal processes with limited documentation or consistency.", "questionnaire_id": 3, "questionnaire_question_id": 15, "questionnaire_rating_scale_id": 9}', '{"id": 69, "company_id": "b64d182f-0ee3-40a0-b367-281f31902620", "created_at": "2025-11-04T00:20:18.371109+00:00", "created_by": "00000000-0000-0000-0000-000000000001", "deleted_at": null, "is_deleted": false, "updated_at": "2025-11-04T00:20:37.134+00:00", "description": "Basic risk identification for critical assets only. Limited documentation.", "questionnaire_id": 3, "questionnaire_question_id": 15, "questionnaire_rating_scale_id": 9}', '{description}', '{"ip": "172.19.0.1", "user_agent": "node", "soft_delete_at": null}', '2025-11-04 00:20:37.139145+00'),
	(59, 'b64d182f-0ee3-40a0-b367-281f31902620', '00000000-0000-0000-0000-000000000001', 'tbikaun+vantage_local@teampps.com.au', 'Tyler Bikaun (Test User)', 'UPDATE', 'questionnaire_question_rating_scales', '70', 'user_action', NULL, NULL, false, '{"id": 70, "company_id": "b64d182f-0ee3-40a0-b367-281f31902620", "created_at": "2025-11-04T00:20:18.371109+00:00", "created_by": "00000000-0000-0000-0000-000000000001", "deleted_at": null, "is_deleted": false, "updated_at": "2025-11-04T00:20:18.371109+00:00", "description": "Formal processes being established. Partial implementation with growing maturity and documentation.", "questionnaire_id": 3, "questionnaire_question_id": 15, "questionnaire_rating_scale_id": 10}', '{"id": 70, "company_id": "b64d182f-0ee3-40a0-b367-281f31902620", "created_at": "2025-11-04T00:20:18.371109+00:00", "created_by": "00000000-0000-0000-0000-000000000001", "deleted_at": null, "is_deleted": false, "updated_at": "2025-11-04T00:20:42.713+00:00", "description": "Risk registers maintained for major assets. Some mitigation strategies in place.", "questionnaire_id": 3, "questionnaire_question_id": 15, "questionnaire_rating_scale_id": 10}', '{description}', '{"ip": "172.19.0.1", "user_agent": "node", "soft_delete_at": null}', '2025-11-04 00:20:42.718754+00'),
	(66, 'b64d182f-0ee3-40a0-b367-281f31902620', '00000000-0000-0000-0000-000000000001', 'tbikaun+vantage_local@teampps.com.au', 'Tyler Bikaun (Test User)', 'INSERT', 'questionnaire_question_parts', '41', 'user_action', NULL, NULL, false, NULL, '{"id": 41, "text": "Number of unmitigated high risks", "options": {"max": 100, "min": 0, "decimal_places": 0}, "company_id": "b64d182f-0ee3-40a0-b367-281f31902620", "created_at": "2025-11-04T00:21:47.202169+00:00", "created_by": "00000000-0000-0000-0000-000000000001", "deleted_at": null, "is_deleted": false, "updated_at": "2025-11-04T00:21:47.202169+00:00", "answer_type": "number", "order_index": 2, "questionnaire_id": 3, "questionnaire_question_id": 15}', '{}', '{"ip": "172.19.0.1", "user_agent": "node", "soft_delete_at": null}', '2025-11-04 00:21:47.202169+00'),
	(60, 'b64d182f-0ee3-40a0-b367-281f31902620', '00000000-0000-0000-0000-000000000001', 'tbikaun+vantage_local@teampps.com.au', 'Tyler Bikaun (Test User)', 'UPDATE', 'questionnaire_question_rating_scales', '71', 'user_action', NULL, NULL, false, '{"id": 71, "company_id": "b64d182f-0ee3-40a0-b367-281f31902620", "created_at": "2025-11-04T00:20:18.371109+00:00", "created_by": "00000000-0000-0000-0000-000000000001", "deleted_at": null, "is_deleted": false, "updated_at": "2025-11-04T00:20:18.371109+00:00", "description": "Comprehensive processes fully implemented. Consistent application with regular review and improvement.", "questionnaire_id": 3, "questionnaire_question_id": 15, "questionnaire_rating_scale_id": 11}', '{"id": 71, "company_id": "b64d182f-0ee3-40a0-b367-281f31902620", "created_at": "2025-11-04T00:20:18.371109+00:00", "created_by": "00000000-0000-0000-0000-000000000001", "deleted_at": null, "is_deleted": false, "updated_at": "2025-11-04T00:20:48.958+00:00", "description": "Comprehensive risk framework with regular assessments and documented mitigation plans.", "questionnaire_id": 3, "questionnaire_question_id": 15, "questionnaire_rating_scale_id": 11}', '{description}', '{"ip": "172.19.0.1", "user_agent": "node", "soft_delete_at": null}', '2025-11-04 00:20:48.964078+00'),
	(61, 'b64d182f-0ee3-40a0-b367-281f31902620', '00000000-0000-0000-0000-000000000001', 'tbikaun+vantage_local@teampps.com.au', 'Tyler Bikaun (Test User)', 'UPDATE', 'questionnaire_question_rating_scales', '72', 'user_action', NULL, NULL, false, '{"id": 72, "company_id": "b64d182f-0ee3-40a0-b367-281f31902620", "created_at": "2025-11-04T00:20:18.371109+00:00", "created_by": "00000000-0000-0000-0000-000000000001", "deleted_at": null, "is_deleted": false, "updated_at": "2025-11-04T00:20:18.371109+00:00", "description": "Industry-leading practices with continuous optimization. Data-driven decision making and predictive capabilities.", "questionnaire_id": 3, "questionnaire_question_id": 15, "questionnaire_rating_scale_id": 12}', '{"id": 72, "company_id": "b64d182f-0ee3-40a0-b367-281f31902620", "created_at": "2025-11-04T00:20:18.371109+00:00", "created_by": "00000000-0000-0000-0000-000000000001", "deleted_at": null, "is_deleted": false, "updated_at": "2025-11-04T00:20:53.399+00:00", "description": "Predictive risk analytics with real-time monitoring. Risks integrated into all decision-making.", "questionnaire_id": 3, "questionnaire_question_id": 15, "questionnaire_rating_scale_id": 12}', '{description}', '{"ip": "172.19.0.1", "user_agent": "node", "soft_delete_at": null}', '2025-11-04 00:20:53.405013+00'),
	(62, 'b64d182f-0ee3-40a0-b367-281f31902620', '00000000-0000-0000-0000-000000000001', 'tbikaun+vantage_local@teampps.com.au', 'Tyler Bikaun (Test User)', 'INSERT', 'questionnaire_question_parts', '39', 'user_action', NULL, NULL, false, NULL, '{"id": 39, "text": "Percentage of critical assets with documented risk assessments", "options": {}, "company_id": "b64d182f-0ee3-40a0-b367-281f31902620", "created_at": "2025-11-04T00:21:07.642016+00:00", "created_by": "00000000-0000-0000-0000-000000000001", "deleted_at": null, "is_deleted": false, "updated_at": "2025-11-04T00:21:07.642016+00:00", "answer_type": "percentage", "order_index": 0, "questionnaire_id": 3, "questionnaire_question_id": 15}', '{}', '{"ip": "172.19.0.1", "user_agent": "node", "soft_delete_at": null}', '2025-11-04 00:21:07.642016+00'),
	(63, 'b64d182f-0ee3-40a0-b367-281f31902620', '00000000-0000-0000-0000-000000000001', 'tbikaun+vantage_local@teampps.com.au', 'Tyler Bikaun (Test User)', 'UPDATE', 'questionnaire_questions', '15', 'user_action', NULL, NULL, false, '{"id": 15, "title": "How mature is your asset risk management approach?", "context": "ISO 55001 requires systematic identification and management of asset-related risks. This includes both risks to assets and risks from asset failure.", "company_id": "b64d182f-0ee3-40a0-b367-281f31902620", "created_at": "2025-11-04T00:20:18.340666+00:00", "created_by": "00000000-0000-0000-0000-000000000001", "deleted_at": null, "is_deleted": false, "updated_at": "2025-11-04T00:20:25.092+00:00", "order_index": 1, "question_text": "", "questionnaire_id": 3, "rating_scale_mapping": null, "questionnaire_step_id": 13}', '{"id": 15, "title": "How mature is your asset risk management approach?", "context": "ISO 55001 requires systematic identification and management of asset-related risks. This includes both risks to assets and risks from asset failure.", "company_id": "b64d182f-0ee3-40a0-b367-281f31902620", "created_at": "2025-11-04T00:20:18.340666+00:00", "created_by": "00000000-0000-0000-0000-000000000001", "deleted_at": null, "is_deleted": false, "updated_at": "2025-11-04T00:21:07.664+00:00", "order_index": 1, "question_text": "", "questionnaire_id": 3, "rating_scale_mapping": {"version": "weighted", "partScoring": {"39": [{"max": 19.99, "min": 0, "level": 1}, {"max": 39.99, "min": 20, "level": 2}, {"max": 59.99, "min": 40, "level": 3}, {"max": 79.99, "min": 60, "level": 4}, {"max": 100, "min": 80, "level": 5}]}}, "questionnaire_step_id": 13}', '{rating_scale_mapping}', '{"ip": "172.19.0.1", "user_agent": "node", "soft_delete_at": null}', '2025-11-04 00:21:07.669577+00'),
	(64, 'b64d182f-0ee3-40a0-b367-281f31902620', '00000000-0000-0000-0000-000000000001', 'tbikaun+vantage_local@teampps.com.au', 'Tyler Bikaun (Test User)', 'INSERT', 'questionnaire_question_parts', '40', 'user_action', NULL, NULL, false, NULL, '{"id": 40, "text": "Risk assessment update frequency", "options": {"labels": ["Never", ">2 years", "Annually", "6-monthly", "Quarterly", "Monthly"]}, "company_id": "b64d182f-0ee3-40a0-b367-281f31902620", "created_at": "2025-11-04T00:21:37.191081+00:00", "created_by": "00000000-0000-0000-0000-000000000001", "deleted_at": null, "is_deleted": false, "updated_at": "2025-11-04T00:21:37.191081+00:00", "answer_type": "labelled_scale", "order_index": 1, "questionnaire_id": 3, "questionnaire_question_id": 15}', '{}', '{"ip": "172.19.0.1", "user_agent": "node", "soft_delete_at": null}', '2025-11-04 00:21:37.191081+00'),
	(65, 'b64d182f-0ee3-40a0-b367-281f31902620', '00000000-0000-0000-0000-000000000001', 'tbikaun+vantage_local@teampps.com.au', 'Tyler Bikaun (Test User)', 'UPDATE', 'questionnaire_questions', '15', 'user_action', NULL, NULL, false, '{"id": 15, "title": "How mature is your asset risk management approach?", "context": "ISO 55001 requires systematic identification and management of asset-related risks. This includes both risks to assets and risks from asset failure.", "company_id": "b64d182f-0ee3-40a0-b367-281f31902620", "created_at": "2025-11-04T00:20:18.340666+00:00", "created_by": "00000000-0000-0000-0000-000000000001", "deleted_at": null, "is_deleted": false, "updated_at": "2025-11-04T00:21:07.664+00:00", "order_index": 1, "question_text": "", "questionnaire_id": 3, "rating_scale_mapping": {"version": "weighted", "partScoring": {"39": [{"max": 19.99, "min": 0, "level": 1}, {"max": 39.99, "min": 20, "level": 2}, {"max": 59.99, "min": 40, "level": 3}, {"max": 79.99, "min": 60, "level": 4}, {"max": 100, "min": 80, "level": 5}]}}, "questionnaire_step_id": 13}', '{"id": 15, "title": "How mature is your asset risk management approach?", "context": "ISO 55001 requires systematic identification and management of asset-related risks. This includes both risks to assets and risks from asset failure.", "company_id": "b64d182f-0ee3-40a0-b367-281f31902620", "created_at": "2025-11-04T00:20:18.340666+00:00", "created_by": "00000000-0000-0000-0000-000000000001", "deleted_at": null, "is_deleted": false, "updated_at": "2025-11-04T00:21:37.219+00:00", "order_index": 1, "question_text": "", "questionnaire_id": 3, "rating_scale_mapping": {"version": "weighted", "partScoring": {"39": [{"max": 19.99, "min": 0, "level": 1}, {"max": 39.99, "min": 20, "level": 2}, {"max": 59.99, "min": 40, "level": 3}, {"max": 79.99, "min": 60, "level": 4}, {"max": 100, "min": 80, "level": 5}], "40": {"Never": 1, "Monthly": 5, ">2 years": 2, "Annually": 3, "6-monthly": 3, "Quarterly": 4}}}, "questionnaire_step_id": 13}', '{rating_scale_mapping}', '{"ip": "172.19.0.1", "user_agent": "node", "soft_delete_at": null}', '2025-11-04 00:21:37.224564+00'),
	(67, 'b64d182f-0ee3-40a0-b367-281f31902620', '00000000-0000-0000-0000-000000000001', 'tbikaun+vantage_local@teampps.com.au', 'Tyler Bikaun (Test User)', 'UPDATE', 'questionnaire_questions', '15', 'user_action', NULL, NULL, false, '{"id": 15, "title": "How mature is your asset risk management approach?", "context": "ISO 55001 requires systematic identification and management of asset-related risks. This includes both risks to assets and risks from asset failure.", "company_id": "b64d182f-0ee3-40a0-b367-281f31902620", "created_at": "2025-11-04T00:20:18.340666+00:00", "created_by": "00000000-0000-0000-0000-000000000001", "deleted_at": null, "is_deleted": false, "updated_at": "2025-11-04T00:21:37.219+00:00", "order_index": 1, "question_text": "", "questionnaire_id": 3, "rating_scale_mapping": {"version": "weighted", "partScoring": {"39": [{"max": 19.99, "min": 0, "level": 1}, {"max": 39.99, "min": 20, "level": 2}, {"max": 59.99, "min": 40, "level": 3}, {"max": 79.99, "min": 60, "level": 4}, {"max": 100, "min": 80, "level": 5}], "40": {"Never": 1, "Monthly": 5, ">2 years": 2, "Annually": 3, "6-monthly": 3, "Quarterly": 4}}}, "questionnaire_step_id": 13}', '{"id": 15, "title": "How mature is your asset risk management approach?", "context": "ISO 55001 requires systematic identification and management of asset-related risks. This includes both risks to assets and risks from asset failure.", "company_id": "b64d182f-0ee3-40a0-b367-281f31902620", "created_at": "2025-11-04T00:20:18.340666+00:00", "created_by": "00000000-0000-0000-0000-000000000001", "deleted_at": null, "is_deleted": false, "updated_at": "2025-11-04T00:21:47.238+00:00", "order_index": 1, "question_text": "", "questionnaire_id": 3, "rating_scale_mapping": {"version": "weighted", "partScoring": {"39": [{"max": 19.99, "min": 0, "level": 1}, {"max": 39.99, "min": 20, "level": 2}, {"max": 59.99, "min": 40, "level": 3}, {"max": 79.99, "min": 60, "level": 4}, {"max": 100, "min": 80, "level": 5}], "40": {"Never": 1, "Monthly": 5, ">2 years": 2, "Annually": 3, "6-monthly": 3, "Quarterly": 4}, "41": [{"max": 19.99, "min": 0, "level": 1}, {"max": 39.99, "min": 20, "level": 2}, {"max": 59.99, "min": 40, "level": 3}, {"max": 79.99, "min": 60, "level": 4}, {"max": 100, "min": 80, "level": 5}]}}, "questionnaire_step_id": 13}', '{rating_scale_mapping}', '{"ip": "172.19.0.1", "user_agent": "node", "soft_delete_at": null}', '2025-11-04 00:21:47.245943+00'),
	(68, 'b64d182f-0ee3-40a0-b367-281f31902620', '00000000-0000-0000-0000-000000000001', 'tbikaun+vantage_local@teampps.com.au', 'Tyler Bikaun (Test User)', 'INSERT', 'questionnaire_sections', '9', 'user_action', NULL, NULL, false, NULL, '{"id": 9, "title": "Asset Information Management", "expanded": true, "company_id": "b64d182f-0ee3-40a0-b367-281f31902620", "created_at": "2025-11-04T00:21:59.523029+00:00", "created_by": "00000000-0000-0000-0000-000000000001", "deleted_at": null, "is_deleted": false, "updated_at": "2025-11-04T00:21:59.523029+00:00", "order_index": 3, "questionnaire_id": 3}', '{}', '{"ip": "172.19.0.1", "user_agent": "node", "soft_delete_at": null}', '2025-11-04 00:21:59.523029+00'),
	(70, 'b64d182f-0ee3-40a0-b367-281f31902620', '00000000-0000-0000-0000-000000000001', 'tbikaun+vantage_local@teampps.com.au', 'Tyler Bikaun (Test User)', 'INSERT', 'questionnaire_questions', '16', 'user_action', NULL, NULL, false, NULL, '{"id": 16, "title": "What is the state of your asset information management?", "context": "Placeholder context", "company_id": "b64d182f-0ee3-40a0-b367-281f31902620", "created_at": "2025-11-04T00:22:12.629536+00:00", "created_by": "00000000-0000-0000-0000-000000000001", "deleted_at": null, "is_deleted": false, "updated_at": "2025-11-04T00:22:12.629536+00:00", "order_index": 1, "question_text": "", "questionnaire_id": 3, "rating_scale_mapping": null, "questionnaire_step_id": 14}', '{}', '{"ip": "172.19.0.1", "user_agent": "node", "soft_delete_at": null}', '2025-11-04 00:22:12.629536+00'),
	(71, 'b64d182f-0ee3-40a0-b367-281f31902620', '00000000-0000-0000-0000-000000000001', 'tbikaun+vantage_local@teampps.com.au', 'Tyler Bikaun (Test User)', 'INSERT', 'questionnaire_question_rating_scales', '73', 'user_action', NULL, NULL, false, NULL, '{"id": 73, "company_id": "b64d182f-0ee3-40a0-b367-281f31902620", "created_at": "2025-11-04T00:22:12.663425+00:00", "created_by": "00000000-0000-0000-0000-000000000001", "deleted_at": null, "is_deleted": false, "updated_at": "2025-11-04T00:22:12.663425+00:00", "description": "No formal processes or systems in place. Ad-hoc reactive approach with no strategic direction.", "questionnaire_id": 3, "questionnaire_question_id": 16, "questionnaire_rating_scale_id": 8}', '{}', '{"ip": "172.19.0.1", "user_agent": "node", "soft_delete_at": null}', '2025-11-04 00:22:12.663425+00'),
	(72, 'b64d182f-0ee3-40a0-b367-281f31902620', '00000000-0000-0000-0000-000000000001', 'tbikaun+vantage_local@teampps.com.au', 'Tyler Bikaun (Test User)', 'INSERT', 'questionnaire_question_rating_scales', '74', 'user_action', NULL, NULL, false, NULL, '{"id": 74, "company_id": "b64d182f-0ee3-40a0-b367-281f31902620", "created_at": "2025-11-04T00:22:12.663425+00:00", "created_by": "00000000-0000-0000-0000-000000000001", "deleted_at": null, "is_deleted": false, "updated_at": "2025-11-04T00:22:12.663425+00:00", "description": "Basic awareness and initial efforts underway. Informal processes with limited documentation or consistency.", "questionnaire_id": 3, "questionnaire_question_id": 16, "questionnaire_rating_scale_id": 9}', '{}', '{"ip": "172.19.0.1", "user_agent": "node", "soft_delete_at": null}', '2025-11-04 00:22:12.663425+00'),
	(73, 'b64d182f-0ee3-40a0-b367-281f31902620', '00000000-0000-0000-0000-000000000001', 'tbikaun+vantage_local@teampps.com.au', 'Tyler Bikaun (Test User)', 'INSERT', 'questionnaire_question_rating_scales', '75', 'user_action', NULL, NULL, false, NULL, '{"id": 75, "company_id": "b64d182f-0ee3-40a0-b367-281f31902620", "created_at": "2025-11-04T00:22:12.663425+00:00", "created_by": "00000000-0000-0000-0000-000000000001", "deleted_at": null, "is_deleted": false, "updated_at": "2025-11-04T00:22:12.663425+00:00", "description": "Formal processes being established. Partial implementation with growing maturity and documentation.", "questionnaire_id": 3, "questionnaire_question_id": 16, "questionnaire_rating_scale_id": 10}', '{}', '{"ip": "172.19.0.1", "user_agent": "node", "soft_delete_at": null}', '2025-11-04 00:22:12.663425+00'),
	(74, 'b64d182f-0ee3-40a0-b367-281f31902620', '00000000-0000-0000-0000-000000000001', 'tbikaun+vantage_local@teampps.com.au', 'Tyler Bikaun (Test User)', 'INSERT', 'questionnaire_question_rating_scales', '76', 'user_action', NULL, NULL, false, NULL, '{"id": 76, "company_id": "b64d182f-0ee3-40a0-b367-281f31902620", "created_at": "2025-11-04T00:22:12.663425+00:00", "created_by": "00000000-0000-0000-0000-000000000001", "deleted_at": null, "is_deleted": false, "updated_at": "2025-11-04T00:22:12.663425+00:00", "description": "Comprehensive processes fully implemented. Consistent application with regular review and improvement.", "questionnaire_id": 3, "questionnaire_question_id": 16, "questionnaire_rating_scale_id": 11}', '{}', '{"ip": "172.19.0.1", "user_agent": "node", "soft_delete_at": null}', '2025-11-04 00:22:12.663425+00'),
	(111, 'b64d182f-0ee3-40a0-b367-281f31902620', '00000000-0000-0000-0000-000000000001', 'tbikaun+vantage_local@teampps.com.au', 'Tyler Bikaun (Test User)', 'INSERT', 'questionnaire_sections', '11', 'user_action', NULL, NULL, false, NULL, '{"id": 11, "title": "Performance Management", "expanded": true, "company_id": "b64d182f-0ee3-40a0-b367-281f31902620", "created_at": "2025-11-04T00:26:39.21624+00:00", "created_by": "00000000-0000-0000-0000-000000000001", "deleted_at": null, "is_deleted": false, "updated_at": "2025-11-04T00:26:39.21624+00:00", "order_index": 5, "questionnaire_id": 3}', '{}', '{"ip": "172.19.0.1", "user_agent": "node", "soft_delete_at": null}', '2025-11-04 00:26:39.21624+00'),
	(69, 'b64d182f-0ee3-40a0-b367-281f31902620', '00000000-0000-0000-0000-000000000001', 'tbikaun+vantage_local@teampps.com.au', 'Tyler Bikaun (Test User)', 'INSERT', 'questionnaire_steps', '14', 'user_action', NULL, NULL, false, NULL, '{"id": 14, "title": "Data Quality & Systems", "expanded": true, "company_id": "b64d182f-0ee3-40a0-b367-281f31902620", "created_at": "2025-11-04T00:22:07.646705+00:00", "created_by": "00000000-0000-0000-0000-000000000001", "deleted_at": null, "is_deleted": false, "updated_at": "2025-11-04T00:22:07.646705+00:00", "order_index": 1, "questionnaire_id": 3, "questionnaire_section_id": 9}', '{}', '{"ip": "172.19.0.1", "user_agent": "node", "soft_delete_at": null}', '2025-11-04 00:22:07.646705+00'),
	(85, 'b64d182f-0ee3-40a0-b367-281f31902620', '00000000-0000-0000-0000-000000000001', 'tbikaun+vantage_local@teampps.com.au', 'Tyler Bikaun (Test User)', 'INSERT', 'questionnaire_question_parts', '43', 'user_action', NULL, NULL, false, NULL, '{"id": 43, "text": "Asset data accuracy (estimated)", "options": {}, "company_id": "b64d182f-0ee3-40a0-b367-281f31902620", "created_at": "2025-11-04T00:23:22.723699+00:00", "created_by": "00000000-0000-0000-0000-000000000001", "deleted_at": null, "is_deleted": false, "updated_at": "2025-11-04T00:23:22.723699+00:00", "answer_type": "percentage", "order_index": 1, "questionnaire_id": 3, "questionnaire_question_id": 16}', '{}', '{"ip": "172.19.0.1", "user_agent": "node", "soft_delete_at": null}', '2025-11-04 00:23:22.723699+00'),
	(75, 'b64d182f-0ee3-40a0-b367-281f31902620', '00000000-0000-0000-0000-000000000001', 'tbikaun+vantage_local@teampps.com.au', 'Tyler Bikaun (Test User)', 'INSERT', 'questionnaire_question_rating_scales', '77', 'user_action', NULL, NULL, false, NULL, '{"id": 77, "company_id": "b64d182f-0ee3-40a0-b367-281f31902620", "created_at": "2025-11-04T00:22:12.663425+00:00", "created_by": "00000000-0000-0000-0000-000000000001", "deleted_at": null, "is_deleted": false, "updated_at": "2025-11-04T00:22:12.663425+00:00", "description": "Industry-leading practices with continuous optimization. Data-driven decision making and predictive capabilities.", "questionnaire_id": 3, "questionnaire_question_id": 16, "questionnaire_rating_scale_id": 12}', '{}', '{"ip": "172.19.0.1", "user_agent": "node", "soft_delete_at": null}', '2025-11-04 00:22:12.663425+00'),
	(76, 'b64d182f-0ee3-40a0-b367-281f31902620', '00000000-0000-0000-0000-000000000001', 'tbikaun+vantage_local@teampps.com.au', 'Tyler Bikaun (Test User)', 'UPDATE', 'questionnaire_questions', '16', 'user_action', NULL, NULL, false, '{"id": 16, "title": "What is the state of your asset information management?", "context": "Placeholder context", "company_id": "b64d182f-0ee3-40a0-b367-281f31902620", "created_at": "2025-11-04T00:22:12.629536+00:00", "created_by": "00000000-0000-0000-0000-000000000001", "deleted_at": null, "is_deleted": false, "updated_at": "2025-11-04T00:22:12.629536+00:00", "order_index": 1, "question_text": "", "questionnaire_id": 3, "rating_scale_mapping": null, "questionnaire_step_id": 14}', '{"id": 16, "title": "What is the state of your asset information management?", "context": "ISO 55001 requires accurate, consistent, and accessible asset information. Data quality directly impacts decision-making effectiveness.", "company_id": "b64d182f-0ee3-40a0-b367-281f31902620", "created_at": "2025-11-04T00:22:12.629536+00:00", "created_by": "00000000-0000-0000-0000-000000000001", "deleted_at": null, "is_deleted": false, "updated_at": "2025-11-04T00:22:25.621+00:00", "order_index": 1, "question_text": "", "questionnaire_id": 3, "rating_scale_mapping": null, "questionnaire_step_id": 14}', '{context}', '{"ip": "172.19.0.1", "user_agent": "node", "soft_delete_at": null}', '2025-11-04 00:22:25.625377+00'),
	(79, 'b64d182f-0ee3-40a0-b367-281f31902620', '00000000-0000-0000-0000-000000000001', 'tbikaun+vantage_local@teampps.com.au', 'Tyler Bikaun (Test User)', 'UPDATE', 'questionnaire_question_rating_scales', '75', 'user_action', NULL, NULL, false, '{"id": 75, "company_id": "b64d182f-0ee3-40a0-b367-281f31902620", "created_at": "2025-11-04T00:22:12.663425+00:00", "created_by": "00000000-0000-0000-0000-000000000001", "deleted_at": null, "is_deleted": false, "updated_at": "2025-11-04T00:22:12.663425+00:00", "description": "Formal processes being established. Partial implementation with growing maturity and documentation.", "questionnaire_id": 3, "questionnaire_question_id": 16, "questionnaire_rating_scale_id": 10}', '{"id": 75, "company_id": "b64d182f-0ee3-40a0-b367-281f31902620", "created_at": "2025-11-04T00:22:12.663425+00:00", "created_by": "00000000-0000-0000-0000-000000000001", "deleted_at": null, "is_deleted": false, "updated_at": "2025-11-04T00:22:45.952+00:00", "description": "Comprehensive asset data with high quality standards. Well-integrated systems and regular audits.", "questionnaire_id": 3, "questionnaire_question_id": 16, "questionnaire_rating_scale_id": 10}', '{description}', '{"ip": "172.19.0.1", "user_agent": "node", "soft_delete_at": null}', '2025-11-04 00:22:45.958951+00'),
	(80, 'b64d182f-0ee3-40a0-b367-281f31902620', '00000000-0000-0000-0000-000000000001', 'tbikaun+vantage_local@teampps.com.au', 'Tyler Bikaun (Test User)', 'UPDATE', 'questionnaire_question_rating_scales', '77', 'user_action', NULL, NULL, false, '{"id": 77, "company_id": "b64d182f-0ee3-40a0-b367-281f31902620", "created_at": "2025-11-04T00:22:12.663425+00:00", "created_by": "00000000-0000-0000-0000-000000000001", "deleted_at": null, "is_deleted": false, "updated_at": "2025-11-04T00:22:12.663425+00:00", "description": "Industry-leading practices with continuous optimization. Data-driven decision making and predictive capabilities.", "questionnaire_id": 3, "questionnaire_question_id": 16, "questionnaire_rating_scale_id": 12}', '{"id": 77, "company_id": "b64d182f-0ee3-40a0-b367-281f31902620", "created_at": "2025-11-04T00:22:12.663425+00:00", "created_by": "00000000-0000-0000-0000-000000000001", "deleted_at": null, "is_deleted": false, "updated_at": "2025-11-04T00:22:51.07+00:00", "description": "Advanced analytics with real-time data. Digital twins and predictive modeling capabilities.", "questionnaire_id": 3, "questionnaire_question_id": 16, "questionnaire_rating_scale_id": 12}', '{description}', '{"ip": "172.19.0.1", "user_agent": "node", "soft_delete_at": null}', '2025-11-04 00:22:51.075243+00'),
	(86, 'b64d182f-0ee3-40a0-b367-281f31902620', '00000000-0000-0000-0000-000000000001', 'tbikaun+vantage_local@teampps.com.au', 'Tyler Bikaun (Test User)', 'UPDATE', 'questionnaire_questions', '16', 'user_action', NULL, NULL, false, '{"id": 16, "title": "What is the state of your asset information management?", "context": "ISO 55001 requires accurate, consistent, and accessible asset information. Data quality directly impacts decision-making effectiveness.", "company_id": "b64d182f-0ee3-40a0-b367-281f31902620", "created_at": "2025-11-04T00:22:12.629536+00:00", "created_by": "00000000-0000-0000-0000-000000000001", "deleted_at": null, "is_deleted": false, "updated_at": "2025-11-04T00:23:12.259+00:00", "order_index": 1, "question_text": "", "questionnaire_id": 3, "rating_scale_mapping": {"version": "weighted", "partScoring": {"42": [{"max": 19.99, "min": 0, "level": 1}, {"max": 39.99, "min": 20, "level": 2}, {"max": 59.99, "min": 40, "level": 3}, {"max": 79.99, "min": 60, "level": 4}, {"max": 100, "min": 80, "level": 5}]}}, "questionnaire_step_id": 14}', '{"id": 16, "title": "What is the state of your asset information management?", "context": "ISO 55001 requires accurate, consistent, and accessible asset information. Data quality directly impacts decision-making effectiveness.", "company_id": "b64d182f-0ee3-40a0-b367-281f31902620", "created_at": "2025-11-04T00:22:12.629536+00:00", "created_by": "00000000-0000-0000-0000-000000000001", "deleted_at": null, "is_deleted": false, "updated_at": "2025-11-04T00:23:22.744+00:00", "order_index": 1, "question_text": "", "questionnaire_id": 3, "rating_scale_mapping": {"version": "weighted", "partScoring": {"42": [{"max": 19.99, "min": 0, "level": 1}, {"max": 39.99, "min": 20, "level": 2}, {"max": 59.99, "min": 40, "level": 3}, {"max": 79.99, "min": 60, "level": 4}, {"max": 100, "min": 80, "level": 5}], "43": [{"max": 19.99, "min": 0, "level": 1}, {"max": 39.99, "min": 20, "level": 2}, {"max": 59.99, "min": 40, "level": 3}, {"max": 79.99, "min": 60, "level": 4}, {"max": 100, "min": 80, "level": 5}]}}, "questionnaire_step_id": 14}', '{rating_scale_mapping}', '{"ip": "172.19.0.1", "user_agent": "node", "soft_delete_at": null}', '2025-11-04 00:23:22.749201+00'),
	(77, 'b64d182f-0ee3-40a0-b367-281f31902620', '00000000-0000-0000-0000-000000000001', 'tbikaun+vantage_local@teampps.com.au', 'Tyler Bikaun (Test User)', 'UPDATE', 'questionnaire_question_rating_scales', '73', 'user_action', NULL, NULL, false, '{"id": 73, "company_id": "b64d182f-0ee3-40a0-b367-281f31902620", "created_at": "2025-11-04T00:22:12.663425+00:00", "created_by": "00000000-0000-0000-0000-000000000001", "deleted_at": null, "is_deleted": false, "updated_at": "2025-11-04T00:22:12.663425+00:00", "description": "No formal processes or systems in place. Ad-hoc reactive approach with no strategic direction.", "questionnaire_id": 3, "questionnaire_question_id": 16, "questionnaire_rating_scale_id": 8}', '{"id": 73, "company_id": "b64d182f-0ee3-40a0-b367-281f31902620", "created_at": "2025-11-04T00:22:12.663425+00:00", "created_by": "00000000-0000-0000-0000-000000000001", "deleted_at": null, "is_deleted": false, "updated_at": "2025-11-04T00:22:34.307+00:00", "description": "Basic asset register exists but with significant data gaps and quality issues.", "questionnaire_id": 3, "questionnaire_question_id": 16, "questionnaire_rating_scale_id": 8}', '{description}', '{"ip": "172.19.0.1", "user_agent": "node", "soft_delete_at": null}', '2025-11-04 00:22:34.312243+00'),
	(81, 'b64d182f-0ee3-40a0-b367-281f31902620', '00000000-0000-0000-0000-000000000001', 'tbikaun+vantage_local@teampps.com.au', 'Tyler Bikaun (Test User)', 'UPDATE', 'questionnaire_question_rating_scales', '76', 'user_action', NULL, NULL, false, '{"id": 76, "company_id": "b64d182f-0ee3-40a0-b367-281f31902620", "created_at": "2025-11-04T00:22:12.663425+00:00", "created_by": "00000000-0000-0000-0000-000000000001", "deleted_at": null, "is_deleted": false, "updated_at": "2025-11-04T00:22:12.663425+00:00", "description": "Comprehensive processes fully implemented. Consistent application with regular review and improvement.", "questionnaire_id": 3, "questionnaire_question_id": 16, "questionnaire_rating_scale_id": 11}', '{"id": 76, "company_id": "b64d182f-0ee3-40a0-b367-281f31902620", "created_at": "2025-11-04T00:22:12.663425+00:00", "created_by": "00000000-0000-0000-0000-000000000001", "deleted_at": null, "is_deleted": false, "updated_at": "2025-11-04T00:22:57.291+00:00", "description": "Comprehensive asset data with high quality standards. Well-integrated systems and regular audits.", "questionnaire_id": 3, "questionnaire_question_id": 16, "questionnaire_rating_scale_id": 11}', '{description}', '{"ip": "172.19.0.1", "user_agent": "node", "soft_delete_at": null}', '2025-11-04 00:22:57.29953+00'),
	(83, 'b64d182f-0ee3-40a0-b367-281f31902620', '00000000-0000-0000-0000-000000000001', 'tbikaun+vantage_local@teampps.com.au', 'Tyler Bikaun (Test User)', 'INSERT', 'questionnaire_question_parts', '42', 'user_action', NULL, NULL, false, NULL, '{"id": 42, "text": "Asset data completeness", "options": {}, "company_id": "b64d182f-0ee3-40a0-b367-281f31902620", "created_at": "2025-11-04T00:23:12.234582+00:00", "created_by": "00000000-0000-0000-0000-000000000001", "deleted_at": null, "is_deleted": false, "updated_at": "2025-11-04T00:23:12.234582+00:00", "answer_type": "percentage", "order_index": 0, "questionnaire_id": 3, "questionnaire_question_id": 16}', '{}', '{"ip": "172.19.0.1", "user_agent": "node", "soft_delete_at": null}', '2025-11-04 00:23:12.234582+00'),
	(88, 'b64d182f-0ee3-40a0-b367-281f31902620', '00000000-0000-0000-0000-000000000001', 'tbikaun+vantage_local@teampps.com.au', 'Tyler Bikaun (Test User)', 'UPDATE', 'questionnaire_questions', '16', 'user_action', NULL, NULL, false, '{"id": 16, "title": "What is the state of your asset information management?", "context": "ISO 55001 requires accurate, consistent, and accessible asset information. Data quality directly impacts decision-making effectiveness.", "company_id": "b64d182f-0ee3-40a0-b367-281f31902620", "created_at": "2025-11-04T00:22:12.629536+00:00", "created_by": "00000000-0000-0000-0000-000000000001", "deleted_at": null, "is_deleted": false, "updated_at": "2025-11-04T00:23:22.744+00:00", "order_index": 1, "question_text": "", "questionnaire_id": 3, "rating_scale_mapping": {"version": "weighted", "partScoring": {"42": [{"max": 19.99, "min": 0, "level": 1}, {"max": 39.99, "min": 20, "level": 2}, {"max": 59.99, "min": 40, "level": 3}, {"max": 79.99, "min": 60, "level": 4}, {"max": 100, "min": 80, "level": 5}], "43": [{"max": 19.99, "min": 0, "level": 1}, {"max": 39.99, "min": 20, "level": 2}, {"max": 59.99, "min": 40, "level": 3}, {"max": 79.99, "min": 60, "level": 4}, {"max": 100, "min": 80, "level": 5}]}}, "questionnaire_step_id": 14}', '{"id": 16, "title": "What is the state of your asset information management?", "context": "ISO 55001 requires accurate, consistent, and accessible asset information. Data quality directly impacts decision-making effectiveness.", "company_id": "b64d182f-0ee3-40a0-b367-281f31902620", "created_at": "2025-11-04T00:22:12.629536+00:00", "created_by": "00000000-0000-0000-0000-000000000001", "deleted_at": null, "is_deleted": false, "updated_at": "2025-11-04T00:23:36.299+00:00", "order_index": 1, "question_text": "", "questionnaire_id": 3, "rating_scale_mapping": {"version": "weighted", "partScoring": {"42": [{"max": 19.99, "min": 0, "level": 1}, {"max": 39.99, "min": 20, "level": 2}, {"max": 59.99, "min": 40, "level": 3}, {"max": 79.99, "min": 60, "level": 4}, {"max": 100, "min": 80, "level": 5}], "43": [{"max": 19.99, "min": 0, "level": 1}, {"max": 39.99, "min": 20, "level": 2}, {"max": 59.99, "min": 40, "level": 3}, {"max": 79.99, "min": 60, "level": 4}, {"max": 100, "min": 80, "level": 5}], "44": [{"max": 3.99, "min": 0, "level": 1}, {"max": 7.99, "min": 4, "level": 2}, {"max": 11.99, "min": 8, "level": 3}, {"max": 15.99, "min": 12, "level": 4}, {"max": 20, "min": 16, "level": 5}]}}, "questionnaire_step_id": 14}', '{rating_scale_mapping}', '{"ip": "172.19.0.1", "user_agent": "node", "soft_delete_at": null}', '2025-11-04 00:23:36.303219+00'),
	(78, 'b64d182f-0ee3-40a0-b367-281f31902620', '00000000-0000-0000-0000-000000000001', 'tbikaun+vantage_local@teampps.com.au', 'Tyler Bikaun (Test User)', 'UPDATE', 'questionnaire_question_rating_scales', '74', 'user_action', NULL, NULL, false, '{"id": 74, "company_id": "b64d182f-0ee3-40a0-b367-281f31902620", "created_at": "2025-11-04T00:22:12.663425+00:00", "created_by": "00000000-0000-0000-0000-000000000001", "deleted_at": null, "is_deleted": false, "updated_at": "2025-11-04T00:22:12.663425+00:00", "description": "Basic awareness and initial efforts underway. Informal processes with limited documentation or consistency.", "questionnaire_id": 3, "questionnaire_question_id": 16, "questionnaire_rating_scale_id": 9}', '{"id": 74, "company_id": "b64d182f-0ee3-40a0-b367-281f31902620", "created_at": "2025-11-04T00:22:12.663425+00:00", "created_by": "00000000-0000-0000-0000-000000000001", "deleted_at": null, "is_deleted": false, "updated_at": "2025-11-04T00:22:39.826+00:00", "description": "Asset management system in place with moderate data quality. Some integration between systems.", "questionnaire_id": 3, "questionnaire_question_id": 16, "questionnaire_rating_scale_id": 9}', '{description}', '{"ip": "172.19.0.1", "user_agent": "node", "soft_delete_at": null}', '2025-11-04 00:22:39.831905+00'),
	(82, 'b64d182f-0ee3-40a0-b367-281f31902620', '00000000-0000-0000-0000-000000000001', 'tbikaun+vantage_local@teampps.com.au', 'Tyler Bikaun (Test User)', 'UPDATE', 'questionnaire_question_rating_scales', '75', 'user_action', NULL, NULL, false, '{"id": 75, "company_id": "b64d182f-0ee3-40a0-b367-281f31902620", "created_at": "2025-11-04T00:22:12.663425+00:00", "created_by": "00000000-0000-0000-0000-000000000001", "deleted_at": null, "is_deleted": false, "updated_at": "2025-11-04T00:22:45.952+00:00", "description": "Comprehensive asset data with high quality standards. Well-integrated systems and regular audits.", "questionnaire_id": 3, "questionnaire_question_id": 16, "questionnaire_rating_scale_id": 10}', '{"id": 75, "company_id": "b64d182f-0ee3-40a0-b367-281f31902620", "created_at": "2025-11-04T00:22:12.663425+00:00", "created_by": "00000000-0000-0000-0000-000000000001", "deleted_at": null, "is_deleted": false, "updated_at": "2025-11-04T00:23:03.337+00:00", "description": "Asset management system in place with moderate data quality. Some integration between systems.", "questionnaire_id": 3, "questionnaire_question_id": 16, "questionnaire_rating_scale_id": 10}', '{description}', '{"ip": "172.19.0.1", "user_agent": "node", "soft_delete_at": null}', '2025-11-04 00:23:03.341696+00'),
	(84, 'b64d182f-0ee3-40a0-b367-281f31902620', '00000000-0000-0000-0000-000000000001', 'tbikaun+vantage_local@teampps.com.au', 'Tyler Bikaun (Test User)', 'UPDATE', 'questionnaire_questions', '16', 'user_action', NULL, NULL, false, '{"id": 16, "title": "What is the state of your asset information management?", "context": "ISO 55001 requires accurate, consistent, and accessible asset information. Data quality directly impacts decision-making effectiveness.", "company_id": "b64d182f-0ee3-40a0-b367-281f31902620", "created_at": "2025-11-04T00:22:12.629536+00:00", "created_by": "00000000-0000-0000-0000-000000000001", "deleted_at": null, "is_deleted": false, "updated_at": "2025-11-04T00:22:25.621+00:00", "order_index": 1, "question_text": "", "questionnaire_id": 3, "rating_scale_mapping": null, "questionnaire_step_id": 14}', '{"id": 16, "title": "What is the state of your asset information management?", "context": "ISO 55001 requires accurate, consistent, and accessible asset information. Data quality directly impacts decision-making effectiveness.", "company_id": "b64d182f-0ee3-40a0-b367-281f31902620", "created_at": "2025-11-04T00:22:12.629536+00:00", "created_by": "00000000-0000-0000-0000-000000000001", "deleted_at": null, "is_deleted": false, "updated_at": "2025-11-04T00:23:12.259+00:00", "order_index": 1, "question_text": "", "questionnaire_id": 3, "rating_scale_mapping": {"version": "weighted", "partScoring": {"42": [{"max": 19.99, "min": 0, "level": 1}, {"max": 39.99, "min": 20, "level": 2}, {"max": 59.99, "min": 40, "level": 3}, {"max": 79.99, "min": 60, "level": 4}, {"max": 100, "min": 80, "level": 5}]}}, "questionnaire_step_id": 14}', '{rating_scale_mapping}', '{"ip": "172.19.0.1", "user_agent": "node", "soft_delete_at": null}', '2025-11-04 00:23:12.265347+00'),
	(87, 'b64d182f-0ee3-40a0-b367-281f31902620', '00000000-0000-0000-0000-000000000001', 'tbikaun+vantage_local@teampps.com.au', 'Tyler Bikaun (Test User)', 'INSERT', 'questionnaire_question_parts', '44', 'user_action', NULL, NULL, false, NULL, '{"id": 44, "text": "Number of asset data systems in use", "options": {"max": 20, "min": 0, "decimal_places": 0}, "company_id": "b64d182f-0ee3-40a0-b367-281f31902620", "created_at": "2025-11-04T00:23:36.28069+00:00", "created_by": "00000000-0000-0000-0000-000000000001", "deleted_at": null, "is_deleted": false, "updated_at": "2025-11-04T00:23:36.28069+00:00", "answer_type": "number", "order_index": 2, "questionnaire_id": 3, "questionnaire_question_id": 16}', '{}', '{"ip": "172.19.0.1", "user_agent": "node", "soft_delete_at": null}', '2025-11-04 00:23:36.28069+00'),
	(89, 'b64d182f-0ee3-40a0-b367-281f31902620', '00000000-0000-0000-0000-000000000001', 'tbikaun+vantage_local@teampps.com.au', 'Tyler Bikaun (Test User)', 'INSERT', 'questionnaire_question_parts', '45', 'user_action', NULL, NULL, false, NULL, '{"id": 45, "text": "Level of system integration", "options": {"labels": ["None", "Manual transfers", "Some automation", "Mostly integrated", "Fully integrated"]}, "company_id": "b64d182f-0ee3-40a0-b367-281f31902620", "created_at": "2025-11-04T00:24:10.649081+00:00", "created_by": "00000000-0000-0000-0000-000000000001", "deleted_at": null, "is_deleted": false, "updated_at": "2025-11-04T00:24:10.649081+00:00", "answer_type": "labelled_scale", "order_index": 3, "questionnaire_id": 3, "questionnaire_question_id": 16}', '{}', '{"ip": "172.19.0.1", "user_agent": "node", "soft_delete_at": null}', '2025-11-04 00:24:10.649081+00'),
	(91, 'b64d182f-0ee3-40a0-b367-281f31902620', '00000000-0000-0000-0000-000000000001', 'tbikaun+vantage_local@teampps.com.au', 'Tyler Bikaun (Test User)', 'INSERT', 'questionnaire_sections', '10', 'user_action', NULL, NULL, false, NULL, '{"id": 10, "title": "Lifecycle Management", "expanded": true, "company_id": "b64d182f-0ee3-40a0-b367-281f31902620", "created_at": "2025-11-04T00:24:23.489924+00:00", "created_by": "00000000-0000-0000-0000-000000000001", "deleted_at": null, "is_deleted": false, "updated_at": "2025-11-04T00:24:23.489924+00:00", "order_index": 4, "questionnaire_id": 3}', '{}', '{"ip": "172.19.0.1", "user_agent": "node", "soft_delete_at": null}', '2025-11-04 00:24:23.489924+00'),
	(94, 'b64d182f-0ee3-40a0-b367-281f31902620', '00000000-0000-0000-0000-000000000001', 'tbikaun+vantage_local@teampps.com.au', 'Tyler Bikaun (Test User)', 'INSERT', 'questionnaire_question_rating_scales', '78', 'user_action', NULL, NULL, false, NULL, '{"id": 78, "company_id": "b64d182f-0ee3-40a0-b367-281f31902620", "created_at": "2025-11-04T00:24:35.546813+00:00", "created_by": "00000000-0000-0000-0000-000000000001", "deleted_at": null, "is_deleted": false, "updated_at": "2025-11-04T00:24:35.546813+00:00", "description": "No formal processes or systems in place. Ad-hoc reactive approach with no strategic direction.", "questionnaire_id": 3, "questionnaire_question_id": 17, "questionnaire_rating_scale_id": 8}', '{}', '{"ip": "172.19.0.1", "user_agent": "node", "soft_delete_at": null}', '2025-11-04 00:24:35.546813+00'),
	(90, 'b64d182f-0ee3-40a0-b367-281f31902620', '00000000-0000-0000-0000-000000000001', 'tbikaun+vantage_local@teampps.com.au', 'Tyler Bikaun (Test User)', 'UPDATE', 'questionnaire_questions', '16', 'user_action', NULL, NULL, false, '{"id": 16, "title": "What is the state of your asset information management?", "context": "ISO 55001 requires accurate, consistent, and accessible asset information. Data quality directly impacts decision-making effectiveness.", "company_id": "b64d182f-0ee3-40a0-b367-281f31902620", "created_at": "2025-11-04T00:22:12.629536+00:00", "created_by": "00000000-0000-0000-0000-000000000001", "deleted_at": null, "is_deleted": false, "updated_at": "2025-11-04T00:23:36.299+00:00", "order_index": 1, "question_text": "", "questionnaire_id": 3, "rating_scale_mapping": {"version": "weighted", "partScoring": {"42": [{"max": 19.99, "min": 0, "level": 1}, {"max": 39.99, "min": 20, "level": 2}, {"max": 59.99, "min": 40, "level": 3}, {"max": 79.99, "min": 60, "level": 4}, {"max": 100, "min": 80, "level": 5}], "43": [{"max": 19.99, "min": 0, "level": 1}, {"max": 39.99, "min": 20, "level": 2}, {"max": 59.99, "min": 40, "level": 3}, {"max": 79.99, "min": 60, "level": 4}, {"max": 100, "min": 80, "level": 5}], "44": [{"max": 3.99, "min": 0, "level": 1}, {"max": 7.99, "min": 4, "level": 2}, {"max": 11.99, "min": 8, "level": 3}, {"max": 15.99, "min": 12, "level": 4}, {"max": 20, "min": 16, "level": 5}]}}, "questionnaire_step_id": 14}', '{"id": 16, "title": "What is the state of your asset information management?", "context": "ISO 55001 requires accurate, consistent, and accessible asset information. Data quality directly impacts decision-making effectiveness.", "company_id": "b64d182f-0ee3-40a0-b367-281f31902620", "created_at": "2025-11-04T00:22:12.629536+00:00", "created_by": "00000000-0000-0000-0000-000000000001", "deleted_at": null, "is_deleted": false, "updated_at": "2025-11-04T00:24:10.672+00:00", "order_index": 1, "question_text": "", "questionnaire_id": 3, "rating_scale_mapping": {"version": "weighted", "partScoring": {"42": [{"max": 19.99, "min": 0, "level": 1}, {"max": 39.99, "min": 20, "level": 2}, {"max": 59.99, "min": 40, "level": 3}, {"max": 79.99, "min": 60, "level": 4}, {"max": 100, "min": 80, "level": 5}], "43": [{"max": 19.99, "min": 0, "level": 1}, {"max": 39.99, "min": 20, "level": 2}, {"max": 59.99, "min": 40, "level": 3}, {"max": 79.99, "min": 60, "level": 4}, {"max": 100, "min": 80, "level": 5}], "44": [{"max": 3.99, "min": 0, "level": 1}, {"max": 7.99, "min": 4, "level": 2}, {"max": 11.99, "min": 8, "level": 3}, {"max": 15.99, "min": 12, "level": 4}, {"max": 20, "min": 16, "level": 5}], "45": {"None": 1, "Some automation": 3, "Fully integrated": 5, "Manual transfers": 2, "Mostly integrated": 4}}}, "questionnaire_step_id": 14}', '{rating_scale_mapping}', '{"ip": "172.19.0.1", "user_agent": "node", "soft_delete_at": null}', '2025-11-04 00:24:10.677232+00'),
	(92, 'b64d182f-0ee3-40a0-b367-281f31902620', '00000000-0000-0000-0000-000000000001', 'tbikaun+vantage_local@teampps.com.au', 'Tyler Bikaun (Test User)', 'INSERT', 'questionnaire_steps', '15', 'user_action', NULL, NULL, false, NULL, '{"id": 15, "title": "Asset Lifecycle Planning", "expanded": true, "company_id": "b64d182f-0ee3-40a0-b367-281f31902620", "created_at": "2025-11-04T00:24:30.206745+00:00", "created_by": "00000000-0000-0000-0000-000000000001", "deleted_at": null, "is_deleted": false, "updated_at": "2025-11-04T00:24:30.206745+00:00", "order_index": 1, "questionnaire_id": 3, "questionnaire_section_id": 10}', '{}', '{"ip": "172.19.0.1", "user_agent": "node", "soft_delete_at": null}', '2025-11-04 00:24:30.206745+00'),
	(93, 'b64d182f-0ee3-40a0-b367-281f31902620', '00000000-0000-0000-0000-000000000001', 'tbikaun+vantage_local@teampps.com.au', 'Tyler Bikaun (Test User)', 'INSERT', 'questionnaire_questions', '17', 'user_action', NULL, NULL, false, NULL, '{"id": 17, "title": "How well do you manage asset lifecycles?", "context": "Placeholder context", "company_id": "b64d182f-0ee3-40a0-b367-281f31902620", "created_at": "2025-11-04T00:24:35.519662+00:00", "created_by": "00000000-0000-0000-0000-000000000001", "deleted_at": null, "is_deleted": false, "updated_at": "2025-11-04T00:24:35.519662+00:00", "order_index": 1, "question_text": "", "questionnaire_id": 3, "rating_scale_mapping": null, "questionnaire_step_id": 15}', '{}', '{"ip": "172.19.0.1", "user_agent": "node", "soft_delete_at": null}', '2025-11-04 00:24:35.519662+00'),
	(99, 'b64d182f-0ee3-40a0-b367-281f31902620', '00000000-0000-0000-0000-000000000001', 'tbikaun+vantage_local@teampps.com.au', 'Tyler Bikaun (Test User)', 'UPDATE', 'questionnaire_questions', '17', 'user_action', NULL, NULL, false, '{"id": 17, "title": "How well do you manage asset lifecycles?", "context": "Placeholder context", "company_id": "b64d182f-0ee3-40a0-b367-281f31902620", "created_at": "2025-11-04T00:24:35.519662+00:00", "created_by": "00000000-0000-0000-0000-000000000001", "deleted_at": null, "is_deleted": false, "updated_at": "2025-11-04T00:24:35.519662+00:00", "order_index": 1, "question_text": "", "questionnaire_id": 3, "rating_scale_mapping": null, "questionnaire_step_id": 15}', '{"id": 17, "title": "How well do you manage asset lifecycles?", "context": "ISO 55001 requires consideration of assets throughout their entire lifecycle - from acquisition to disposal. This ensures optimal value realization.", "company_id": "b64d182f-0ee3-40a0-b367-281f31902620", "created_at": "2025-11-04T00:24:35.519662+00:00", "created_by": "00000000-0000-0000-0000-000000000001", "deleted_at": null, "is_deleted": false, "updated_at": "2025-11-04T00:24:43.366+00:00", "order_index": 1, "question_text": "", "questionnaire_id": 3, "rating_scale_mapping": null, "questionnaire_step_id": 15}', '{context}', '{"ip": "172.19.0.1", "user_agent": "node", "soft_delete_at": null}', '2025-11-04 00:24:43.37028+00'),
	(101, 'b64d182f-0ee3-40a0-b367-281f31902620', '00000000-0000-0000-0000-000000000001', 'tbikaun+vantage_local@teampps.com.au', 'Tyler Bikaun (Test User)', 'UPDATE', 'questionnaire_question_rating_scales', '79', 'user_action', NULL, NULL, false, '{"id": 79, "company_id": "b64d182f-0ee3-40a0-b367-281f31902620", "created_at": "2025-11-04T00:24:35.546813+00:00", "created_by": "00000000-0000-0000-0000-000000000001", "deleted_at": null, "is_deleted": false, "updated_at": "2025-11-04T00:24:35.546813+00:00", "description": "Basic awareness and initial efforts underway. Informal processes with limited documentation or consistency.", "questionnaire_id": 3, "questionnaire_question_id": 17, "questionnaire_rating_scale_id": 9}', '{"id": 79, "company_id": "b64d182f-0ee3-40a0-b367-281f31902620", "created_at": "2025-11-04T00:24:35.546813+00:00", "created_by": "00000000-0000-0000-0000-000000000001", "deleted_at": null, "is_deleted": false, "updated_at": "2025-11-04T00:24:57.711+00:00", "description": "Basic age-based replacement strategies for some critical assets only.", "questionnaire_id": 3, "questionnaire_question_id": 17, "questionnaire_rating_scale_id": 9}', '{description}', '{"ip": "172.19.0.1", "user_agent": "node", "soft_delete_at": null}', '2025-11-04 00:24:57.716848+00'),
	(103, 'b64d182f-0ee3-40a0-b367-281f31902620', '00000000-0000-0000-0000-000000000001', 'tbikaun+vantage_local@teampps.com.au', 'Tyler Bikaun (Test User)', 'UPDATE', 'questionnaire_question_rating_scales', '81', 'user_action', NULL, NULL, false, '{"id": 81, "company_id": "b64d182f-0ee3-40a0-b367-281f31902620", "created_at": "2025-11-04T00:24:35.546813+00:00", "created_by": "00000000-0000-0000-0000-000000000001", "deleted_at": null, "is_deleted": false, "updated_at": "2025-11-04T00:24:35.546813+00:00", "description": "Comprehensive processes fully implemented. Consistent application with regular review and improvement.", "questionnaire_id": 3, "questionnaire_question_id": 17, "questionnaire_rating_scale_id": 11}', '{"id": 81, "company_id": "b64d182f-0ee3-40a0-b367-281f31902620", "created_at": "2025-11-04T00:24:35.546813+00:00", "created_by": "00000000-0000-0000-0000-000000000001", "deleted_at": null, "is_deleted": false, "updated_at": "2025-11-04T00:25:07.877+00:00", "description": "Comprehensive lifecycle strategies with optimized intervention timing and TCO analysis.", "questionnaire_id": 3, "questionnaire_question_id": 17, "questionnaire_rating_scale_id": 11}', '{description}', '{"ip": "172.19.0.1", "user_agent": "node", "soft_delete_at": null}', '2025-11-04 00:25:07.881773+00'),
	(95, 'b64d182f-0ee3-40a0-b367-281f31902620', '00000000-0000-0000-0000-000000000001', 'tbikaun+vantage_local@teampps.com.au', 'Tyler Bikaun (Test User)', 'INSERT', 'questionnaire_question_rating_scales', '79', 'user_action', NULL, NULL, false, NULL, '{"id": 79, "company_id": "b64d182f-0ee3-40a0-b367-281f31902620", "created_at": "2025-11-04T00:24:35.546813+00:00", "created_by": "00000000-0000-0000-0000-000000000001", "deleted_at": null, "is_deleted": false, "updated_at": "2025-11-04T00:24:35.546813+00:00", "description": "Basic awareness and initial efforts underway. Informal processes with limited documentation or consistency.", "questionnaire_id": 3, "questionnaire_question_id": 17, "questionnaire_rating_scale_id": 9}', '{}', '{"ip": "172.19.0.1", "user_agent": "node", "soft_delete_at": null}', '2025-11-04 00:24:35.546813+00'),
	(96, 'b64d182f-0ee3-40a0-b367-281f31902620', '00000000-0000-0000-0000-000000000001', 'tbikaun+vantage_local@teampps.com.au', 'Tyler Bikaun (Test User)', 'INSERT', 'questionnaire_question_rating_scales', '80', 'user_action', NULL, NULL, false, NULL, '{"id": 80, "company_id": "b64d182f-0ee3-40a0-b367-281f31902620", "created_at": "2025-11-04T00:24:35.546813+00:00", "created_by": "00000000-0000-0000-0000-000000000001", "deleted_at": null, "is_deleted": false, "updated_at": "2025-11-04T00:24:35.546813+00:00", "description": "Formal processes being established. Partial implementation with growing maturity and documentation.", "questionnaire_id": 3, "questionnaire_question_id": 17, "questionnaire_rating_scale_id": 10}', '{}', '{"ip": "172.19.0.1", "user_agent": "node", "soft_delete_at": null}', '2025-11-04 00:24:35.546813+00'),
	(97, 'b64d182f-0ee3-40a0-b367-281f31902620', '00000000-0000-0000-0000-000000000001', 'tbikaun+vantage_local@teampps.com.au', 'Tyler Bikaun (Test User)', 'INSERT', 'questionnaire_question_rating_scales', '81', 'user_action', NULL, NULL, false, NULL, '{"id": 81, "company_id": "b64d182f-0ee3-40a0-b367-281f31902620", "created_at": "2025-11-04T00:24:35.546813+00:00", "created_by": "00000000-0000-0000-0000-000000000001", "deleted_at": null, "is_deleted": false, "updated_at": "2025-11-04T00:24:35.546813+00:00", "description": "Comprehensive processes fully implemented. Consistent application with regular review and improvement.", "questionnaire_id": 3, "questionnaire_question_id": 17, "questionnaire_rating_scale_id": 11}', '{}', '{"ip": "172.19.0.1", "user_agent": "node", "soft_delete_at": null}', '2025-11-04 00:24:35.546813+00'),
	(98, 'b64d182f-0ee3-40a0-b367-281f31902620', '00000000-0000-0000-0000-000000000001', 'tbikaun+vantage_local@teampps.com.au', 'Tyler Bikaun (Test User)', 'INSERT', 'questionnaire_question_rating_scales', '82', 'user_action', NULL, NULL, false, NULL, '{"id": 82, "company_id": "b64d182f-0ee3-40a0-b367-281f31902620", "created_at": "2025-11-04T00:24:35.546813+00:00", "created_by": "00000000-0000-0000-0000-000000000001", "deleted_at": null, "is_deleted": false, "updated_at": "2025-11-04T00:24:35.546813+00:00", "description": "Industry-leading practices with continuous optimization. Data-driven decision making and predictive capabilities.", "questionnaire_id": 3, "questionnaire_question_id": 17, "questionnaire_rating_scale_id": 12}', '{}', '{"ip": "172.19.0.1", "user_agent": "node", "soft_delete_at": null}', '2025-11-04 00:24:35.546813+00'),
	(100, 'b64d182f-0ee3-40a0-b367-281f31902620', '00000000-0000-0000-0000-000000000001', 'tbikaun+vantage_local@teampps.com.au', 'Tyler Bikaun (Test User)', 'UPDATE', 'questionnaire_question_rating_scales', '78', 'user_action', NULL, NULL, false, '{"id": 78, "company_id": "b64d182f-0ee3-40a0-b367-281f31902620", "created_at": "2025-11-04T00:24:35.546813+00:00", "created_by": "00000000-0000-0000-0000-000000000001", "deleted_at": null, "is_deleted": false, "updated_at": "2025-11-04T00:24:35.546813+00:00", "description": "No formal processes or systems in place. Ad-hoc reactive approach with no strategic direction.", "questionnaire_id": 3, "questionnaire_question_id": 17, "questionnaire_rating_scale_id": 8}', '{"id": 78, "company_id": "b64d182f-0ee3-40a0-b367-281f31902620", "created_at": "2025-11-04T00:24:35.546813+00:00", "created_by": "00000000-0000-0000-0000-000000000001", "deleted_at": null, "is_deleted": false, "updated_at": "2025-11-04T00:24:52.777+00:00", "description": "No lifecycle planning. Run-to-failure approach with reactive replacements.", "questionnaire_id": 3, "questionnaire_question_id": 17, "questionnaire_rating_scale_id": 8}', '{description}', '{"ip": "172.19.0.1", "user_agent": "node", "soft_delete_at": null}', '2025-11-04 00:24:52.782598+00'),
	(102, 'b64d182f-0ee3-40a0-b367-281f31902620', '00000000-0000-0000-0000-000000000001', 'tbikaun+vantage_local@teampps.com.au', 'Tyler Bikaun (Test User)', 'UPDATE', 'questionnaire_question_rating_scales', '80', 'user_action', NULL, NULL, false, '{"id": 80, "company_id": "b64d182f-0ee3-40a0-b367-281f31902620", "created_at": "2025-11-04T00:24:35.546813+00:00", "created_by": "00000000-0000-0000-0000-000000000001", "deleted_at": null, "is_deleted": false, "updated_at": "2025-11-04T00:24:35.546813+00:00", "description": "Formal processes being established. Partial implementation with growing maturity and documentation.", "questionnaire_id": 3, "questionnaire_question_id": 17, "questionnaire_rating_scale_id": 10}', '{"id": 80, "company_id": "b64d182f-0ee3-40a0-b367-281f31902620", "created_at": "2025-11-04T00:24:35.546813+00:00", "created_by": "00000000-0000-0000-0000-000000000001", "deleted_at": null, "is_deleted": false, "updated_at": "2025-11-04T00:25:01.69+00:00", "description": "Lifecycle plans for major assets. Some consideration of total cost of ownership.", "questionnaire_id": 3, "questionnaire_question_id": 17, "questionnaire_rating_scale_id": 10}', '{description}', '{"ip": "172.19.0.1", "user_agent": "node", "soft_delete_at": null}', '2025-11-04 00:25:01.696291+00'),
	(104, 'b64d182f-0ee3-40a0-b367-281f31902620', '00000000-0000-0000-0000-000000000001', 'tbikaun+vantage_local@teampps.com.au', 'Tyler Bikaun (Test User)', 'UPDATE', 'questionnaire_question_rating_scales', '82', 'user_action', NULL, NULL, false, '{"id": 82, "company_id": "b64d182f-0ee3-40a0-b367-281f31902620", "created_at": "2025-11-04T00:24:35.546813+00:00", "created_by": "00000000-0000-0000-0000-000000000001", "deleted_at": null, "is_deleted": false, "updated_at": "2025-11-04T00:24:35.546813+00:00", "description": "Industry-leading practices with continuous optimization. Data-driven decision making and predictive capabilities.", "questionnaire_id": 3, "questionnaire_question_id": 17, "questionnaire_rating_scale_id": 12}', '{"id": 82, "company_id": "b64d182f-0ee3-40a0-b367-281f31902620", "created_at": "2025-11-04T00:24:35.546813+00:00", "created_by": "00000000-0000-0000-0000-000000000001", "deleted_at": null, "is_deleted": false, "updated_at": "2025-11-04T00:25:12.295+00:00", "description": "Dynamic lifecycle optimization using condition data and predictive analytics. Circular economy principles.", "questionnaire_id": 3, "questionnaire_question_id": 17, "questionnaire_rating_scale_id": 12}', '{description}', '{"ip": "172.19.0.1", "user_agent": "node", "soft_delete_at": null}', '2025-11-04 00:25:12.299929+00'),
	(112, 'b64d182f-0ee3-40a0-b367-281f31902620', '00000000-0000-0000-0000-000000000001', 'tbikaun+vantage_local@teampps.com.au', 'Tyler Bikaun (Test User)', 'INSERT', 'questionnaire_steps', '16', 'user_action', NULL, NULL, false, NULL, '{"id": 16, "title": "KPIs and Monitoring", "expanded": true, "company_id": "b64d182f-0ee3-40a0-b367-281f31902620", "created_at": "2025-11-04T00:26:47.364567+00:00", "created_by": "00000000-0000-0000-0000-000000000001", "deleted_at": null, "is_deleted": false, "updated_at": "2025-11-04T00:26:47.364567+00:00", "order_index": 1, "questionnaire_id": 3, "questionnaire_section_id": 11}', '{}', '{"ip": "172.19.0.1", "user_agent": "node", "soft_delete_at": null}', '2025-11-04 00:26:47.364567+00'),
	(105, 'b64d182f-0ee3-40a0-b367-281f31902620', '00000000-0000-0000-0000-000000000001', 'tbikaun+vantage_local@teampps.com.au', 'Tyler Bikaun (Test User)', 'INSERT', 'questionnaire_question_parts', '46', 'user_action', NULL, NULL, false, NULL, '{"id": 46, "text": "Percentage of assets with lifecycle plans", "options": {}, "company_id": "b64d182f-0ee3-40a0-b367-281f31902620", "created_at": "2025-11-04T00:25:21.624333+00:00", "created_by": "00000000-0000-0000-0000-000000000001", "deleted_at": null, "is_deleted": false, "updated_at": "2025-11-04T00:25:21.624333+00:00", "answer_type": "percentage", "order_index": 0, "questionnaire_id": 3, "questionnaire_question_id": 17}', '{}', '{"ip": "172.19.0.1", "user_agent": "node", "soft_delete_at": null}', '2025-11-04 00:25:21.624333+00'),
	(106, 'b64d182f-0ee3-40a0-b367-281f31902620', '00000000-0000-0000-0000-000000000001', 'tbikaun+vantage_local@teampps.com.au', 'Tyler Bikaun (Test User)', 'UPDATE', 'questionnaire_questions', '17', 'user_action', NULL, NULL, false, '{"id": 17, "title": "How well do you manage asset lifecycles?", "context": "ISO 55001 requires consideration of assets throughout their entire lifecycle - from acquisition to disposal. This ensures optimal value realization.", "company_id": "b64d182f-0ee3-40a0-b367-281f31902620", "created_at": "2025-11-04T00:24:35.519662+00:00", "created_by": "00000000-0000-0000-0000-000000000001", "deleted_at": null, "is_deleted": false, "updated_at": "2025-11-04T00:24:43.366+00:00", "order_index": 1, "question_text": "", "questionnaire_id": 3, "rating_scale_mapping": null, "questionnaire_step_id": 15}', '{"id": 17, "title": "How well do you manage asset lifecycles?", "context": "ISO 55001 requires consideration of assets throughout their entire lifecycle - from acquisition to disposal. This ensures optimal value realization.", "company_id": "b64d182f-0ee3-40a0-b367-281f31902620", "created_at": "2025-11-04T00:24:35.519662+00:00", "created_by": "00000000-0000-0000-0000-000000000001", "deleted_at": null, "is_deleted": false, "updated_at": "2025-11-04T00:25:21.65+00:00", "order_index": 1, "question_text": "", "questionnaire_id": 3, "rating_scale_mapping": {"version": "weighted", "partScoring": {"46": [{"max": 19.99, "min": 0, "level": 1}, {"max": 39.99, "min": 20, "level": 2}, {"max": 59.99, "min": 40, "level": 3}, {"max": 79.99, "min": 60, "level": 4}, {"max": 100, "min": 80, "level": 5}]}}, "questionnaire_step_id": 15}', '{rating_scale_mapping}', '{"ip": "172.19.0.1", "user_agent": "node", "soft_delete_at": null}', '2025-11-04 00:25:21.657134+00'),
	(107, 'b64d182f-0ee3-40a0-b367-281f31902620', '00000000-0000-0000-0000-000000000001', 'tbikaun+vantage_local@teampps.com.au', 'Tyler Bikaun (Test User)', 'INSERT', 'questionnaire_question_parts', '47', 'user_action', NULL, NULL, false, NULL, '{"id": 47, "text": "Average asset age vs design life ratio", "options": {"max": 2, "min": 0, "step": 0.1}, "company_id": "b64d182f-0ee3-40a0-b367-281f31902620", "created_at": "2025-11-04T00:26:13.482894+00:00", "created_by": "00000000-0000-0000-0000-000000000001", "deleted_at": null, "is_deleted": false, "updated_at": "2025-11-04T00:26:13.482894+00:00", "answer_type": "scale", "order_index": 1, "questionnaire_id": 3, "questionnaire_question_id": 17}', '{}', '{"ip": "172.19.0.1", "user_agent": "node", "soft_delete_at": null}', '2025-11-04 00:26:13.482894+00'),
	(108, 'b64d182f-0ee3-40a0-b367-281f31902620', '00000000-0000-0000-0000-000000000001', 'tbikaun+vantage_local@teampps.com.au', 'Tyler Bikaun (Test User)', 'UPDATE', 'questionnaire_questions', '17', 'user_action', NULL, NULL, false, '{"id": 17, "title": "How well do you manage asset lifecycles?", "context": "ISO 55001 requires consideration of assets throughout their entire lifecycle - from acquisition to disposal. This ensures optimal value realization.", "company_id": "b64d182f-0ee3-40a0-b367-281f31902620", "created_at": "2025-11-04T00:24:35.519662+00:00", "created_by": "00000000-0000-0000-0000-000000000001", "deleted_at": null, "is_deleted": false, "updated_at": "2025-11-04T00:25:21.65+00:00", "order_index": 1, "question_text": "", "questionnaire_id": 3, "rating_scale_mapping": {"version": "weighted", "partScoring": {"46": [{"max": 19.99, "min": 0, "level": 1}, {"max": 39.99, "min": 20, "level": 2}, {"max": 59.99, "min": 40, "level": 3}, {"max": 79.99, "min": 60, "level": 4}, {"max": 100, "min": 80, "level": 5}]}}, "questionnaire_step_id": 15}', '{"id": 17, "title": "How well do you manage asset lifecycles?", "context": "ISO 55001 requires consideration of assets throughout their entire lifecycle - from acquisition to disposal. This ensures optimal value realization.", "company_id": "b64d182f-0ee3-40a0-b367-281f31902620", "created_at": "2025-11-04T00:24:35.519662+00:00", "created_by": "00000000-0000-0000-0000-000000000001", "deleted_at": null, "is_deleted": false, "updated_at": "2025-11-04T00:26:13.507+00:00", "order_index": 1, "question_text": "", "questionnaire_id": 3, "rating_scale_mapping": {"version": "weighted", "partScoring": {"46": [{"max": 19.99, "min": 0, "level": 1}, {"max": 39.99, "min": 20, "level": 2}, {"max": 59.99, "min": 40, "level": 3}, {"max": 79.99, "min": 60, "level": 4}, {"max": 100, "min": 80, "level": 5}], "47": [{"max": 0.39, "min": 0, "level": 1}, {"max": 0.79, "min": 0.4, "level": 2}, {"max": 1.19, "min": 0.8, "level": 3}, {"max": 1.59, "min": 1.2, "level": 4}, {"max": 2, "min": 1.6, "level": 5}]}}, "questionnaire_step_id": 15}', '{rating_scale_mapping}', '{"ip": "172.19.0.1", "user_agent": "node", "soft_delete_at": null}', '2025-11-04 00:26:13.511585+00'),
	(109, 'b64d182f-0ee3-40a0-b367-281f31902620', '00000000-0000-0000-0000-000000000001', 'tbikaun+vantage_local@teampps.com.au', 'Tyler Bikaun (Test User)', 'INSERT', 'questionnaire_question_parts', '48', 'user_action', NULL, NULL, false, NULL, '{"id": 48, "text": "Unplanned vs planned maintenance ratio", "options": {"max": 5, "min": 0, "step": 0.5}, "company_id": "b64d182f-0ee3-40a0-b367-281f31902620", "created_at": "2025-11-04T00:26:25.658803+00:00", "created_by": "00000000-0000-0000-0000-000000000001", "deleted_at": null, "is_deleted": false, "updated_at": "2025-11-04T00:26:25.658803+00:00", "answer_type": "scale", "order_index": 2, "questionnaire_id": 3, "questionnaire_question_id": 17}', '{}', '{"ip": "172.19.0.1", "user_agent": "node", "soft_delete_at": null}', '2025-11-04 00:26:25.658803+00'),
	(110, 'b64d182f-0ee3-40a0-b367-281f31902620', '00000000-0000-0000-0000-000000000001', 'tbikaun+vantage_local@teampps.com.au', 'Tyler Bikaun (Test User)', 'UPDATE', 'questionnaire_questions', '17', 'user_action', NULL, NULL, false, '{"id": 17, "title": "How well do you manage asset lifecycles?", "context": "ISO 55001 requires consideration of assets throughout their entire lifecycle - from acquisition to disposal. This ensures optimal value realization.", "company_id": "b64d182f-0ee3-40a0-b367-281f31902620", "created_at": "2025-11-04T00:24:35.519662+00:00", "created_by": "00000000-0000-0000-0000-000000000001", "deleted_at": null, "is_deleted": false, "updated_at": "2025-11-04T00:26:13.507+00:00", "order_index": 1, "question_text": "", "questionnaire_id": 3, "rating_scale_mapping": {"version": "weighted", "partScoring": {"46": [{"max": 19.99, "min": 0, "level": 1}, {"max": 39.99, "min": 20, "level": 2}, {"max": 59.99, "min": 40, "level": 3}, {"max": 79.99, "min": 60, "level": 4}, {"max": 100, "min": 80, "level": 5}], "47": [{"max": 0.39, "min": 0, "level": 1}, {"max": 0.79, "min": 0.4, "level": 2}, {"max": 1.19, "min": 0.8, "level": 3}, {"max": 1.59, "min": 1.2, "level": 4}, {"max": 2, "min": 1.6, "level": 5}]}}, "questionnaire_step_id": 15}', '{"id": 17, "title": "How well do you manage asset lifecycles?", "context": "ISO 55001 requires consideration of assets throughout their entire lifecycle - from acquisition to disposal. This ensures optimal value realization.", "company_id": "b64d182f-0ee3-40a0-b367-281f31902620", "created_at": "2025-11-04T00:24:35.519662+00:00", "created_by": "00000000-0000-0000-0000-000000000001", "deleted_at": null, "is_deleted": false, "updated_at": "2025-11-04T00:26:25.685+00:00", "order_index": 1, "question_text": "", "questionnaire_id": 3, "rating_scale_mapping": {"version": "weighted", "partScoring": {"46": [{"max": 19.99, "min": 0, "level": 1}, {"max": 39.99, "min": 20, "level": 2}, {"max": 59.99, "min": 40, "level": 3}, {"max": 79.99, "min": 60, "level": 4}, {"max": 100, "min": 80, "level": 5}], "47": [{"max": 0.39, "min": 0, "level": 1}, {"max": 0.79, "min": 0.4, "level": 2}, {"max": 1.19, "min": 0.8, "level": 3}, {"max": 1.59, "min": 1.2, "level": 4}, {"max": 2, "min": 1.6, "level": 5}], "48": [{"max": 0.99, "min": 0, "level": 1}, {"max": 1.99, "min": 1, "level": 2}, {"max": 2.99, "min": 2, "level": 3}, {"max": 3.99, "min": 3, "level": 4}, {"max": 5, "min": 4, "level": 5}]}}, "questionnaire_step_id": 15}', '{rating_scale_mapping}', '{"ip": "172.19.0.1", "user_agent": "node", "soft_delete_at": null}', '2025-11-04 00:26:25.690087+00'),
	(113, 'b64d182f-0ee3-40a0-b367-281f31902620', '00000000-0000-0000-0000-000000000001', 'tbikaun+vantage_local@teampps.com.au', 'Tyler Bikaun (Test User)', 'INSERT', 'questionnaire_questions', '18', 'user_action', NULL, NULL, false, NULL, '{"id": 18, "title": "How effective is your performance monitoring?", "context": "Placeholder context", "company_id": "b64d182f-0ee3-40a0-b367-281f31902620", "created_at": "2025-11-04T00:26:53.87122+00:00", "created_by": "00000000-0000-0000-0000-000000000001", "deleted_at": null, "is_deleted": false, "updated_at": "2025-11-04T00:26:53.87122+00:00", "order_index": 1, "question_text": "", "questionnaire_id": 3, "rating_scale_mapping": null, "questionnaire_step_id": 16}', '{}', '{"ip": "172.19.0.1", "user_agent": "node", "soft_delete_at": null}', '2025-11-04 00:26:53.87122+00'),
	(119, 'b64d182f-0ee3-40a0-b367-281f31902620', '00000000-0000-0000-0000-000000000001', 'tbikaun+vantage_local@teampps.com.au', 'Tyler Bikaun (Test User)', 'UPDATE', 'questionnaire_questions', '18', 'user_action', NULL, NULL, false, '{"id": 18, "title": "How effective is your performance monitoring?", "context": "Placeholder context", "company_id": "b64d182f-0ee3-40a0-b367-281f31902620", "created_at": "2025-11-04T00:26:53.87122+00:00", "created_by": "00000000-0000-0000-0000-000000000001", "deleted_at": null, "is_deleted": false, "updated_at": "2025-11-04T00:26:53.87122+00:00", "order_index": 1, "question_text": "", "questionnaire_id": 3, "rating_scale_mapping": null, "questionnaire_step_id": 16}', '{"id": 18, "title": "How effective is your performance monitoring?", "context": "ISO 55001 requires monitoring, measurement, analysis and evaluation of asset management performance against objectives.", "company_id": "b64d182f-0ee3-40a0-b367-281f31902620", "created_at": "2025-11-04T00:26:53.87122+00:00", "created_by": "00000000-0000-0000-0000-000000000001", "deleted_at": null, "is_deleted": false, "updated_at": "2025-11-04T00:27:00.792+00:00", "order_index": 1, "question_text": "", "questionnaire_id": 3, "rating_scale_mapping": null, "questionnaire_step_id": 16}', '{context}', '{"ip": "172.19.0.1", "user_agent": "node", "soft_delete_at": null}', '2025-11-04 00:27:00.796412+00'),
	(122, 'b64d182f-0ee3-40a0-b367-281f31902620', '00000000-0000-0000-0000-000000000001', 'tbikaun+vantage_local@teampps.com.au', 'Tyler Bikaun (Test User)', 'UPDATE', 'questionnaire_question_rating_scales', '85', 'user_action', NULL, NULL, false, '{"id": 85, "company_id": "b64d182f-0ee3-40a0-b367-281f31902620", "created_at": "2025-11-04T00:26:53.897365+00:00", "created_by": "00000000-0000-0000-0000-000000000001", "deleted_at": null, "is_deleted": false, "updated_at": "2025-11-04T00:26:53.897365+00:00", "description": "Formal processes being established. Partial implementation with growing maturity and documentation.", "questionnaire_id": 3, "questionnaire_question_id": 18, "questionnaire_rating_scale_id": 10}', '{"id": 85, "company_id": "b64d182f-0ee3-40a0-b367-281f31902620", "created_at": "2025-11-04T00:26:53.897365+00:00", "created_by": "00000000-0000-0000-0000-000000000001", "deleted_at": null, "is_deleted": false, "updated_at": "2025-11-04T00:27:16.799+00:00", "description": "Mix of leading and lagging indicators. Regular reporting but limited analysis.", "questionnaire_id": 3, "questionnaire_question_id": 18, "questionnaire_rating_scale_id": 10}', '{description}', '{"ip": "172.19.0.1", "user_agent": "node", "soft_delete_at": null}', '2025-11-04 00:27:16.804653+00'),
	(124, 'b64d182f-0ee3-40a0-b367-281f31902620', '00000000-0000-0000-0000-000000000001', 'tbikaun+vantage_local@teampps.com.au', 'Tyler Bikaun (Test User)', 'UPDATE', 'questionnaire_question_rating_scales', '87', 'user_action', NULL, NULL, false, '{"id": 87, "company_id": "b64d182f-0ee3-40a0-b367-281f31902620", "created_at": "2025-11-04T00:26:53.897365+00:00", "created_by": "00000000-0000-0000-0000-000000000001", "deleted_at": null, "is_deleted": false, "updated_at": "2025-11-04T00:26:53.897365+00:00", "description": "Industry-leading practices with continuous optimization. Data-driven decision making and predictive capabilities.", "questionnaire_id": 3, "questionnaire_question_id": 18, "questionnaire_rating_scale_id": 12}', '{"id": 87, "company_id": "b64d182f-0ee3-40a0-b367-281f31902620", "created_at": "2025-11-04T00:26:53.897365+00:00", "created_by": "00000000-0000-0000-0000-000000000001", "deleted_at": null, "is_deleted": false, "updated_at": "2025-11-04T00:27:28.836+00:00", "description": "Real-time performance dashboards with predictive analytics. Automated alerts and optimization.", "questionnaire_id": 3, "questionnaire_question_id": 18, "questionnaire_rating_scale_id": 12}', '{description}', '{"ip": "172.19.0.1", "user_agent": "node", "soft_delete_at": null}', '2025-11-04 00:27:28.842108+00'),
	(126, 'b64d182f-0ee3-40a0-b367-281f31902620', '00000000-0000-0000-0000-000000000001', 'tbikaun+vantage_local@teampps.com.au', 'Tyler Bikaun (Test User)', 'UPDATE', 'questionnaire_questions', '18', 'user_action', NULL, NULL, false, '{"id": 18, "title": "How effective is your performance monitoring?", "context": "ISO 55001 requires monitoring, measurement, analysis and evaluation of asset management performance against objectives.", "company_id": "b64d182f-0ee3-40a0-b367-281f31902620", "created_at": "2025-11-04T00:26:53.87122+00:00", "created_by": "00000000-0000-0000-0000-000000000001", "deleted_at": null, "is_deleted": false, "updated_at": "2025-11-04T00:27:00.792+00:00", "order_index": 1, "question_text": "", "questionnaire_id": 3, "rating_scale_mapping": null, "questionnaire_step_id": 16}', '{"id": 18, "title": "How effective is your performance monitoring?", "context": "ISO 55001 requires monitoring, measurement, analysis and evaluation of asset management performance against objectives.", "company_id": "b64d182f-0ee3-40a0-b367-281f31902620", "created_at": "2025-11-04T00:26:53.87122+00:00", "created_by": "00000000-0000-0000-0000-000000000001", "deleted_at": null, "is_deleted": false, "updated_at": "2025-11-04T00:27:40.564+00:00", "order_index": 1, "question_text": "", "questionnaire_id": 3, "rating_scale_mapping": {"version": "weighted", "partScoring": {"49": [{"max": 9.99, "min": 0, "level": 1}, {"max": 19.99, "min": 10, "level": 2}, {"max": 29.99, "min": 20, "level": 3}, {"max": 39.99, "min": 30, "level": 4}, {"max": 50, "min": 40, "level": 5}]}}, "questionnaire_step_id": 16}', '{rating_scale_mapping}', '{"ip": "172.19.0.1", "user_agent": "node", "soft_delete_at": null}', '2025-11-04 00:27:40.56833+00'),
	(114, 'b64d182f-0ee3-40a0-b367-281f31902620', '00000000-0000-0000-0000-000000000001', 'tbikaun+vantage_local@teampps.com.au', 'Tyler Bikaun (Test User)', 'INSERT', 'questionnaire_question_rating_scales', '83', 'user_action', NULL, NULL, false, NULL, '{"id": 83, "company_id": "b64d182f-0ee3-40a0-b367-281f31902620", "created_at": "2025-11-04T00:26:53.897365+00:00", "created_by": "00000000-0000-0000-0000-000000000001", "deleted_at": null, "is_deleted": false, "updated_at": "2025-11-04T00:26:53.897365+00:00", "description": "No formal processes or systems in place. Ad-hoc reactive approach with no strategic direction.", "questionnaire_id": 3, "questionnaire_question_id": 18, "questionnaire_rating_scale_id": 8}', '{}', '{"ip": "172.19.0.1", "user_agent": "node", "soft_delete_at": null}', '2025-11-04 00:26:53.897365+00'),
	(115, 'b64d182f-0ee3-40a0-b367-281f31902620', '00000000-0000-0000-0000-000000000001', 'tbikaun+vantage_local@teampps.com.au', 'Tyler Bikaun (Test User)', 'INSERT', 'questionnaire_question_rating_scales', '84', 'user_action', NULL, NULL, false, NULL, '{"id": 84, "company_id": "b64d182f-0ee3-40a0-b367-281f31902620", "created_at": "2025-11-04T00:26:53.897365+00:00", "created_by": "00000000-0000-0000-0000-000000000001", "deleted_at": null, "is_deleted": false, "updated_at": "2025-11-04T00:26:53.897365+00:00", "description": "Basic awareness and initial efforts underway. Informal processes with limited documentation or consistency.", "questionnaire_id": 3, "questionnaire_question_id": 18, "questionnaire_rating_scale_id": 9}', '{}', '{"ip": "172.19.0.1", "user_agent": "node", "soft_delete_at": null}', '2025-11-04 00:26:53.897365+00'),
	(116, 'b64d182f-0ee3-40a0-b367-281f31902620', '00000000-0000-0000-0000-000000000001', 'tbikaun+vantage_local@teampps.com.au', 'Tyler Bikaun (Test User)', 'INSERT', 'questionnaire_question_rating_scales', '85', 'user_action', NULL, NULL, false, NULL, '{"id": 85, "company_id": "b64d182f-0ee3-40a0-b367-281f31902620", "created_at": "2025-11-04T00:26:53.897365+00:00", "created_by": "00000000-0000-0000-0000-000000000001", "deleted_at": null, "is_deleted": false, "updated_at": "2025-11-04T00:26:53.897365+00:00", "description": "Formal processes being established. Partial implementation with growing maturity and documentation.", "questionnaire_id": 3, "questionnaire_question_id": 18, "questionnaire_rating_scale_id": 10}', '{}', '{"ip": "172.19.0.1", "user_agent": "node", "soft_delete_at": null}', '2025-11-04 00:26:53.897365+00'),
	(117, 'b64d182f-0ee3-40a0-b367-281f31902620', '00000000-0000-0000-0000-000000000001', 'tbikaun+vantage_local@teampps.com.au', 'Tyler Bikaun (Test User)', 'INSERT', 'questionnaire_question_rating_scales', '86', 'user_action', NULL, NULL, false, NULL, '{"id": 86, "company_id": "b64d182f-0ee3-40a0-b367-281f31902620", "created_at": "2025-11-04T00:26:53.897365+00:00", "created_by": "00000000-0000-0000-0000-000000000001", "deleted_at": null, "is_deleted": false, "updated_at": "2025-11-04T00:26:53.897365+00:00", "description": "Comprehensive processes fully implemented. Consistent application with regular review and improvement.", "questionnaire_id": 3, "questionnaire_question_id": 18, "questionnaire_rating_scale_id": 11}', '{}', '{"ip": "172.19.0.1", "user_agent": "node", "soft_delete_at": null}', '2025-11-04 00:26:53.897365+00'),
	(118, 'b64d182f-0ee3-40a0-b367-281f31902620', '00000000-0000-0000-0000-000000000001', 'tbikaun+vantage_local@teampps.com.au', 'Tyler Bikaun (Test User)', 'INSERT', 'questionnaire_question_rating_scales', '87', 'user_action', NULL, NULL, false, NULL, '{"id": 87, "company_id": "b64d182f-0ee3-40a0-b367-281f31902620", "created_at": "2025-11-04T00:26:53.897365+00:00", "created_by": "00000000-0000-0000-0000-000000000001", "deleted_at": null, "is_deleted": false, "updated_at": "2025-11-04T00:26:53.897365+00:00", "description": "Industry-leading practices with continuous optimization. Data-driven decision making and predictive capabilities.", "questionnaire_id": 3, "questionnaire_question_id": 18, "questionnaire_rating_scale_id": 12}', '{}', '{"ip": "172.19.0.1", "user_agent": "node", "soft_delete_at": null}', '2025-11-04 00:26:53.897365+00'),
	(120, 'b64d182f-0ee3-40a0-b367-281f31902620', '00000000-0000-0000-0000-000000000001', 'tbikaun+vantage_local@teampps.com.au', 'Tyler Bikaun (Test User)', 'UPDATE', 'questionnaire_question_rating_scales', '83', 'user_action', NULL, NULL, false, '{"id": 83, "company_id": "b64d182f-0ee3-40a0-b367-281f31902620", "created_at": "2025-11-04T00:26:53.897365+00:00", "created_by": "00000000-0000-0000-0000-000000000001", "deleted_at": null, "is_deleted": false, "updated_at": "2025-11-04T00:26:53.897365+00:00", "description": "No formal processes or systems in place. Ad-hoc reactive approach with no strategic direction.", "questionnaire_id": 3, "questionnaire_question_id": 18, "questionnaire_rating_scale_id": 8}', '{"id": 83, "company_id": "b64d182f-0ee3-40a0-b367-281f31902620", "created_at": "2025-11-04T00:26:53.897365+00:00", "created_by": "00000000-0000-0000-0000-000000000001", "deleted_at": null, "is_deleted": false, "updated_at": "2025-11-04T00:27:07.819+00:00", "description": "No formal KPIs or performance monitoring for asset management.", "questionnaire_id": 3, "questionnaire_question_id": 18, "questionnaire_rating_scale_id": 8}', '{description}', '{"ip": "172.19.0.1", "user_agent": "node", "soft_delete_at": null}', '2025-11-04 00:27:07.825338+00'),
	(121, 'b64d182f-0ee3-40a0-b367-281f31902620', '00000000-0000-0000-0000-000000000001', 'tbikaun+vantage_local@teampps.com.au', 'Tyler Bikaun (Test User)', 'UPDATE', 'questionnaire_question_rating_scales', '84', 'user_action', NULL, NULL, false, '{"id": 84, "company_id": "b64d182f-0ee3-40a0-b367-281f31902620", "created_at": "2025-11-04T00:26:53.897365+00:00", "created_by": "00000000-0000-0000-0000-000000000001", "deleted_at": null, "is_deleted": false, "updated_at": "2025-11-04T00:26:53.897365+00:00", "description": "Basic awareness and initial efforts underway. Informal processes with limited documentation or consistency.", "questionnaire_id": 3, "questionnaire_question_id": 18, "questionnaire_rating_scale_id": 9}', '{"id": 84, "company_id": "b64d182f-0ee3-40a0-b367-281f31902620", "created_at": "2025-11-04T00:26:53.897365+00:00", "created_by": "00000000-0000-0000-0000-000000000001", "deleted_at": null, "is_deleted": false, "updated_at": "2025-11-04T00:27:13.877+00:00", "description": "Basic lagging indicators only (failures, downtime). Limited reporting.", "questionnaire_id": 3, "questionnaire_question_id": 18, "questionnaire_rating_scale_id": 9}', '{description}', '{"ip": "172.19.0.1", "user_agent": "node", "soft_delete_at": null}', '2025-11-04 00:27:13.882723+00'),
	(123, 'b64d182f-0ee3-40a0-b367-281f31902620', '00000000-0000-0000-0000-000000000001', 'tbikaun+vantage_local@teampps.com.au', 'Tyler Bikaun (Test User)', 'UPDATE', 'questionnaire_question_rating_scales', '86', 'user_action', NULL, NULL, false, '{"id": 86, "company_id": "b64d182f-0ee3-40a0-b367-281f31902620", "created_at": "2025-11-04T00:26:53.897365+00:00", "created_by": "00000000-0000-0000-0000-000000000001", "deleted_at": null, "is_deleted": false, "updated_at": "2025-11-04T00:26:53.897365+00:00", "description": "Comprehensive processes fully implemented. Consistent application with regular review and improvement.", "questionnaire_id": 3, "questionnaire_question_id": 18, "questionnaire_rating_scale_id": 11}', '{"id": 86, "company_id": "b64d182f-0ee3-40a0-b367-281f31902620", "created_at": "2025-11-04T00:26:53.897365+00:00", "created_by": "00000000-0000-0000-0000-000000000001", "deleted_at": null, "is_deleted": false, "updated_at": "2025-11-04T00:27:22.685+00:00", "description": "Comprehensive KPI framework aligned to objectives. Regular analysis and improvement actions.", "questionnaire_id": 3, "questionnaire_question_id": 18, "questionnaire_rating_scale_id": 11}', '{description}', '{"ip": "172.19.0.1", "user_agent": "node", "soft_delete_at": null}', '2025-11-04 00:27:22.690023+00'),
	(125, 'b64d182f-0ee3-40a0-b367-281f31902620', '00000000-0000-0000-0000-000000000001', 'tbikaun+vantage_local@teampps.com.au', 'Tyler Bikaun (Test User)', 'INSERT', 'questionnaire_question_parts', '49', 'user_action', NULL, NULL, false, NULL, '{"id": 49, "text": "Number of AM KPIs actively monitored", "options": {"max": 50, "min": 0, "decimal_places": 0}, "company_id": "b64d182f-0ee3-40a0-b367-281f31902620", "created_at": "2025-11-04T00:27:40.538679+00:00", "created_by": "00000000-0000-0000-0000-000000000001", "deleted_at": null, "is_deleted": false, "updated_at": "2025-11-04T00:27:40.538679+00:00", "answer_type": "number", "order_index": 0, "questionnaire_id": 3, "questionnaire_question_id": 18}', '{}', '{"ip": "172.19.0.1", "user_agent": "node", "soft_delete_at": null}', '2025-11-04 00:27:40.538679+00'),
	(127, 'b64d182f-0ee3-40a0-b367-281f31902620', '00000000-0000-0000-0000-000000000001', 'tbikaun+vantage_local@teampps.com.au', 'Tyler Bikaun (Test User)', 'INSERT', 'questionnaire_question_parts', '50', 'user_action', NULL, NULL, false, NULL, '{"id": 50, "text": "Reporting frequency", "options": {"labels": ["None", "Annually", "Quarterly", "Monthly", "Daily", "Real-time"]}, "company_id": "b64d182f-0ee3-40a0-b367-281f31902620", "created_at": "2025-11-04T00:28:06.273703+00:00", "created_by": "00000000-0000-0000-0000-000000000001", "deleted_at": null, "is_deleted": false, "updated_at": "2025-11-04T00:28:06.273703+00:00", "answer_type": "labelled_scale", "order_index": 1, "questionnaire_id": 3, "questionnaire_question_id": 18}', '{}', '{"ip": "172.19.0.1", "user_agent": "node", "soft_delete_at": null}', '2025-11-04 00:28:06.273703+00'),
	(140, 'b64d182f-0ee3-40a0-b367-281f31902620', '00000000-0000-0000-0000-000000000001', 'tbikaun+vantage_local@teampps.com.au', 'Tyler Bikaun (Test User)', 'UPDATE', 'questionnaire_question_rating_scales', '88', 'user_action', NULL, NULL, false, '{"id": 88, "company_id": "b64d182f-0ee3-40a0-b367-281f31902620", "created_at": "2025-11-04T00:28:39.912952+00:00", "created_by": "00000000-0000-0000-0000-000000000001", "deleted_at": null, "is_deleted": false, "updated_at": "2025-11-04T00:28:39.912952+00:00", "description": "No formal processes or systems in place. Ad-hoc reactive approach with no strategic direction.", "questionnaire_id": 3, "questionnaire_question_id": 19, "questionnaire_rating_scale_id": 8}', '{"id": 88, "company_id": "b64d182f-0ee3-40a0-b367-281f31902620", "created_at": "2025-11-04T00:28:39.912952+00:00", "created_by": "00000000-0000-0000-0000-000000000001", "deleted_at": null, "is_deleted": false, "updated_at": "2025-11-04T00:28:53.885+00:00", "description": "No formal competency requirements or training programs for asset management.", "questionnaire_id": 3, "questionnaire_question_id": 19, "questionnaire_rating_scale_id": 8}', '{description}', '{"ip": "172.19.0.1", "user_agent": "node", "soft_delete_at": null}', '2025-11-04 00:28:53.89116+00'),
	(128, 'b64d182f-0ee3-40a0-b367-281f31902620', '00000000-0000-0000-0000-000000000001', 'tbikaun+vantage_local@teampps.com.au', 'Tyler Bikaun (Test User)', 'UPDATE', 'questionnaire_questions', '18', 'user_action', NULL, NULL, false, '{"id": 18, "title": "How effective is your performance monitoring?", "context": "ISO 55001 requires monitoring, measurement, analysis and evaluation of asset management performance against objectives.", "company_id": "b64d182f-0ee3-40a0-b367-281f31902620", "created_at": "2025-11-04T00:26:53.87122+00:00", "created_by": "00000000-0000-0000-0000-000000000001", "deleted_at": null, "is_deleted": false, "updated_at": "2025-11-04T00:27:40.564+00:00", "order_index": 1, "question_text": "", "questionnaire_id": 3, "rating_scale_mapping": {"version": "weighted", "partScoring": {"49": [{"max": 9.99, "min": 0, "level": 1}, {"max": 19.99, "min": 10, "level": 2}, {"max": 29.99, "min": 20, "level": 3}, {"max": 39.99, "min": 30, "level": 4}, {"max": 50, "min": 40, "level": 5}]}}, "questionnaire_step_id": 16}', '{"id": 18, "title": "How effective is your performance monitoring?", "context": "ISO 55001 requires monitoring, measurement, analysis and evaluation of asset management performance against objectives.", "company_id": "b64d182f-0ee3-40a0-b367-281f31902620", "created_at": "2025-11-04T00:26:53.87122+00:00", "created_by": "00000000-0000-0000-0000-000000000001", "deleted_at": null, "is_deleted": false, "updated_at": "2025-11-04T00:28:06.29+00:00", "order_index": 1, "question_text": "", "questionnaire_id": 3, "rating_scale_mapping": {"version": "weighted", "partScoring": {"49": [{"max": 9.99, "min": 0, "level": 1}, {"max": 19.99, "min": 10, "level": 2}, {"max": 29.99, "min": 20, "level": 3}, {"max": 39.99, "min": 30, "level": 4}, {"max": 50, "min": 40, "level": 5}], "50": {"None": 1, "Daily": 4, "Monthly": 3, "Annually": 2, "Quarterly": 3, "Real-time": 5}}}, "questionnaire_step_id": 16}', '{rating_scale_mapping}', '{"ip": "172.19.0.1", "user_agent": "node", "soft_delete_at": null}', '2025-11-04 00:28:06.294617+00'),
	(129, 'b64d182f-0ee3-40a0-b367-281f31902620', '00000000-0000-0000-0000-000000000001', 'tbikaun+vantage_local@teampps.com.au', 'Tyler Bikaun (Test User)', 'INSERT', 'questionnaire_question_parts', '51', 'user_action', NULL, NULL, false, NULL, '{"id": 51, "text": "Percentage of KPIs meeting targets", "options": {}, "company_id": "b64d182f-0ee3-40a0-b367-281f31902620", "created_at": "2025-11-04T00:28:11.314916+00:00", "created_by": "00000000-0000-0000-0000-000000000001", "deleted_at": null, "is_deleted": false, "updated_at": "2025-11-04T00:28:11.314916+00:00", "answer_type": "percentage", "order_index": 2, "questionnaire_id": 3, "questionnaire_question_id": 18}', '{}', '{"ip": "172.19.0.1", "user_agent": "node", "soft_delete_at": null}', '2025-11-04 00:28:11.314916+00'),
	(130, 'b64d182f-0ee3-40a0-b367-281f31902620', '00000000-0000-0000-0000-000000000001', 'tbikaun+vantage_local@teampps.com.au', 'Tyler Bikaun (Test User)', 'UPDATE', 'questionnaire_questions', '18', 'user_action', NULL, NULL, false, '{"id": 18, "title": "How effective is your performance monitoring?", "context": "ISO 55001 requires monitoring, measurement, analysis and evaluation of asset management performance against objectives.", "company_id": "b64d182f-0ee3-40a0-b367-281f31902620", "created_at": "2025-11-04T00:26:53.87122+00:00", "created_by": "00000000-0000-0000-0000-000000000001", "deleted_at": null, "is_deleted": false, "updated_at": "2025-11-04T00:28:06.29+00:00", "order_index": 1, "question_text": "", "questionnaire_id": 3, "rating_scale_mapping": {"version": "weighted", "partScoring": {"49": [{"max": 9.99, "min": 0, "level": 1}, {"max": 19.99, "min": 10, "level": 2}, {"max": 29.99, "min": 20, "level": 3}, {"max": 39.99, "min": 30, "level": 4}, {"max": 50, "min": 40, "level": 5}], "50": {"None": 1, "Daily": 4, "Monthly": 3, "Annually": 2, "Quarterly": 3, "Real-time": 5}}}, "questionnaire_step_id": 16}', '{"id": 18, "title": "How effective is your performance monitoring?", "context": "ISO 55001 requires monitoring, measurement, analysis and evaluation of asset management performance against objectives.", "company_id": "b64d182f-0ee3-40a0-b367-281f31902620", "created_at": "2025-11-04T00:26:53.87122+00:00", "created_by": "00000000-0000-0000-0000-000000000001", "deleted_at": null, "is_deleted": false, "updated_at": "2025-11-04T00:28:11.34+00:00", "order_index": 1, "question_text": "", "questionnaire_id": 3, "rating_scale_mapping": {"version": "weighted", "partScoring": {"49": [{"max": 9.99, "min": 0, "level": 1}, {"max": 19.99, "min": 10, "level": 2}, {"max": 29.99, "min": 20, "level": 3}, {"max": 39.99, "min": 30, "level": 4}, {"max": 50, "min": 40, "level": 5}], "50": {"None": 1, "Daily": 4, "Monthly": 3, "Annually": 2, "Quarterly": 3, "Real-time": 5}, "51": [{"max": 19.99, "min": 0, "level": 1}, {"max": 39.99, "min": 20, "level": 2}, {"max": 59.99, "min": 40, "level": 3}, {"max": 79.99, "min": 60, "level": 4}, {"max": 100, "min": 80, "level": 5}]}}, "questionnaire_step_id": 16}', '{rating_scale_mapping}', '{"ip": "172.19.0.1", "user_agent": "node", "soft_delete_at": null}', '2025-11-04 00:28:11.344224+00'),
	(131, 'b64d182f-0ee3-40a0-b367-281f31902620', '00000000-0000-0000-0000-000000000001', 'tbikaun+vantage_local@teampps.com.au', 'Tyler Bikaun (Test User)', 'INSERT', 'questionnaire_sections', '12', 'user_action', NULL, NULL, false, NULL, '{"id": 12, "title": "Organizational Capability", "expanded": true, "company_id": "b64d182f-0ee3-40a0-b367-281f31902620", "created_at": "2025-11-04T00:28:23.829554+00:00", "created_by": "00000000-0000-0000-0000-000000000001", "deleted_at": null, "is_deleted": false, "updated_at": "2025-11-04T00:28:23.829554+00:00", "order_index": 6, "questionnaire_id": 3}', '{}', '{"ip": "172.19.0.1", "user_agent": "node", "soft_delete_at": null}', '2025-11-04 00:28:23.829554+00'),
	(132, 'b64d182f-0ee3-40a0-b367-281f31902620', '00000000-0000-0000-0000-000000000001', 'tbikaun+vantage_local@teampps.com.au', 'Tyler Bikaun (Test User)', 'INSERT', 'questionnaire_steps', '17', 'user_action', NULL, NULL, false, NULL, '{"id": 17, "title": "Competence & Training", "expanded": true, "company_id": "b64d182f-0ee3-40a0-b367-281f31902620", "created_at": "2025-11-04T00:28:34.697049+00:00", "created_by": "00000000-0000-0000-0000-000000000001", "deleted_at": null, "is_deleted": false, "updated_at": "2025-11-04T00:28:34.697049+00:00", "order_index": 1, "questionnaire_id": 3, "questionnaire_section_id": 12}', '{}', '{"ip": "172.19.0.1", "user_agent": "node", "soft_delete_at": null}', '2025-11-04 00:28:34.697049+00'),
	(214, 'b64d182f-0ee3-40a0-b367-281f31902620', '00000000-0000-0000-0000-000000000001', 'tbikaun+vantage_local@teampps.com.au', 'Tyler Bikaun (Test User)', 'INSERT', 'questionnaire_steps', '20', 'user_action', NULL, NULL, false, NULL, '{"id": 20, "title": "Audit & Compliance", "expanded": true, "company_id": "b64d182f-0ee3-40a0-b367-281f31902620", "created_at": "2025-11-04T00:33:41.024961+00:00", "created_by": "00000000-0000-0000-0000-000000000001", "deleted_at": null, "is_deleted": false, "updated_at": "2025-11-04T00:33:41.024961+00:00", "order_index": 2, "questionnaire_id": 3, "questionnaire_section_id": 13}', '{}', '{"ip": "172.19.0.1", "user_agent": "node", "soft_delete_at": null}', '2025-11-04 00:33:41.024961+00'),
	(133, 'b64d182f-0ee3-40a0-b367-281f31902620', '00000000-0000-0000-0000-000000000001', 'tbikaun+vantage_local@teampps.com.au', 'Tyler Bikaun (Test User)', 'INSERT', 'questionnaire_questions', '19', 'user_action', NULL, NULL, false, NULL, '{"id": 19, "title": "How well developed are your AM competencies?", "context": "Placeholder context", "company_id": "b64d182f-0ee3-40a0-b367-281f31902620", "created_at": "2025-11-04T00:28:39.88587+00:00", "created_by": "00000000-0000-0000-0000-000000000001", "deleted_at": null, "is_deleted": false, "updated_at": "2025-11-04T00:28:39.88587+00:00", "order_index": 1, "question_text": "", "questionnaire_id": 3, "rating_scale_mapping": null, "questionnaire_step_id": 17}', '{}', '{"ip": "172.19.0.1", "user_agent": "node", "soft_delete_at": null}', '2025-11-04 00:28:39.88587+00'),
	(137, 'b64d182f-0ee3-40a0-b367-281f31902620', '00000000-0000-0000-0000-000000000001', 'tbikaun+vantage_local@teampps.com.au', 'Tyler Bikaun (Test User)', 'INSERT', 'questionnaire_question_rating_scales', '91', 'user_action', NULL, NULL, false, NULL, '{"id": 91, "company_id": "b64d182f-0ee3-40a0-b367-281f31902620", "created_at": "2025-11-04T00:28:39.912952+00:00", "created_by": "00000000-0000-0000-0000-000000000001", "deleted_at": null, "is_deleted": false, "updated_at": "2025-11-04T00:28:39.912952+00:00", "description": "Comprehensive processes fully implemented. Consistent application with regular review and improvement.", "questionnaire_id": 3, "questionnaire_question_id": 19, "questionnaire_rating_scale_id": 11}', '{}', '{"ip": "172.19.0.1", "user_agent": "node", "soft_delete_at": null}', '2025-11-04 00:28:39.912952+00'),
	(141, 'b64d182f-0ee3-40a0-b367-281f31902620', '00000000-0000-0000-0000-000000000001', 'tbikaun+vantage_local@teampps.com.au', 'Tyler Bikaun (Test User)', 'UPDATE', 'questionnaire_question_rating_scales', '89', 'user_action', NULL, NULL, false, '{"id": 89, "company_id": "b64d182f-0ee3-40a0-b367-281f31902620", "created_at": "2025-11-04T00:28:39.912952+00:00", "created_by": "00000000-0000-0000-0000-000000000001", "deleted_at": null, "is_deleted": false, "updated_at": "2025-11-04T00:28:39.912952+00:00", "description": "Basic awareness and initial efforts underway. Informal processes with limited documentation or consistency.", "questionnaire_id": 3, "questionnaire_question_id": 19, "questionnaire_rating_scale_id": 9}', '{"id": 89, "company_id": "b64d182f-0ee3-40a0-b367-281f31902620", "created_at": "2025-11-04T00:28:39.912952+00:00", "created_by": "00000000-0000-0000-0000-000000000001", "deleted_at": null, "is_deleted": false, "updated_at": "2025-11-04T00:28:58.607+00:00", "description": "Ad-hoc training only. No competency framework or skills assessment.", "questionnaire_id": 3, "questionnaire_question_id": 19, "questionnaire_rating_scale_id": 9}', '{description}', '{"ip": "172.19.0.1", "user_agent": "node", "soft_delete_at": null}', '2025-11-04 00:28:58.611998+00'),
	(143, 'b64d182f-0ee3-40a0-b367-281f31902620', '00000000-0000-0000-0000-000000000001', 'tbikaun+vantage_local@teampps.com.au', 'Tyler Bikaun (Test User)', 'UPDATE', 'questionnaire_question_rating_scales', '91', 'user_action', NULL, NULL, false, '{"id": 91, "company_id": "b64d182f-0ee3-40a0-b367-281f31902620", "created_at": "2025-11-04T00:28:39.912952+00:00", "created_by": "00000000-0000-0000-0000-000000000001", "deleted_at": null, "is_deleted": false, "updated_at": "2025-11-04T00:28:39.912952+00:00", "description": "Comprehensive processes fully implemented. Consistent application with regular review and improvement.", "questionnaire_id": 3, "questionnaire_question_id": 19, "questionnaire_rating_scale_id": 11}', '{"id": 91, "company_id": "b64d182f-0ee3-40a0-b367-281f31902620", "created_at": "2025-11-04T00:28:39.912952+00:00", "created_by": "00000000-0000-0000-0000-000000000001", "deleted_at": null, "is_deleted": false, "updated_at": "2025-11-04T00:29:07.858+00:00", "description": "Comprehensive competency management with regular assessments and structured development.", "questionnaire_id": 3, "questionnaire_question_id": 19, "questionnaire_rating_scale_id": 11}', '{description}', '{"ip": "172.19.0.1", "user_agent": "node", "soft_delete_at": null}', '2025-11-04 00:29:07.862937+00'),
	(147, 'b64d182f-0ee3-40a0-b367-281f31902620', '00000000-0000-0000-0000-000000000001', 'tbikaun+vantage_local@teampps.com.au', 'Tyler Bikaun (Test User)', 'INSERT', 'questionnaire_question_parts', '53', 'user_action', NULL, NULL, false, NULL, '{"id": 53, "text": "Average AM training hours per person per year", "options": {"max": 100, "min": 0, "decimal_places": 0}, "company_id": "b64d182f-0ee3-40a0-b367-281f31902620", "created_at": "2025-11-04T00:29:33.482187+00:00", "created_by": "00000000-0000-0000-0000-000000000001", "deleted_at": null, "is_deleted": false, "updated_at": "2025-11-04T00:29:33.482187+00:00", "answer_type": "number", "order_index": 1, "questionnaire_id": 3, "questionnaire_question_id": 19}', '{}', '{"ip": "172.19.0.1", "user_agent": "node", "soft_delete_at": null}', '2025-11-04 00:29:33.482187+00'),
	(151, 'b64d182f-0ee3-40a0-b367-281f31902620', '00000000-0000-0000-0000-000000000001', 'tbikaun+vantage_local@teampps.com.au', 'Tyler Bikaun (Test User)', 'INSERT', 'questionnaire_questions', '20', 'user_action', NULL, NULL, false, NULL, '{"id": 20, "title": "Organizational Culture", "context": "Placeholder context", "company_id": "b64d182f-0ee3-40a0-b367-281f31902620", "created_at": "2025-11-04T00:29:57.426885+00:00", "created_by": "00000000-0000-0000-0000-000000000001", "deleted_at": null, "is_deleted": false, "updated_at": "2025-11-04T00:29:57.426885+00:00", "order_index": 2, "question_text": "", "questionnaire_id": 3, "rating_scale_mapping": null, "questionnaire_step_id": 17}', '{}', '{"ip": "172.19.0.1", "user_agent": "node", "soft_delete_at": null}', '2025-11-04 00:29:57.426885+00'),
	(157, 'b64d182f-0ee3-40a0-b367-281f31902620', '00000000-0000-0000-0000-000000000001', 'tbikaun+vantage_local@teampps.com.au', 'Tyler Bikaun (Test User)', 'INSERT', 'questionnaire_questions', '21', 'user_action', NULL, NULL, false, NULL, '{"id": 21, "title": "How mature is your asset management culture?", "context": "Placeholder context", "company_id": "b64d182f-0ee3-40a0-b367-281f31902620", "created_at": "2025-11-04T00:30:04.091442+00:00", "created_by": "00000000-0000-0000-0000-000000000001", "deleted_at": null, "is_deleted": false, "updated_at": "2025-11-04T00:30:04.091442+00:00", "order_index": 3, "question_text": "", "questionnaire_id": 3, "rating_scale_mapping": null, "questionnaire_step_id": 17}', '{}', '{"ip": "172.19.0.1", "user_agent": "node", "soft_delete_at": null}', '2025-11-04 00:30:04.091442+00'),
	(175, 'b64d182f-0ee3-40a0-b367-281f31902620', '00000000-0000-0000-0000-000000000001', 'tbikaun+vantage_local@teampps.com.au', 'Tyler Bikaun (Test User)', 'INSERT', 'questionnaire_steps', '18', 'user_action', NULL, NULL, false, NULL, '{"id": 18, "title": "Organizational Culture", "expanded": true, "company_id": "b64d182f-0ee3-40a0-b367-281f31902620", "created_at": "2025-11-04T00:30:26.288153+00:00", "created_by": "00000000-0000-0000-0000-000000000001", "deleted_at": null, "is_deleted": false, "updated_at": "2025-11-04T00:30:26.288153+00:00", "order_index": 2, "questionnaire_id": 3, "questionnaire_section_id": 12}', '{}', '{"ip": "172.19.0.1", "user_agent": "node", "soft_delete_at": null}', '2025-11-04 00:30:26.288153+00'),
	(134, 'b64d182f-0ee3-40a0-b367-281f31902620', '00000000-0000-0000-0000-000000000001', 'tbikaun+vantage_local@teampps.com.au', 'Tyler Bikaun (Test User)', 'INSERT', 'questionnaire_question_rating_scales', '88', 'user_action', NULL, NULL, false, NULL, '{"id": 88, "company_id": "b64d182f-0ee3-40a0-b367-281f31902620", "created_at": "2025-11-04T00:28:39.912952+00:00", "created_by": "00000000-0000-0000-0000-000000000001", "deleted_at": null, "is_deleted": false, "updated_at": "2025-11-04T00:28:39.912952+00:00", "description": "No formal processes or systems in place. Ad-hoc reactive approach with no strategic direction.", "questionnaire_id": 3, "questionnaire_question_id": 19, "questionnaire_rating_scale_id": 8}', '{}', '{"ip": "172.19.0.1", "user_agent": "node", "soft_delete_at": null}', '2025-11-04 00:28:39.912952+00'),
	(135, 'b64d182f-0ee3-40a0-b367-281f31902620', '00000000-0000-0000-0000-000000000001', 'tbikaun+vantage_local@teampps.com.au', 'Tyler Bikaun (Test User)', 'INSERT', 'questionnaire_question_rating_scales', '89', 'user_action', NULL, NULL, false, NULL, '{"id": 89, "company_id": "b64d182f-0ee3-40a0-b367-281f31902620", "created_at": "2025-11-04T00:28:39.912952+00:00", "created_by": "00000000-0000-0000-0000-000000000001", "deleted_at": null, "is_deleted": false, "updated_at": "2025-11-04T00:28:39.912952+00:00", "description": "Basic awareness and initial efforts underway. Informal processes with limited documentation or consistency.", "questionnaire_id": 3, "questionnaire_question_id": 19, "questionnaire_rating_scale_id": 9}', '{}', '{"ip": "172.19.0.1", "user_agent": "node", "soft_delete_at": null}', '2025-11-04 00:28:39.912952+00'),
	(136, 'b64d182f-0ee3-40a0-b367-281f31902620', '00000000-0000-0000-0000-000000000001', 'tbikaun+vantage_local@teampps.com.au', 'Tyler Bikaun (Test User)', 'INSERT', 'questionnaire_question_rating_scales', '90', 'user_action', NULL, NULL, false, NULL, '{"id": 90, "company_id": "b64d182f-0ee3-40a0-b367-281f31902620", "created_at": "2025-11-04T00:28:39.912952+00:00", "created_by": "00000000-0000-0000-0000-000000000001", "deleted_at": null, "is_deleted": false, "updated_at": "2025-11-04T00:28:39.912952+00:00", "description": "Formal processes being established. Partial implementation with growing maturity and documentation.", "questionnaire_id": 3, "questionnaire_question_id": 19, "questionnaire_rating_scale_id": 10}', '{}', '{"ip": "172.19.0.1", "user_agent": "node", "soft_delete_at": null}', '2025-11-04 00:28:39.912952+00'),
	(138, 'b64d182f-0ee3-40a0-b367-281f31902620', '00000000-0000-0000-0000-000000000001', 'tbikaun+vantage_local@teampps.com.au', 'Tyler Bikaun (Test User)', 'INSERT', 'questionnaire_question_rating_scales', '92', 'user_action', NULL, NULL, false, NULL, '{"id": 92, "company_id": "b64d182f-0ee3-40a0-b367-281f31902620", "created_at": "2025-11-04T00:28:39.912952+00:00", "created_by": "00000000-0000-0000-0000-000000000001", "deleted_at": null, "is_deleted": false, "updated_at": "2025-11-04T00:28:39.912952+00:00", "description": "Industry-leading practices with continuous optimization. Data-driven decision making and predictive capabilities.", "questionnaire_id": 3, "questionnaire_question_id": 19, "questionnaire_rating_scale_id": 12}', '{}', '{"ip": "172.19.0.1", "user_agent": "node", "soft_delete_at": null}', '2025-11-04 00:28:39.912952+00'),
	(139, 'b64d182f-0ee3-40a0-b367-281f31902620', '00000000-0000-0000-0000-000000000001', 'tbikaun+vantage_local@teampps.com.au', 'Tyler Bikaun (Test User)', 'UPDATE', 'questionnaire_questions', '19', 'user_action', NULL, NULL, false, '{"id": 19, "title": "How well developed are your AM competencies?", "context": "Placeholder context", "company_id": "b64d182f-0ee3-40a0-b367-281f31902620", "created_at": "2025-11-04T00:28:39.88587+00:00", "created_by": "00000000-0000-0000-0000-000000000001", "deleted_at": null, "is_deleted": false, "updated_at": "2025-11-04T00:28:39.88587+00:00", "order_index": 1, "question_text": "", "questionnaire_id": 3, "rating_scale_mapping": null, "questionnaire_step_id": 17}', '{"id": 19, "title": "How well developed are your AM competencies?", "context": "ISO 55001 requires organizations to determine and provide necessary competence for personnel affecting asset management performance.", "company_id": "b64d182f-0ee3-40a0-b367-281f31902620", "created_at": "2025-11-04T00:28:39.88587+00:00", "created_by": "00000000-0000-0000-0000-000000000001", "deleted_at": null, "is_deleted": false, "updated_at": "2025-11-04T00:28:46.778+00:00", "order_index": 1, "question_text": "", "questionnaire_id": 3, "rating_scale_mapping": null, "questionnaire_step_id": 17}', '{context}', '{"ip": "172.19.0.1", "user_agent": "node", "soft_delete_at": null}', '2025-11-04 00:28:46.783301+00'),
	(144, 'b64d182f-0ee3-40a0-b367-281f31902620', '00000000-0000-0000-0000-000000000001', 'tbikaun+vantage_local@teampps.com.au', 'Tyler Bikaun (Test User)', 'UPDATE', 'questionnaire_question_rating_scales', '92', 'user_action', NULL, NULL, false, '{"id": 92, "company_id": "b64d182f-0ee3-40a0-b367-281f31902620", "created_at": "2025-11-04T00:28:39.912952+00:00", "created_by": "00000000-0000-0000-0000-000000000001", "deleted_at": null, "is_deleted": false, "updated_at": "2025-11-04T00:28:39.912952+00:00", "description": "Industry-leading practices with continuous optimization. Data-driven decision making and predictive capabilities.", "questionnaire_id": 3, "questionnaire_question_id": 19, "questionnaire_rating_scale_id": 12}', '{"id": 92, "company_id": "b64d182f-0ee3-40a0-b367-281f31902620", "created_at": "2025-11-04T00:28:39.912952+00:00", "created_by": "00000000-0000-0000-0000-000000000001", "deleted_at": null, "is_deleted": false, "updated_at": "2025-11-04T00:29:15.417+00:00", "description": "Center of excellence approach with continuous learning culture and knowledge management.", "questionnaire_id": 3, "questionnaire_question_id": 19, "questionnaire_rating_scale_id": 12}', '{description}', '{"ip": "172.19.0.1", "user_agent": "node", "soft_delete_at": null}', '2025-11-04 00:29:15.422446+00'),
	(159, 'b64d182f-0ee3-40a0-b367-281f31902620', '00000000-0000-0000-0000-000000000001', 'tbikaun+vantage_local@teampps.com.au', 'Tyler Bikaun (Test User)', 'INSERT', 'questionnaire_question_rating_scales', '99', 'user_action', NULL, NULL, false, NULL, '{"id": 99, "company_id": "b64d182f-0ee3-40a0-b367-281f31902620", "created_at": "2025-11-04T00:30:04.116071+00:00", "created_by": "00000000-0000-0000-0000-000000000001", "deleted_at": null, "is_deleted": false, "updated_at": "2025-11-04T00:30:04.116071+00:00", "description": "Basic awareness and initial efforts underway. Informal processes with limited documentation or consistency.", "questionnaire_id": 3, "questionnaire_question_id": 21, "questionnaire_rating_scale_id": 9}', '{}', '{"ip": "172.19.0.1", "user_agent": "node", "soft_delete_at": null}', '2025-11-04 00:30:04.116071+00'),
	(142, 'b64d182f-0ee3-40a0-b367-281f31902620', '00000000-0000-0000-0000-000000000001', 'tbikaun+vantage_local@teampps.com.au', 'Tyler Bikaun (Test User)', 'UPDATE', 'questionnaire_question_rating_scales', '90', 'user_action', NULL, NULL, false, '{"id": 90, "company_id": "b64d182f-0ee3-40a0-b367-281f31902620", "created_at": "2025-11-04T00:28:39.912952+00:00", "created_by": "00000000-0000-0000-0000-000000000001", "deleted_at": null, "is_deleted": false, "updated_at": "2025-11-04T00:28:39.912952+00:00", "description": "Formal processes being established. Partial implementation with growing maturity and documentation.", "questionnaire_id": 3, "questionnaire_question_id": 19, "questionnaire_rating_scale_id": 10}', '{"id": 90, "company_id": "b64d182f-0ee3-40a0-b367-281f31902620", "created_at": "2025-11-04T00:28:39.912952+00:00", "created_by": "00000000-0000-0000-0000-000000000001", "deleted_at": null, "is_deleted": false, "updated_at": "2025-11-04T00:29:03.936+00:00", "description": "Basic competency framework with some role-specific training available.", "questionnaire_id": 3, "questionnaire_question_id": 19, "questionnaire_rating_scale_id": 10}', '{description}', '{"ip": "172.19.0.1", "user_agent": "node", "soft_delete_at": null}', '2025-11-04 00:29:03.942676+00'),
	(148, 'b64d182f-0ee3-40a0-b367-281f31902620', '00000000-0000-0000-0000-000000000001', 'tbikaun+vantage_local@teampps.com.au', 'Tyler Bikaun (Test User)', 'UPDATE', 'questionnaire_questions', '19', 'user_action', NULL, NULL, false, '{"id": 19, "title": "How well developed are your AM competencies?", "context": "ISO 55001 requires organizations to determine and provide necessary competence for personnel affecting asset management performance.", "company_id": "b64d182f-0ee3-40a0-b367-281f31902620", "created_at": "2025-11-04T00:28:39.88587+00:00", "created_by": "00000000-0000-0000-0000-000000000001", "deleted_at": null, "is_deleted": false, "updated_at": "2025-11-04T00:29:26.059+00:00", "order_index": 1, "question_text": "", "questionnaire_id": 3, "rating_scale_mapping": {"version": "weighted", "partScoring": {"52": [{"max": 19.99, "min": 0, "level": 1}, {"max": 39.99, "min": 20, "level": 2}, {"max": 59.99, "min": 40, "level": 3}, {"max": 79.99, "min": 60, "level": 4}, {"max": 100, "min": 80, "level": 5}]}}, "questionnaire_step_id": 17}', '{"id": 19, "title": "How well developed are your AM competencies?", "context": "ISO 55001 requires organizations to determine and provide necessary competence for personnel affecting asset management performance.", "company_id": "b64d182f-0ee3-40a0-b367-281f31902620", "created_at": "2025-11-04T00:28:39.88587+00:00", "created_by": "00000000-0000-0000-0000-000000000001", "deleted_at": null, "is_deleted": false, "updated_at": "2025-11-04T00:29:33.504+00:00", "order_index": 1, "question_text": "", "questionnaire_id": 3, "rating_scale_mapping": {"version": "weighted", "partScoring": {"52": [{"max": 19.99, "min": 0, "level": 1}, {"max": 39.99, "min": 20, "level": 2}, {"max": 59.99, "min": 40, "level": 3}, {"max": 79.99, "min": 60, "level": 4}, {"max": 100, "min": 80, "level": 5}], "53": [{"max": 19.99, "min": 0, "level": 1}, {"max": 39.99, "min": 20, "level": 2}, {"max": 59.99, "min": 40, "level": 3}, {"max": 79.99, "min": 60, "level": 4}, {"max": 100, "min": 80, "level": 5}]}}, "questionnaire_step_id": 17}', '{rating_scale_mapping}', '{"ip": "172.19.0.1", "user_agent": "node", "soft_delete_at": null}', '2025-11-04 00:29:33.508954+00'),
	(152, 'b64d182f-0ee3-40a0-b367-281f31902620', '00000000-0000-0000-0000-000000000001', 'tbikaun+vantage_local@teampps.com.au', 'Tyler Bikaun (Test User)', 'INSERT', 'questionnaire_question_rating_scales', '93', 'user_action', NULL, NULL, false, NULL, '{"id": 93, "company_id": "b64d182f-0ee3-40a0-b367-281f31902620", "created_at": "2025-11-04T00:29:57.449737+00:00", "created_by": "00000000-0000-0000-0000-000000000001", "deleted_at": null, "is_deleted": false, "updated_at": "2025-11-04T00:29:57.449737+00:00", "description": "No formal processes or systems in place. Ad-hoc reactive approach with no strategic direction.", "questionnaire_id": 3, "questionnaire_question_id": 20, "questionnaire_rating_scale_id": 8}', '{}', '{"ip": "172.19.0.1", "user_agent": "node", "soft_delete_at": null}', '2025-11-04 00:29:57.449737+00'),
	(153, 'b64d182f-0ee3-40a0-b367-281f31902620', '00000000-0000-0000-0000-000000000001', 'tbikaun+vantage_local@teampps.com.au', 'Tyler Bikaun (Test User)', 'INSERT', 'questionnaire_question_rating_scales', '94', 'user_action', NULL, NULL, false, NULL, '{"id": 94, "company_id": "b64d182f-0ee3-40a0-b367-281f31902620", "created_at": "2025-11-04T00:29:57.449737+00:00", "created_by": "00000000-0000-0000-0000-000000000001", "deleted_at": null, "is_deleted": false, "updated_at": "2025-11-04T00:29:57.449737+00:00", "description": "Basic awareness and initial efforts underway. Informal processes with limited documentation or consistency.", "questionnaire_id": 3, "questionnaire_question_id": 20, "questionnaire_rating_scale_id": 9}', '{}', '{"ip": "172.19.0.1", "user_agent": "node", "soft_delete_at": null}', '2025-11-04 00:29:57.449737+00'),
	(154, 'b64d182f-0ee3-40a0-b367-281f31902620', '00000000-0000-0000-0000-000000000001', 'tbikaun+vantage_local@teampps.com.au', 'Tyler Bikaun (Test User)', 'INSERT', 'questionnaire_question_rating_scales', '95', 'user_action', NULL, NULL, false, NULL, '{"id": 95, "company_id": "b64d182f-0ee3-40a0-b367-281f31902620", "created_at": "2025-11-04T00:29:57.449737+00:00", "created_by": "00000000-0000-0000-0000-000000000001", "deleted_at": null, "is_deleted": false, "updated_at": "2025-11-04T00:29:57.449737+00:00", "description": "Formal processes being established. Partial implementation with growing maturity and documentation.", "questionnaire_id": 3, "questionnaire_question_id": 20, "questionnaire_rating_scale_id": 10}', '{}', '{"ip": "172.19.0.1", "user_agent": "node", "soft_delete_at": null}', '2025-11-04 00:29:57.449737+00'),
	(155, 'b64d182f-0ee3-40a0-b367-281f31902620', '00000000-0000-0000-0000-000000000001', 'tbikaun+vantage_local@teampps.com.au', 'Tyler Bikaun (Test User)', 'INSERT', 'questionnaire_question_rating_scales', '96', 'user_action', NULL, NULL, false, NULL, '{"id": 96, "company_id": "b64d182f-0ee3-40a0-b367-281f31902620", "created_at": "2025-11-04T00:29:57.449737+00:00", "created_by": "00000000-0000-0000-0000-000000000001", "deleted_at": null, "is_deleted": false, "updated_at": "2025-11-04T00:29:57.449737+00:00", "description": "Comprehensive processes fully implemented. Consistent application with regular review and improvement.", "questionnaire_id": 3, "questionnaire_question_id": 20, "questionnaire_rating_scale_id": 11}', '{}', '{"ip": "172.19.0.1", "user_agent": "node", "soft_delete_at": null}', '2025-11-04 00:29:57.449737+00'),
	(156, 'b64d182f-0ee3-40a0-b367-281f31902620', '00000000-0000-0000-0000-000000000001', 'tbikaun+vantage_local@teampps.com.au', 'Tyler Bikaun (Test User)', 'INSERT', 'questionnaire_question_rating_scales', '97', 'user_action', NULL, NULL, false, NULL, '{"id": 97, "company_id": "b64d182f-0ee3-40a0-b367-281f31902620", "created_at": "2025-11-04T00:29:57.449737+00:00", "created_by": "00000000-0000-0000-0000-000000000001", "deleted_at": null, "is_deleted": false, "updated_at": "2025-11-04T00:29:57.449737+00:00", "description": "Industry-leading practices with continuous optimization. Data-driven decision making and predictive capabilities.", "questionnaire_id": 3, "questionnaire_question_id": 20, "questionnaire_rating_scale_id": 12}', '{}', '{"ip": "172.19.0.1", "user_agent": "node", "soft_delete_at": null}', '2025-11-04 00:29:57.449737+00'),
	(158, 'b64d182f-0ee3-40a0-b367-281f31902620', '00000000-0000-0000-0000-000000000001', 'tbikaun+vantage_local@teampps.com.au', 'Tyler Bikaun (Test User)', 'INSERT', 'questionnaire_question_rating_scales', '98', 'user_action', NULL, NULL, false, NULL, '{"id": 98, "company_id": "b64d182f-0ee3-40a0-b367-281f31902620", "created_at": "2025-11-04T00:30:04.116071+00:00", "created_by": "00000000-0000-0000-0000-000000000001", "deleted_at": null, "is_deleted": false, "updated_at": "2025-11-04T00:30:04.116071+00:00", "description": "No formal processes or systems in place. Ad-hoc reactive approach with no strategic direction.", "questionnaire_id": 3, "questionnaire_question_id": 21, "questionnaire_rating_scale_id": 8}', '{}', '{"ip": "172.19.0.1", "user_agent": "node", "soft_delete_at": null}', '2025-11-04 00:30:04.116071+00'),
	(145, 'b64d182f-0ee3-40a0-b367-281f31902620', '00000000-0000-0000-0000-000000000001', 'tbikaun+vantage_local@teampps.com.au', 'Tyler Bikaun (Test User)', 'INSERT', 'questionnaire_question_parts', '52', 'user_action', NULL, NULL, false, NULL, '{"id": 52, "text": "Percentage of AM staff with formal AM training", "options": {}, "company_id": "b64d182f-0ee3-40a0-b367-281f31902620", "created_at": "2025-11-04T00:29:26.035895+00:00", "created_by": "00000000-0000-0000-0000-000000000001", "deleted_at": null, "is_deleted": false, "updated_at": "2025-11-04T00:29:26.035895+00:00", "answer_type": "percentage", "order_index": 0, "questionnaire_id": 3, "questionnaire_question_id": 19}', '{}', '{"ip": "172.19.0.1", "user_agent": "node", "soft_delete_at": null}', '2025-11-04 00:29:26.035895+00'),
	(150, 'b64d182f-0ee3-40a0-b367-281f31902620', '00000000-0000-0000-0000-000000000001', 'tbikaun+vantage_local@teampps.com.au', 'Tyler Bikaun (Test User)', 'UPDATE', 'questionnaire_questions', '19', 'user_action', NULL, NULL, false, '{"id": 19, "title": "How well developed are your AM competencies?", "context": "ISO 55001 requires organizations to determine and provide necessary competence for personnel affecting asset management performance.", "company_id": "b64d182f-0ee3-40a0-b367-281f31902620", "created_at": "2025-11-04T00:28:39.88587+00:00", "created_by": "00000000-0000-0000-0000-000000000001", "deleted_at": null, "is_deleted": false, "updated_at": "2025-11-04T00:29:33.504+00:00", "order_index": 1, "question_text": "", "questionnaire_id": 3, "rating_scale_mapping": {"version": "weighted", "partScoring": {"52": [{"max": 19.99, "min": 0, "level": 1}, {"max": 39.99, "min": 20, "level": 2}, {"max": 59.99, "min": 40, "level": 3}, {"max": 79.99, "min": 60, "level": 4}, {"max": 100, "min": 80, "level": 5}], "53": [{"max": 19.99, "min": 0, "level": 1}, {"max": 39.99, "min": 20, "level": 2}, {"max": 59.99, "min": 40, "level": 3}, {"max": 79.99, "min": 60, "level": 4}, {"max": 100, "min": 80, "level": 5}]}}, "questionnaire_step_id": 17}', '{"id": 19, "title": "How well developed are your AM competencies?", "context": "ISO 55001 requires organizations to determine and provide necessary competence for personnel affecting asset management performance.", "company_id": "b64d182f-0ee3-40a0-b367-281f31902620", "created_at": "2025-11-04T00:28:39.88587+00:00", "created_by": "00000000-0000-0000-0000-000000000001", "deleted_at": null, "is_deleted": false, "updated_at": "2025-11-04T00:29:45.616+00:00", "order_index": 1, "question_text": "", "questionnaire_id": 3, "rating_scale_mapping": {"version": "weighted", "partScoring": {"52": [{"max": 19.99, "min": 0, "level": 1}, {"max": 39.99, "min": 20, "level": 2}, {"max": 59.99, "min": 40, "level": 3}, {"max": 79.99, "min": 60, "level": 4}, {"max": 100, "min": 80, "level": 5}], "53": [{"max": 19.99, "min": 0, "level": 1}, {"max": 39.99, "min": 20, "level": 2}, {"max": 59.99, "min": 40, "level": 3}, {"max": 79.99, "min": 60, "level": 4}, {"max": 100, "min": 80, "level": 5}], "54": [{"max": 19.99, "min": 0, "level": 1}, {"max": 39.99, "min": 20, "level": 2}, {"max": 59.99, "min": 40, "level": 3}, {"max": 79.99, "min": 60, "level": 4}, {"max": 100, "min": 80, "level": 5}]}}, "questionnaire_step_id": 17}', '{rating_scale_mapping}', '{"ip": "172.19.0.1", "user_agent": "node", "soft_delete_at": null}', '2025-11-04 00:29:45.620975+00'),
	(169, 'b64d182f-0ee3-40a0-b367-281f31902620', '00000000-0000-0000-0000-000000000001', 'tbikaun+vantage_local@teampps.com.au', 'Tyler Bikaun (Test User)', 'UPDATE', 'questionnaire_questions', '21', 'soft_delete', NULL, NULL, true, '{"id": 21, "title": "How mature is your asset management culture?", "context": "Placeholder context", "company_id": "b64d182f-0ee3-40a0-b367-281f31902620", "created_at": "2025-11-04T00:30:04.091442+00:00", "created_by": "00000000-0000-0000-0000-000000000001", "deleted_at": null, "is_deleted": false, "updated_at": "2025-11-04T00:30:04.091442+00:00", "order_index": 3, "question_text": "", "questionnaire_id": 3, "rating_scale_mapping": null, "questionnaire_step_id": 17}', '{"id": 21, "title": "How mature is your asset management culture?", "context": "Placeholder context", "company_id": "b64d182f-0ee3-40a0-b367-281f31902620", "created_at": "2025-11-04T00:30:04.091442+00:00", "created_by": "00000000-0000-0000-0000-000000000001", "deleted_at": "2025-11-04T00:30:20.715+00:00", "is_deleted": true, "updated_at": "2025-11-04T00:30:04.091442+00:00", "order_index": 3, "question_text": "", "questionnaire_id": 3, "rating_scale_mapping": null, "questionnaire_step_id": 17}', '{deleted_at,is_deleted}', '{"ip": "172.19.0.1", "user_agent": "node", "soft_delete_at": "2025-11-04T00:30:20.715+00:00"}', '2025-11-04 00:30:20.721621+00'),
	(170, 'b64d182f-0ee3-40a0-b367-281f31902620', '00000000-0000-0000-0000-000000000001', 'tbikaun+vantage_local@teampps.com.au', 'Tyler Bikaun (Test User)', 'UPDATE', 'questionnaire_question_rating_scales', '98', 'soft_delete', NULL, NULL, true, '{"id": 98, "company_id": "b64d182f-0ee3-40a0-b367-281f31902620", "created_at": "2025-11-04T00:30:04.116071+00:00", "created_by": "00000000-0000-0000-0000-000000000001", "deleted_at": null, "is_deleted": false, "updated_at": "2025-11-04T00:30:04.116071+00:00", "description": "No formal processes or systems in place. Ad-hoc reactive approach with no strategic direction.", "questionnaire_id": 3, "questionnaire_question_id": 21, "questionnaire_rating_scale_id": 8}', '{"id": 98, "company_id": "b64d182f-0ee3-40a0-b367-281f31902620", "created_at": "2025-11-04T00:30:04.116071+00:00", "created_by": "00000000-0000-0000-0000-000000000001", "deleted_at": "2025-11-04T00:30:20.721621+00:00", "is_deleted": true, "updated_at": "2025-11-04T00:30:04.116071+00:00", "description": "No formal processes or systems in place. Ad-hoc reactive approach with no strategic direction.", "questionnaire_id": 3, "questionnaire_question_id": 21, "questionnaire_rating_scale_id": 8}', '{deleted_at,is_deleted}', '{"ip": "172.19.0.1", "user_agent": "node", "soft_delete_at": "2025-11-04T00:30:20.721621+00:00"}', '2025-11-04 00:30:20.721621+00'),
	(171, 'b64d182f-0ee3-40a0-b367-281f31902620', '00000000-0000-0000-0000-000000000001', 'tbikaun+vantage_local@teampps.com.au', 'Tyler Bikaun (Test User)', 'UPDATE', 'questionnaire_question_rating_scales', '99', 'soft_delete', NULL, NULL, true, '{"id": 99, "company_id": "b64d182f-0ee3-40a0-b367-281f31902620", "created_at": "2025-11-04T00:30:04.116071+00:00", "created_by": "00000000-0000-0000-0000-000000000001", "deleted_at": null, "is_deleted": false, "updated_at": "2025-11-04T00:30:04.116071+00:00", "description": "Basic awareness and initial efforts underway. Informal processes with limited documentation or consistency.", "questionnaire_id": 3, "questionnaire_question_id": 21, "questionnaire_rating_scale_id": 9}', '{"id": 99, "company_id": "b64d182f-0ee3-40a0-b367-281f31902620", "created_at": "2025-11-04T00:30:04.116071+00:00", "created_by": "00000000-0000-0000-0000-000000000001", "deleted_at": "2025-11-04T00:30:20.721621+00:00", "is_deleted": true, "updated_at": "2025-11-04T00:30:04.116071+00:00", "description": "Basic awareness and initial efforts underway. Informal processes with limited documentation or consistency.", "questionnaire_id": 3, "questionnaire_question_id": 21, "questionnaire_rating_scale_id": 9}', '{deleted_at,is_deleted}', '{"ip": "172.19.0.1", "user_agent": "node", "soft_delete_at": "2025-11-04T00:30:20.721621+00:00"}', '2025-11-04 00:30:20.721621+00'),
	(181, 'b64d182f-0ee3-40a0-b367-281f31902620', '00000000-0000-0000-0000-000000000001', 'tbikaun+vantage_local@teampps.com.au', 'Tyler Bikaun (Test User)', 'INSERT', 'questionnaire_question_rating_scales', '107', 'user_action', NULL, NULL, false, NULL, '{"id": 107, "company_id": "b64d182f-0ee3-40a0-b367-281f31902620", "created_at": "2025-11-04T00:30:31.841141+00:00", "created_by": "00000000-0000-0000-0000-000000000001", "deleted_at": null, "is_deleted": false, "updated_at": "2025-11-04T00:30:31.841141+00:00", "description": "Industry-leading practices with continuous optimization. Data-driven decision making and predictive capabilities.", "questionnaire_id": 3, "questionnaire_question_id": 22, "questionnaire_rating_scale_id": 12}', '{}', '{"ip": "172.19.0.1", "user_agent": "node", "soft_delete_at": null}', '2025-11-04 00:30:31.841141+00'),
	(146, 'b64d182f-0ee3-40a0-b367-281f31902620', '00000000-0000-0000-0000-000000000001', 'tbikaun+vantage_local@teampps.com.au', 'Tyler Bikaun (Test User)', 'UPDATE', 'questionnaire_questions', '19', 'user_action', NULL, NULL, false, '{"id": 19, "title": "How well developed are your AM competencies?", "context": "ISO 55001 requires organizations to determine and provide necessary competence for personnel affecting asset management performance.", "company_id": "b64d182f-0ee3-40a0-b367-281f31902620", "created_at": "2025-11-04T00:28:39.88587+00:00", "created_by": "00000000-0000-0000-0000-000000000001", "deleted_at": null, "is_deleted": false, "updated_at": "2025-11-04T00:28:46.778+00:00", "order_index": 1, "question_text": "", "questionnaire_id": 3, "rating_scale_mapping": null, "questionnaire_step_id": 17}', '{"id": 19, "title": "How well developed are your AM competencies?", "context": "ISO 55001 requires organizations to determine and provide necessary competence for personnel affecting asset management performance.", "company_id": "b64d182f-0ee3-40a0-b367-281f31902620", "created_at": "2025-11-04T00:28:39.88587+00:00", "created_by": "00000000-0000-0000-0000-000000000001", "deleted_at": null, "is_deleted": false, "updated_at": "2025-11-04T00:29:26.059+00:00", "order_index": 1, "question_text": "", "questionnaire_id": 3, "rating_scale_mapping": {"version": "weighted", "partScoring": {"52": [{"max": 19.99, "min": 0, "level": 1}, {"max": 39.99, "min": 20, "level": 2}, {"max": 59.99, "min": 40, "level": 3}, {"max": 79.99, "min": 60, "level": 4}, {"max": 100, "min": 80, "level": 5}]}}, "questionnaire_step_id": 17}', '{rating_scale_mapping}', '{"ip": "172.19.0.1", "user_agent": "node", "soft_delete_at": null}', '2025-11-04 00:29:26.065302+00'),
	(149, 'b64d182f-0ee3-40a0-b367-281f31902620', '00000000-0000-0000-0000-000000000001', 'tbikaun+vantage_local@teampps.com.au', 'Tyler Bikaun (Test User)', 'INSERT', 'questionnaire_question_parts', '54', 'user_action', NULL, NULL, false, NULL, '{"id": 54, "text": "Number of certified AM professionals", "options": {"max": 100, "min": 0, "decimal_places": 0}, "company_id": "b64d182f-0ee3-40a0-b367-281f31902620", "created_at": "2025-11-04T00:29:45.596805+00:00", "created_by": "00000000-0000-0000-0000-000000000001", "deleted_at": null, "is_deleted": false, "updated_at": "2025-11-04T00:29:45.596805+00:00", "answer_type": "number", "order_index": 2, "questionnaire_id": 3, "questionnaire_question_id": 19}', '{}', '{"ip": "172.19.0.1", "user_agent": "node", "soft_delete_at": null}', '2025-11-04 00:29:45.596805+00'),
	(163, 'b64d182f-0ee3-40a0-b367-281f31902620', '00000000-0000-0000-0000-000000000001', 'tbikaun+vantage_local@teampps.com.au', 'Tyler Bikaun (Test User)', 'UPDATE', 'questionnaire_questions', '20', 'soft_delete', NULL, NULL, true, '{"id": 20, "title": "Organizational Culture", "context": "Placeholder context", "company_id": "b64d182f-0ee3-40a0-b367-281f31902620", "created_at": "2025-11-04T00:29:57.426885+00:00", "created_by": "00000000-0000-0000-0000-000000000001", "deleted_at": null, "is_deleted": false, "updated_at": "2025-11-04T00:29:57.426885+00:00", "order_index": 2, "question_text": "", "questionnaire_id": 3, "rating_scale_mapping": null, "questionnaire_step_id": 17}', '{"id": 20, "title": "Organizational Culture", "context": "Placeholder context", "company_id": "b64d182f-0ee3-40a0-b367-281f31902620", "created_at": "2025-11-04T00:29:57.426885+00:00", "created_by": "00000000-0000-0000-0000-000000000001", "deleted_at": "2025-11-04T00:30:16.561+00:00", "is_deleted": true, "updated_at": "2025-11-04T00:29:57.426885+00:00", "order_index": 2, "question_text": "", "questionnaire_id": 3, "rating_scale_mapping": null, "questionnaire_step_id": 17}', '{deleted_at,is_deleted}', '{"ip": "172.19.0.1", "user_agent": "node", "soft_delete_at": "2025-11-04T00:30:16.561+00:00"}', '2025-11-04 00:30:16.565236+00'),
	(164, 'b64d182f-0ee3-40a0-b367-281f31902620', '00000000-0000-0000-0000-000000000001', 'tbikaun+vantage_local@teampps.com.au', 'Tyler Bikaun (Test User)', 'UPDATE', 'questionnaire_question_rating_scales', '93', 'soft_delete', NULL, NULL, true, '{"id": 93, "company_id": "b64d182f-0ee3-40a0-b367-281f31902620", "created_at": "2025-11-04T00:29:57.449737+00:00", "created_by": "00000000-0000-0000-0000-000000000001", "deleted_at": null, "is_deleted": false, "updated_at": "2025-11-04T00:29:57.449737+00:00", "description": "No formal processes or systems in place. Ad-hoc reactive approach with no strategic direction.", "questionnaire_id": 3, "questionnaire_question_id": 20, "questionnaire_rating_scale_id": 8}', '{"id": 93, "company_id": "b64d182f-0ee3-40a0-b367-281f31902620", "created_at": "2025-11-04T00:29:57.449737+00:00", "created_by": "00000000-0000-0000-0000-000000000001", "deleted_at": "2025-11-04T00:30:16.565236+00:00", "is_deleted": true, "updated_at": "2025-11-04T00:29:57.449737+00:00", "description": "No formal processes or systems in place. Ad-hoc reactive approach with no strategic direction.", "questionnaire_id": 3, "questionnaire_question_id": 20, "questionnaire_rating_scale_id": 8}', '{deleted_at,is_deleted}', '{"ip": "172.19.0.1", "user_agent": "node", "soft_delete_at": "2025-11-04T00:30:16.565236+00:00"}', '2025-11-04 00:30:16.565236+00'),
	(165, 'b64d182f-0ee3-40a0-b367-281f31902620', '00000000-0000-0000-0000-000000000001', 'tbikaun+vantage_local@teampps.com.au', 'Tyler Bikaun (Test User)', 'UPDATE', 'questionnaire_question_rating_scales', '94', 'soft_delete', NULL, NULL, true, '{"id": 94, "company_id": "b64d182f-0ee3-40a0-b367-281f31902620", "created_at": "2025-11-04T00:29:57.449737+00:00", "created_by": "00000000-0000-0000-0000-000000000001", "deleted_at": null, "is_deleted": false, "updated_at": "2025-11-04T00:29:57.449737+00:00", "description": "Basic awareness and initial efforts underway. Informal processes with limited documentation or consistency.", "questionnaire_id": 3, "questionnaire_question_id": 20, "questionnaire_rating_scale_id": 9}', '{"id": 94, "company_id": "b64d182f-0ee3-40a0-b367-281f31902620", "created_at": "2025-11-04T00:29:57.449737+00:00", "created_by": "00000000-0000-0000-0000-000000000001", "deleted_at": "2025-11-04T00:30:16.565236+00:00", "is_deleted": true, "updated_at": "2025-11-04T00:29:57.449737+00:00", "description": "Basic awareness and initial efforts underway. Informal processes with limited documentation or consistency.", "questionnaire_id": 3, "questionnaire_question_id": 20, "questionnaire_rating_scale_id": 9}', '{deleted_at,is_deleted}', '{"ip": "172.19.0.1", "user_agent": "node", "soft_delete_at": "2025-11-04T00:30:16.565236+00:00"}', '2025-11-04 00:30:16.565236+00'),
	(190, 'b64d182f-0ee3-40a0-b367-281f31902620', '00000000-0000-0000-0000-000000000001', 'tbikaun+vantage_local@teampps.com.au', 'Tyler Bikaun (Test User)', 'INSERT', 'questionnaire_question_parts', '56', 'user_action', NULL, NULL, false, NULL, '{"id": 56, "text": "Are AM roles and responsibilities documented?", "options": {}, "company_id": "b64d182f-0ee3-40a0-b367-281f31902620", "created_at": "2025-11-04T00:31:29.387107+00:00", "created_by": "00000000-0000-0000-0000-000000000001", "deleted_at": null, "is_deleted": false, "updated_at": "2025-11-04T00:31:29.387107+00:00", "answer_type": "boolean", "order_index": 1, "questionnaire_id": 3, "questionnaire_question_id": 22}', '{}', '{"ip": "172.19.0.1", "user_agent": "node", "soft_delete_at": null}', '2025-11-04 00:31:29.387107+00'),
	(160, 'b64d182f-0ee3-40a0-b367-281f31902620', '00000000-0000-0000-0000-000000000001', 'tbikaun+vantage_local@teampps.com.au', 'Tyler Bikaun (Test User)', 'INSERT', 'questionnaire_question_rating_scales', '100', 'user_action', NULL, NULL, false, NULL, '{"id": 100, "company_id": "b64d182f-0ee3-40a0-b367-281f31902620", "created_at": "2025-11-04T00:30:04.116071+00:00", "created_by": "00000000-0000-0000-0000-000000000001", "deleted_at": null, "is_deleted": false, "updated_at": "2025-11-04T00:30:04.116071+00:00", "description": "Formal processes being established. Partial implementation with growing maturity and documentation.", "questionnaire_id": 3, "questionnaire_question_id": 21, "questionnaire_rating_scale_id": 10}', '{}', '{"ip": "172.19.0.1", "user_agent": "node", "soft_delete_at": null}', '2025-11-04 00:30:04.116071+00'),
	(161, 'b64d182f-0ee3-40a0-b367-281f31902620', '00000000-0000-0000-0000-000000000001', 'tbikaun+vantage_local@teampps.com.au', 'Tyler Bikaun (Test User)', 'INSERT', 'questionnaire_question_rating_scales', '101', 'user_action', NULL, NULL, false, NULL, '{"id": 101, "company_id": "b64d182f-0ee3-40a0-b367-281f31902620", "created_at": "2025-11-04T00:30:04.116071+00:00", "created_by": "00000000-0000-0000-0000-000000000001", "deleted_at": null, "is_deleted": false, "updated_at": "2025-11-04T00:30:04.116071+00:00", "description": "Comprehensive processes fully implemented. Consistent application with regular review and improvement.", "questionnaire_id": 3, "questionnaire_question_id": 21, "questionnaire_rating_scale_id": 11}', '{}', '{"ip": "172.19.0.1", "user_agent": "node", "soft_delete_at": null}', '2025-11-04 00:30:04.116071+00'),
	(162, 'b64d182f-0ee3-40a0-b367-281f31902620', '00000000-0000-0000-0000-000000000001', 'tbikaun+vantage_local@teampps.com.au', 'Tyler Bikaun (Test User)', 'INSERT', 'questionnaire_question_rating_scales', '102', 'user_action', NULL, NULL, false, NULL, '{"id": 102, "company_id": "b64d182f-0ee3-40a0-b367-281f31902620", "created_at": "2025-11-04T00:30:04.116071+00:00", "created_by": "00000000-0000-0000-0000-000000000001", "deleted_at": null, "is_deleted": false, "updated_at": "2025-11-04T00:30:04.116071+00:00", "description": "Industry-leading practices with continuous optimization. Data-driven decision making and predictive capabilities.", "questionnaire_id": 3, "questionnaire_question_id": 21, "questionnaire_rating_scale_id": 12}', '{}', '{"ip": "172.19.0.1", "user_agent": "node", "soft_delete_at": null}', '2025-11-04 00:30:04.116071+00'),
	(184, 'b64d182f-0ee3-40a0-b367-281f31902620', '00000000-0000-0000-0000-000000000001', 'tbikaun+vantage_local@teampps.com.au', 'Tyler Bikaun (Test User)', 'UPDATE', 'questionnaire_question_rating_scales', '104', 'user_action', NULL, NULL, false, '{"id": 104, "company_id": "b64d182f-0ee3-40a0-b367-281f31902620", "created_at": "2025-11-04T00:30:31.841141+00:00", "created_by": "00000000-0000-0000-0000-000000000001", "deleted_at": null, "is_deleted": false, "updated_at": "2025-11-04T00:30:31.841141+00:00", "description": "Basic awareness and initial efforts underway. Informal processes with limited documentation or consistency.", "questionnaire_id": 3, "questionnaire_question_id": 22, "questionnaire_rating_scale_id": 9}', '{"id": 104, "company_id": "b64d182f-0ee3-40a0-b367-281f31902620", "created_at": "2025-11-04T00:30:31.841141+00:00", "created_by": "00000000-0000-0000-0000-000000000001", "deleted_at": null, "is_deleted": false, "updated_at": "2025-11-04T00:30:50.448+00:00", "description": "Growing awareness but limited cross-functional collaboration.", "questionnaire_id": 3, "questionnaire_question_id": 22, "questionnaire_rating_scale_id": 9}', '{description}', '{"ip": "172.19.0.1", "user_agent": "node", "soft_delete_at": null}', '2025-11-04 00:30:50.453184+00'),
	(188, 'b64d182f-0ee3-40a0-b367-281f31902620', '00000000-0000-0000-0000-000000000001', 'tbikaun+vantage_local@teampps.com.au', 'Tyler Bikaun (Test User)', 'INSERT', 'questionnaire_question_parts', '55', 'user_action', NULL, NULL, false, NULL, '{"id": 55, "text": "Level of cross-functional collaboration", "options": {"labels": ["None", "Minimal", "Some", "Good", "Excellent"]}, "company_id": "b64d182f-0ee3-40a0-b367-281f31902620", "created_at": "2025-11-04T00:31:21.163738+00:00", "created_by": "00000000-0000-0000-0000-000000000001", "deleted_at": null, "is_deleted": false, "updated_at": "2025-11-04T00:31:21.163738+00:00", "answer_type": "labelled_scale", "order_index": 0, "questionnaire_id": 3, "questionnaire_question_id": 22}', '{}', '{"ip": "172.19.0.1", "user_agent": "node", "soft_delete_at": null}', '2025-11-04 00:31:21.163738+00'),
	(193, 'b64d182f-0ee3-40a0-b367-281f31902620', '00000000-0000-0000-0000-000000000001', 'tbikaun+vantage_local@teampps.com.au', 'Tyler Bikaun (Test User)', 'UPDATE', 'questionnaire_questions', '22', 'user_action', NULL, NULL, false, '{"id": 22, "title": "How mature is your asset management culture?", "context": "A strong asset management culture with clear roles, responsibilities, and accountability is essential for ISO 55001 success.", "company_id": "b64d182f-0ee3-40a0-b367-281f31902620", "created_at": "2025-11-04T00:30:31.818007+00:00", "created_by": "00000000-0000-0000-0000-000000000001", "deleted_at": null, "is_deleted": false, "updated_at": "2025-11-04T00:31:29.403+00:00", "order_index": 1, "question_text": "", "questionnaire_id": 3, "rating_scale_mapping": {"version": "weighted", "partScoring": {"55": {"Good": 4, "None": 1, "Some": 3, "Minimal": 2, "Excellent": 5}, "56": {"true": 5, "false": 1}}}, "questionnaire_step_id": 18}', '{"id": 22, "title": "How mature is your asset management culture?", "context": "A strong asset management culture with clear roles, responsibilities, and accountability is essential for ISO 55001 success.", "company_id": "b64d182f-0ee3-40a0-b367-281f31902620", "created_at": "2025-11-04T00:30:31.818007+00:00", "created_by": "00000000-0000-0000-0000-000000000001", "deleted_at": null, "is_deleted": false, "updated_at": "2025-11-04T00:31:38.293+00:00", "order_index": 1, "question_text": "", "questionnaire_id": 3, "rating_scale_mapping": {"version": "weighted", "partScoring": {"55": {"Good": 4, "None": 1, "Some": 3, "Minimal": 2, "Excellent": 5}, "56": {"true": 5, "false": 1}, "57": [{"max": 1.79, "min": 1, "level": 1}, {"max": 2.59, "min": 1.8, "level": 2}, {"max": 3.39, "min": 2.6, "level": 3}, {"max": 4.19, "min": 3.4, "level": 4}, {"max": 5, "min": 4.2, "level": 5}]}}, "questionnaire_step_id": 18}', '{rating_scale_mapping}', '{"ip": "172.19.0.1", "user_agent": "node", "soft_delete_at": null}', '2025-11-04 00:31:38.297584+00'),
	(166, 'b64d182f-0ee3-40a0-b367-281f31902620', '00000000-0000-0000-0000-000000000001', 'tbikaun+vantage_local@teampps.com.au', 'Tyler Bikaun (Test User)', 'UPDATE', 'questionnaire_question_rating_scales', '95', 'soft_delete', NULL, NULL, true, '{"id": 95, "company_id": "b64d182f-0ee3-40a0-b367-281f31902620", "created_at": "2025-11-04T00:29:57.449737+00:00", "created_by": "00000000-0000-0000-0000-000000000001", "deleted_at": null, "is_deleted": false, "updated_at": "2025-11-04T00:29:57.449737+00:00", "description": "Formal processes being established. Partial implementation with growing maturity and documentation.", "questionnaire_id": 3, "questionnaire_question_id": 20, "questionnaire_rating_scale_id": 10}', '{"id": 95, "company_id": "b64d182f-0ee3-40a0-b367-281f31902620", "created_at": "2025-11-04T00:29:57.449737+00:00", "created_by": "00000000-0000-0000-0000-000000000001", "deleted_at": "2025-11-04T00:30:16.565236+00:00", "is_deleted": true, "updated_at": "2025-11-04T00:29:57.449737+00:00", "description": "Formal processes being established. Partial implementation with growing maturity and documentation.", "questionnaire_id": 3, "questionnaire_question_id": 20, "questionnaire_rating_scale_id": 10}', '{deleted_at,is_deleted}', '{"ip": "172.19.0.1", "user_agent": "node", "soft_delete_at": "2025-11-04T00:30:16.565236+00:00"}', '2025-11-04 00:30:16.565236+00'),
	(167, 'b64d182f-0ee3-40a0-b367-281f31902620', '00000000-0000-0000-0000-000000000001', 'tbikaun+vantage_local@teampps.com.au', 'Tyler Bikaun (Test User)', 'UPDATE', 'questionnaire_question_rating_scales', '96', 'soft_delete', NULL, NULL, true, '{"id": 96, "company_id": "b64d182f-0ee3-40a0-b367-281f31902620", "created_at": "2025-11-04T00:29:57.449737+00:00", "created_by": "00000000-0000-0000-0000-000000000001", "deleted_at": null, "is_deleted": false, "updated_at": "2025-11-04T00:29:57.449737+00:00", "description": "Comprehensive processes fully implemented. Consistent application with regular review and improvement.", "questionnaire_id": 3, "questionnaire_question_id": 20, "questionnaire_rating_scale_id": 11}', '{"id": 96, "company_id": "b64d182f-0ee3-40a0-b367-281f31902620", "created_at": "2025-11-04T00:29:57.449737+00:00", "created_by": "00000000-0000-0000-0000-000000000001", "deleted_at": "2025-11-04T00:30:16.565236+00:00", "is_deleted": true, "updated_at": "2025-11-04T00:29:57.449737+00:00", "description": "Comprehensive processes fully implemented. Consistent application with regular review and improvement.", "questionnaire_id": 3, "questionnaire_question_id": 20, "questionnaire_rating_scale_id": 11}', '{deleted_at,is_deleted}', '{"ip": "172.19.0.1", "user_agent": "node", "soft_delete_at": "2025-11-04T00:30:16.565236+00:00"}', '2025-11-04 00:30:16.565236+00'),
	(198, 'b64d182f-0ee3-40a0-b367-281f31902620', '00000000-0000-0000-0000-000000000001', 'tbikaun+vantage_local@teampps.com.au', 'Tyler Bikaun (Test User)', 'INSERT', 'questionnaire_question_rating_scales', '109', 'user_action', NULL, NULL, false, NULL, '{"id": 109, "company_id": "b64d182f-0ee3-40a0-b367-281f31902620", "created_at": "2025-11-04T00:32:01.236984+00:00", "created_by": "00000000-0000-0000-0000-000000000001", "deleted_at": null, "is_deleted": false, "updated_at": "2025-11-04T00:32:01.236984+00:00", "description": "Basic awareness and initial efforts underway. Informal processes with limited documentation or consistency.", "questionnaire_id": 3, "questionnaire_question_id": 23, "questionnaire_rating_scale_id": 9}', '{}', '{"ip": "172.19.0.1", "user_agent": "node", "soft_delete_at": null}', '2025-11-04 00:32:01.236984+00'),
	(168, 'b64d182f-0ee3-40a0-b367-281f31902620', '00000000-0000-0000-0000-000000000001', 'tbikaun+vantage_local@teampps.com.au', 'Tyler Bikaun (Test User)', 'UPDATE', 'questionnaire_question_rating_scales', '97', 'soft_delete', NULL, NULL, true, '{"id": 97, "company_id": "b64d182f-0ee3-40a0-b367-281f31902620", "created_at": "2025-11-04T00:29:57.449737+00:00", "created_by": "00000000-0000-0000-0000-000000000001", "deleted_at": null, "is_deleted": false, "updated_at": "2025-11-04T00:29:57.449737+00:00", "description": "Industry-leading practices with continuous optimization. Data-driven decision making and predictive capabilities.", "questionnaire_id": 3, "questionnaire_question_id": 20, "questionnaire_rating_scale_id": 12}', '{"id": 97, "company_id": "b64d182f-0ee3-40a0-b367-281f31902620", "created_at": "2025-11-04T00:29:57.449737+00:00", "created_by": "00000000-0000-0000-0000-000000000001", "deleted_at": "2025-11-04T00:30:16.565236+00:00", "is_deleted": true, "updated_at": "2025-11-04T00:29:57.449737+00:00", "description": "Industry-leading practices with continuous optimization. Data-driven decision making and predictive capabilities.", "questionnaire_id": 3, "questionnaire_question_id": 20, "questionnaire_rating_scale_id": 12}', '{deleted_at,is_deleted}', '{"ip": "172.19.0.1", "user_agent": "node", "soft_delete_at": "2025-11-04T00:30:16.565236+00:00"}', '2025-11-04 00:30:16.565236+00'),
	(176, 'b64d182f-0ee3-40a0-b367-281f31902620', '00000000-0000-0000-0000-000000000001', 'tbikaun+vantage_local@teampps.com.au', 'Tyler Bikaun (Test User)', 'INSERT', 'questionnaire_questions', '22', 'user_action', NULL, NULL, false, NULL, '{"id": 22, "title": "How mature is your asset management culture?", "context": "Placeholder context", "company_id": "b64d182f-0ee3-40a0-b367-281f31902620", "created_at": "2025-11-04T00:30:31.818007+00:00", "created_by": "00000000-0000-0000-0000-000000000001", "deleted_at": null, "is_deleted": false, "updated_at": "2025-11-04T00:30:31.818007+00:00", "order_index": 1, "question_text": "", "questionnaire_id": 3, "rating_scale_mapping": null, "questionnaire_step_id": 18}', '{}', '{"ip": "172.19.0.1", "user_agent": "node", "soft_delete_at": null}', '2025-11-04 00:30:31.818007+00'),
	(182, 'b64d182f-0ee3-40a0-b367-281f31902620', '00000000-0000-0000-0000-000000000001', 'tbikaun+vantage_local@teampps.com.au', 'Tyler Bikaun (Test User)', 'UPDATE', 'questionnaire_questions', '22', 'user_action', NULL, NULL, false, '{"id": 22, "title": "How mature is your asset management culture?", "context": "Placeholder context", "company_id": "b64d182f-0ee3-40a0-b367-281f31902620", "created_at": "2025-11-04T00:30:31.818007+00:00", "created_by": "00000000-0000-0000-0000-000000000001", "deleted_at": null, "is_deleted": false, "updated_at": "2025-11-04T00:30:31.818007+00:00", "order_index": 1, "question_text": "", "questionnaire_id": 3, "rating_scale_mapping": null, "questionnaire_step_id": 18}', '{"id": 22, "title": "How mature is your asset management culture?", "context": "A strong asset management culture with clear roles, responsibilities, and accountability is essential for ISO 55001 success.", "company_id": "b64d182f-0ee3-40a0-b367-281f31902620", "created_at": "2025-11-04T00:30:31.818007+00:00", "created_by": "00000000-0000-0000-0000-000000000001", "deleted_at": null, "is_deleted": false, "updated_at": "2025-11-04T00:30:38.532+00:00", "order_index": 1, "question_text": "", "questionnaire_id": 3, "rating_scale_mapping": null, "questionnaire_step_id": 18}', '{context}', '{"ip": "172.19.0.1", "user_agent": "node", "soft_delete_at": null}', '2025-11-04 00:30:38.536465+00'),
	(186, 'b64d182f-0ee3-40a0-b367-281f31902620', '00000000-0000-0000-0000-000000000001', 'tbikaun+vantage_local@teampps.com.au', 'Tyler Bikaun (Test User)', 'UPDATE', 'questionnaire_question_rating_scales', '106', 'user_action', NULL, NULL, false, '{"id": 106, "company_id": "b64d182f-0ee3-40a0-b367-281f31902620", "created_at": "2025-11-04T00:30:31.841141+00:00", "created_by": "00000000-0000-0000-0000-000000000001", "deleted_at": null, "is_deleted": false, "updated_at": "2025-11-04T00:30:31.841141+00:00", "description": "Comprehensive processes fully implemented. Consistent application with regular review and improvement.", "questionnaire_id": 3, "questionnaire_question_id": 22, "questionnaire_rating_scale_id": 11}', '{"id": 106, "company_id": "b64d182f-0ee3-40a0-b367-281f31902620", "created_at": "2025-11-04T00:30:31.841141+00:00", "created_by": "00000000-0000-0000-0000-000000000001", "deleted_at": null, "is_deleted": false, "updated_at": "2025-11-04T00:30:58.897+00:00", "description": "Strong AM culture with clear accountability and cross-functional integration.", "questionnaire_id": 3, "questionnaire_question_id": 22, "questionnaire_rating_scale_id": 11}', '{description}', '{"ip": "172.19.0.1", "user_agent": "node", "soft_delete_at": null}', '2025-11-04 00:30:58.904051+00'),
	(172, 'b64d182f-0ee3-40a0-b367-281f31902620', '00000000-0000-0000-0000-000000000001', 'tbikaun+vantage_local@teampps.com.au', 'Tyler Bikaun (Test User)', 'UPDATE', 'questionnaire_question_rating_scales', '100', 'soft_delete', NULL, NULL, true, '{"id": 100, "company_id": "b64d182f-0ee3-40a0-b367-281f31902620", "created_at": "2025-11-04T00:30:04.116071+00:00", "created_by": "00000000-0000-0000-0000-000000000001", "deleted_at": null, "is_deleted": false, "updated_at": "2025-11-04T00:30:04.116071+00:00", "description": "Formal processes being established. Partial implementation with growing maturity and documentation.", "questionnaire_id": 3, "questionnaire_question_id": 21, "questionnaire_rating_scale_id": 10}', '{"id": 100, "company_id": "b64d182f-0ee3-40a0-b367-281f31902620", "created_at": "2025-11-04T00:30:04.116071+00:00", "created_by": "00000000-0000-0000-0000-000000000001", "deleted_at": "2025-11-04T00:30:20.721621+00:00", "is_deleted": true, "updated_at": "2025-11-04T00:30:04.116071+00:00", "description": "Formal processes being established. Partial implementation with growing maturity and documentation.", "questionnaire_id": 3, "questionnaire_question_id": 21, "questionnaire_rating_scale_id": 10}', '{deleted_at,is_deleted}', '{"ip": "172.19.0.1", "user_agent": "node", "soft_delete_at": "2025-11-04T00:30:20.721621+00:00"}', '2025-11-04 00:30:20.721621+00'),
	(173, 'b64d182f-0ee3-40a0-b367-281f31902620', '00000000-0000-0000-0000-000000000001', 'tbikaun+vantage_local@teampps.com.au', 'Tyler Bikaun (Test User)', 'UPDATE', 'questionnaire_question_rating_scales', '101', 'soft_delete', NULL, NULL, true, '{"id": 101, "company_id": "b64d182f-0ee3-40a0-b367-281f31902620", "created_at": "2025-11-04T00:30:04.116071+00:00", "created_by": "00000000-0000-0000-0000-000000000001", "deleted_at": null, "is_deleted": false, "updated_at": "2025-11-04T00:30:04.116071+00:00", "description": "Comprehensive processes fully implemented. Consistent application with regular review and improvement.", "questionnaire_id": 3, "questionnaire_question_id": 21, "questionnaire_rating_scale_id": 11}', '{"id": 101, "company_id": "b64d182f-0ee3-40a0-b367-281f31902620", "created_at": "2025-11-04T00:30:04.116071+00:00", "created_by": "00000000-0000-0000-0000-000000000001", "deleted_at": "2025-11-04T00:30:20.721621+00:00", "is_deleted": true, "updated_at": "2025-11-04T00:30:04.116071+00:00", "description": "Comprehensive processes fully implemented. Consistent application with regular review and improvement.", "questionnaire_id": 3, "questionnaire_question_id": 21, "questionnaire_rating_scale_id": 11}', '{deleted_at,is_deleted}', '{"ip": "172.19.0.1", "user_agent": "node", "soft_delete_at": "2025-11-04T00:30:20.721621+00:00"}', '2025-11-04 00:30:20.721621+00'),
	(174, 'b64d182f-0ee3-40a0-b367-281f31902620', '00000000-0000-0000-0000-000000000001', 'tbikaun+vantage_local@teampps.com.au', 'Tyler Bikaun (Test User)', 'UPDATE', 'questionnaire_question_rating_scales', '102', 'soft_delete', NULL, NULL, true, '{"id": 102, "company_id": "b64d182f-0ee3-40a0-b367-281f31902620", "created_at": "2025-11-04T00:30:04.116071+00:00", "created_by": "00000000-0000-0000-0000-000000000001", "deleted_at": null, "is_deleted": false, "updated_at": "2025-11-04T00:30:04.116071+00:00", "description": "Industry-leading practices with continuous optimization. Data-driven decision making and predictive capabilities.", "questionnaire_id": 3, "questionnaire_question_id": 21, "questionnaire_rating_scale_id": 12}', '{"id": 102, "company_id": "b64d182f-0ee3-40a0-b367-281f31902620", "created_at": "2025-11-04T00:30:04.116071+00:00", "created_by": "00000000-0000-0000-0000-000000000001", "deleted_at": "2025-11-04T00:30:20.721621+00:00", "is_deleted": true, "updated_at": "2025-11-04T00:30:04.116071+00:00", "description": "Industry-leading practices with continuous optimization. Data-driven decision making and predictive capabilities.", "questionnaire_id": 3, "questionnaire_question_id": 21, "questionnaire_rating_scale_id": 12}', '{deleted_at,is_deleted}', '{"ip": "172.19.0.1", "user_agent": "node", "soft_delete_at": "2025-11-04T00:30:20.721621+00:00"}', '2025-11-04 00:30:20.721621+00'),
	(177, 'b64d182f-0ee3-40a0-b367-281f31902620', '00000000-0000-0000-0000-000000000001', 'tbikaun+vantage_local@teampps.com.au', 'Tyler Bikaun (Test User)', 'INSERT', 'questionnaire_question_rating_scales', '103', 'user_action', NULL, NULL, false, NULL, '{"id": 103, "company_id": "b64d182f-0ee3-40a0-b367-281f31902620", "created_at": "2025-11-04T00:30:31.841141+00:00", "created_by": "00000000-0000-0000-0000-000000000001", "deleted_at": null, "is_deleted": false, "updated_at": "2025-11-04T00:30:31.841141+00:00", "description": "No formal processes or systems in place. Ad-hoc reactive approach with no strategic direction.", "questionnaire_id": 3, "questionnaire_question_id": 22, "questionnaire_rating_scale_id": 8}', '{}', '{"ip": "172.19.0.1", "user_agent": "node", "soft_delete_at": null}', '2025-11-04 00:30:31.841141+00'),
	(178, 'b64d182f-0ee3-40a0-b367-281f31902620', '00000000-0000-0000-0000-000000000001', 'tbikaun+vantage_local@teampps.com.au', 'Tyler Bikaun (Test User)', 'INSERT', 'questionnaire_question_rating_scales', '104', 'user_action', NULL, NULL, false, NULL, '{"id": 104, "company_id": "b64d182f-0ee3-40a0-b367-281f31902620", "created_at": "2025-11-04T00:30:31.841141+00:00", "created_by": "00000000-0000-0000-0000-000000000001", "deleted_at": null, "is_deleted": false, "updated_at": "2025-11-04T00:30:31.841141+00:00", "description": "Basic awareness and initial efforts underway. Informal processes with limited documentation or consistency.", "questionnaire_id": 3, "questionnaire_question_id": 22, "questionnaire_rating_scale_id": 9}', '{}', '{"ip": "172.19.0.1", "user_agent": "node", "soft_delete_at": null}', '2025-11-04 00:30:31.841141+00'),
	(179, 'b64d182f-0ee3-40a0-b367-281f31902620', '00000000-0000-0000-0000-000000000001', 'tbikaun+vantage_local@teampps.com.au', 'Tyler Bikaun (Test User)', 'INSERT', 'questionnaire_question_rating_scales', '105', 'user_action', NULL, NULL, false, NULL, '{"id": 105, "company_id": "b64d182f-0ee3-40a0-b367-281f31902620", "created_at": "2025-11-04T00:30:31.841141+00:00", "created_by": "00000000-0000-0000-0000-000000000001", "deleted_at": null, "is_deleted": false, "updated_at": "2025-11-04T00:30:31.841141+00:00", "description": "Formal processes being established. Partial implementation with growing maturity and documentation.", "questionnaire_id": 3, "questionnaire_question_id": 22, "questionnaire_rating_scale_id": 10}', '{}', '{"ip": "172.19.0.1", "user_agent": "node", "soft_delete_at": null}', '2025-11-04 00:30:31.841141+00'),
	(180, 'b64d182f-0ee3-40a0-b367-281f31902620', '00000000-0000-0000-0000-000000000001', 'tbikaun+vantage_local@teampps.com.au', 'Tyler Bikaun (Test User)', 'INSERT', 'questionnaire_question_rating_scales', '106', 'user_action', NULL, NULL, false, NULL, '{"id": 106, "company_id": "b64d182f-0ee3-40a0-b367-281f31902620", "created_at": "2025-11-04T00:30:31.841141+00:00", "created_by": "00000000-0000-0000-0000-000000000001", "deleted_at": null, "is_deleted": false, "updated_at": "2025-11-04T00:30:31.841141+00:00", "description": "Comprehensive processes fully implemented. Consistent application with regular review and improvement.", "questionnaire_id": 3, "questionnaire_question_id": 22, "questionnaire_rating_scale_id": 11}', '{}', '{"ip": "172.19.0.1", "user_agent": "node", "soft_delete_at": null}', '2025-11-04 00:30:31.841141+00'),
	(183, 'b64d182f-0ee3-40a0-b367-281f31902620', '00000000-0000-0000-0000-000000000001', 'tbikaun+vantage_local@teampps.com.au', 'Tyler Bikaun (Test User)', 'UPDATE', 'questionnaire_question_rating_scales', '103', 'user_action', NULL, NULL, false, '{"id": 103, "company_id": "b64d182f-0ee3-40a0-b367-281f31902620", "created_at": "2025-11-04T00:30:31.841141+00:00", "created_by": "00000000-0000-0000-0000-000000000001", "deleted_at": null, "is_deleted": false, "updated_at": "2025-11-04T00:30:31.841141+00:00", "description": "No formal processes or systems in place. Ad-hoc reactive approach with no strategic direction.", "questionnaire_id": 3, "questionnaire_question_id": 22, "questionnaire_rating_scale_id": 8}', '{"id": 103, "company_id": "b64d182f-0ee3-40a0-b367-281f31902620", "created_at": "2025-11-04T00:30:31.841141+00:00", "created_by": "00000000-0000-0000-0000-000000000001", "deleted_at": null, "is_deleted": false, "updated_at": "2025-11-04T00:30:45.048+00:00", "description": "Asset management not recognized as important. Siloed decision-making.", "questionnaire_id": 3, "questionnaire_question_id": 22, "questionnaire_rating_scale_id": 8}', '{description}', '{"ip": "172.19.0.1", "user_agent": "node", "soft_delete_at": null}', '2025-11-04 00:30:45.052657+00'),
	(191, 'b64d182f-0ee3-40a0-b367-281f31902620', '00000000-0000-0000-0000-000000000001', 'tbikaun+vantage_local@teampps.com.au', 'Tyler Bikaun (Test User)', 'UPDATE', 'questionnaire_questions', '22', 'user_action', NULL, NULL, false, '{"id": 22, "title": "How mature is your asset management culture?", "context": "A strong asset management culture with clear roles, responsibilities, and accountability is essential for ISO 55001 success.", "company_id": "b64d182f-0ee3-40a0-b367-281f31902620", "created_at": "2025-11-04T00:30:31.818007+00:00", "created_by": "00000000-0000-0000-0000-000000000001", "deleted_at": null, "is_deleted": false, "updated_at": "2025-11-04T00:31:21.18+00:00", "order_index": 1, "question_text": "", "questionnaire_id": 3, "rating_scale_mapping": {"version": "weighted", "partScoring": {"55": {"Good": 4, "None": 1, "Some": 3, "Minimal": 2, "Excellent": 5}}}, "questionnaire_step_id": 18}', '{"id": 22, "title": "How mature is your asset management culture?", "context": "A strong asset management culture with clear roles, responsibilities, and accountability is essential for ISO 55001 success.", "company_id": "b64d182f-0ee3-40a0-b367-281f31902620", "created_at": "2025-11-04T00:30:31.818007+00:00", "created_by": "00000000-0000-0000-0000-000000000001", "deleted_at": null, "is_deleted": false, "updated_at": "2025-11-04T00:31:29.403+00:00", "order_index": 1, "question_text": "", "questionnaire_id": 3, "rating_scale_mapping": {"version": "weighted", "partScoring": {"55": {"Good": 4, "None": 1, "Some": 3, "Minimal": 2, "Excellent": 5}, "56": {"true": 5, "false": 1}}}, "questionnaire_step_id": 18}', '{rating_scale_mapping}', '{"ip": "172.19.0.1", "user_agent": "node", "soft_delete_at": null}', '2025-11-04 00:31:29.40803+00'),
	(185, 'b64d182f-0ee3-40a0-b367-281f31902620', '00000000-0000-0000-0000-000000000001', 'tbikaun+vantage_local@teampps.com.au', 'Tyler Bikaun (Test User)', 'UPDATE', 'questionnaire_question_rating_scales', '105', 'user_action', NULL, NULL, false, '{"id": 105, "company_id": "b64d182f-0ee3-40a0-b367-281f31902620", "created_at": "2025-11-04T00:30:31.841141+00:00", "created_by": "00000000-0000-0000-0000-000000000001", "deleted_at": null, "is_deleted": false, "updated_at": "2025-11-04T00:30:31.841141+00:00", "description": "Formal processes being established. Partial implementation with growing maturity and documentation.", "questionnaire_id": 3, "questionnaire_question_id": 22, "questionnaire_rating_scale_id": 10}', '{"id": 105, "company_id": "b64d182f-0ee3-40a0-b367-281f31902620", "created_at": "2025-11-04T00:30:31.841141+00:00", "created_by": "00000000-0000-0000-0000-000000000001", "deleted_at": null, "is_deleted": false, "updated_at": "2025-11-04T00:30:53.698+00:00", "description": "Asset management valued with improving collaboration and some shared objectives.", "questionnaire_id": 3, "questionnaire_question_id": 22, "questionnaire_rating_scale_id": 10}', '{description}', '{"ip": "172.19.0.1", "user_agent": "node", "soft_delete_at": null}', '2025-11-04 00:30:53.702928+00'),
	(187, 'b64d182f-0ee3-40a0-b367-281f31902620', '00000000-0000-0000-0000-000000000001', 'tbikaun+vantage_local@teampps.com.au', 'Tyler Bikaun (Test User)', 'UPDATE', 'questionnaire_question_rating_scales', '107', 'user_action', NULL, NULL, false, '{"id": 107, "company_id": "b64d182f-0ee3-40a0-b367-281f31902620", "created_at": "2025-11-04T00:30:31.841141+00:00", "created_by": "00000000-0000-0000-0000-000000000001", "deleted_at": null, "is_deleted": false, "updated_at": "2025-11-04T00:30:31.841141+00:00", "description": "Industry-leading practices with continuous optimization. Data-driven decision making and predictive capabilities.", "questionnaire_id": 3, "questionnaire_question_id": 22, "questionnaire_rating_scale_id": 12}', '{"id": 107, "company_id": "b64d182f-0ee3-40a0-b367-281f31902620", "created_at": "2025-11-04T00:30:31.841141+00:00", "created_by": "00000000-0000-0000-0000-000000000001", "deleted_at": null, "is_deleted": false, "updated_at": "2025-11-04T00:31:03.808+00:00", "description": "Asset management excellence embedded in organizational DNA. Continuous improvement mindset.", "questionnaire_id": 3, "questionnaire_question_id": 22, "questionnaire_rating_scale_id": 12}', '{description}', '{"ip": "172.19.0.1", "user_agent": "node", "soft_delete_at": null}', '2025-11-04 00:31:03.812794+00'),
	(189, 'b64d182f-0ee3-40a0-b367-281f31902620', '00000000-0000-0000-0000-000000000001', 'tbikaun+vantage_local@teampps.com.au', 'Tyler Bikaun (Test User)', 'UPDATE', 'questionnaire_questions', '22', 'user_action', NULL, NULL, false, '{"id": 22, "title": "How mature is your asset management culture?", "context": "A strong asset management culture with clear roles, responsibilities, and accountability is essential for ISO 55001 success.", "company_id": "b64d182f-0ee3-40a0-b367-281f31902620", "created_at": "2025-11-04T00:30:31.818007+00:00", "created_by": "00000000-0000-0000-0000-000000000001", "deleted_at": null, "is_deleted": false, "updated_at": "2025-11-04T00:30:38.532+00:00", "order_index": 1, "question_text": "", "questionnaire_id": 3, "rating_scale_mapping": null, "questionnaire_step_id": 18}', '{"id": 22, "title": "How mature is your asset management culture?", "context": "A strong asset management culture with clear roles, responsibilities, and accountability is essential for ISO 55001 success.", "company_id": "b64d182f-0ee3-40a0-b367-281f31902620", "created_at": "2025-11-04T00:30:31.818007+00:00", "created_by": "00000000-0000-0000-0000-000000000001", "deleted_at": null, "is_deleted": false, "updated_at": "2025-11-04T00:31:21.18+00:00", "order_index": 1, "question_text": "", "questionnaire_id": 3, "rating_scale_mapping": {"version": "weighted", "partScoring": {"55": {"Good": 4, "None": 1, "Some": 3, "Minimal": 2, "Excellent": 5}}}, "questionnaire_step_id": 18}', '{rating_scale_mapping}', '{"ip": "172.19.0.1", "user_agent": "node", "soft_delete_at": null}', '2025-11-04 00:31:21.185351+00'),
	(192, 'b64d182f-0ee3-40a0-b367-281f31902620', '00000000-0000-0000-0000-000000000001', 'tbikaun+vantage_local@teampps.com.au', 'Tyler Bikaun (Test User)', 'INSERT', 'questionnaire_question_parts', '57', 'user_action', NULL, NULL, false, NULL, '{"id": 57, "text": "Staff engagement in AM improvement initiatives", "options": {"max": 5, "min": 1, "step": 1}, "company_id": "b64d182f-0ee3-40a0-b367-281f31902620", "created_at": "2025-11-04T00:31:38.275077+00:00", "created_by": "00000000-0000-0000-0000-000000000001", "deleted_at": null, "is_deleted": false, "updated_at": "2025-11-04T00:31:38.275077+00:00", "answer_type": "scale", "order_index": 2, "questionnaire_id": 3, "questionnaire_question_id": 22}', '{}', '{"ip": "172.19.0.1", "user_agent": "node", "soft_delete_at": null}', '2025-11-04 00:31:38.275077+00'),
	(194, 'b64d182f-0ee3-40a0-b367-281f31902620', '00000000-0000-0000-0000-000000000001', 'tbikaun+vantage_local@teampps.com.au', 'Tyler Bikaun (Test User)', 'INSERT', 'questionnaire_sections', '13', 'user_action', NULL, NULL, false, NULL, '{"id": 13, "title": "Continuous Improvement", "expanded": true, "company_id": "b64d182f-0ee3-40a0-b367-281f31902620", "created_at": "2025-11-04T00:31:47.99096+00:00", "created_by": "00000000-0000-0000-0000-000000000001", "deleted_at": null, "is_deleted": false, "updated_at": "2025-11-04T00:31:47.99096+00:00", "order_index": 7, "questionnaire_id": 3}', '{}', '{"ip": "172.19.0.1", "user_agent": "node", "soft_delete_at": null}', '2025-11-04 00:31:47.99096+00'),
	(195, 'b64d182f-0ee3-40a0-b367-281f31902620', '00000000-0000-0000-0000-000000000001', 'tbikaun+vantage_local@teampps.com.au', 'Tyler Bikaun (Test User)', 'INSERT', 'questionnaire_steps', '19', 'user_action', NULL, NULL, false, NULL, '{"id": 19, "title": "Improvement Processes", "expanded": true, "company_id": "b64d182f-0ee3-40a0-b367-281f31902620", "created_at": "2025-11-04T00:31:54.871063+00:00", "created_by": "00000000-0000-0000-0000-000000000001", "deleted_at": null, "is_deleted": false, "updated_at": "2025-11-04T00:31:54.871063+00:00", "order_index": 1, "questionnaire_id": 3, "questionnaire_section_id": 13}', '{}', '{"ip": "172.19.0.1", "user_agent": "node", "soft_delete_at": null}', '2025-11-04 00:31:54.871063+00'),
	(196, 'b64d182f-0ee3-40a0-b367-281f31902620', '00000000-0000-0000-0000-000000000001', 'tbikaun+vantage_local@teampps.com.au', 'Tyler Bikaun (Test User)', 'INSERT', 'questionnaire_questions', '23', 'user_action', NULL, NULL, false, NULL, '{"id": 23, "title": "How effective are your improvement processes?", "context": "Placeholder context", "company_id": "b64d182f-0ee3-40a0-b367-281f31902620", "created_at": "2025-11-04T00:32:01.212886+00:00", "created_by": "00000000-0000-0000-0000-000000000001", "deleted_at": null, "is_deleted": false, "updated_at": "2025-11-04T00:32:01.212886+00:00", "order_index": 1, "question_text": "", "questionnaire_id": 3, "rating_scale_mapping": null, "questionnaire_step_id": 19}', '{}', '{"ip": "172.19.0.1", "user_agent": "node", "soft_delete_at": null}', '2025-11-04 00:32:01.212886+00'),
	(197, 'b64d182f-0ee3-40a0-b367-281f31902620', '00000000-0000-0000-0000-000000000001', 'tbikaun+vantage_local@teampps.com.au', 'Tyler Bikaun (Test User)', 'INSERT', 'questionnaire_question_rating_scales', '108', 'user_action', NULL, NULL, false, NULL, '{"id": 108, "company_id": "b64d182f-0ee3-40a0-b367-281f31902620", "created_at": "2025-11-04T00:32:01.236984+00:00", "created_by": "00000000-0000-0000-0000-000000000001", "deleted_at": null, "is_deleted": false, "updated_at": "2025-11-04T00:32:01.236984+00:00", "description": "No formal processes or systems in place. Ad-hoc reactive approach with no strategic direction.", "questionnaire_id": 3, "questionnaire_question_id": 23, "questionnaire_rating_scale_id": 8}', '{}', '{"ip": "172.19.0.1", "user_agent": "node", "soft_delete_at": null}', '2025-11-04 00:32:01.236984+00'),
	(199, 'b64d182f-0ee3-40a0-b367-281f31902620', '00000000-0000-0000-0000-000000000001', 'tbikaun+vantage_local@teampps.com.au', 'Tyler Bikaun (Test User)', 'INSERT', 'questionnaire_question_rating_scales', '110', 'user_action', NULL, NULL, false, NULL, '{"id": 110, "company_id": "b64d182f-0ee3-40a0-b367-281f31902620", "created_at": "2025-11-04T00:32:01.236984+00:00", "created_by": "00000000-0000-0000-0000-000000000001", "deleted_at": null, "is_deleted": false, "updated_at": "2025-11-04T00:32:01.236984+00:00", "description": "Formal processes being established. Partial implementation with growing maturity and documentation.", "questionnaire_id": 3, "questionnaire_question_id": 23, "questionnaire_rating_scale_id": 10}', '{}', '{"ip": "172.19.0.1", "user_agent": "node", "soft_delete_at": null}', '2025-11-04 00:32:01.236984+00'),
	(200, 'b64d182f-0ee3-40a0-b367-281f31902620', '00000000-0000-0000-0000-000000000001', 'tbikaun+vantage_local@teampps.com.au', 'Tyler Bikaun (Test User)', 'INSERT', 'questionnaire_question_rating_scales', '111', 'user_action', NULL, NULL, false, NULL, '{"id": 111, "company_id": "b64d182f-0ee3-40a0-b367-281f31902620", "created_at": "2025-11-04T00:32:01.236984+00:00", "created_by": "00000000-0000-0000-0000-000000000001", "deleted_at": null, "is_deleted": false, "updated_at": "2025-11-04T00:32:01.236984+00:00", "description": "Comprehensive processes fully implemented. Consistent application with regular review and improvement.", "questionnaire_id": 3, "questionnaire_question_id": 23, "questionnaire_rating_scale_id": 11}', '{}', '{"ip": "172.19.0.1", "user_agent": "node", "soft_delete_at": null}', '2025-11-04 00:32:01.236984+00'),
	(201, 'b64d182f-0ee3-40a0-b367-281f31902620', '00000000-0000-0000-0000-000000000001', 'tbikaun+vantage_local@teampps.com.au', 'Tyler Bikaun (Test User)', 'INSERT', 'questionnaire_question_rating_scales', '112', 'user_action', NULL, NULL, false, NULL, '{"id": 112, "company_id": "b64d182f-0ee3-40a0-b367-281f31902620", "created_at": "2025-11-04T00:32:01.236984+00:00", "created_by": "00000000-0000-0000-0000-000000000001", "deleted_at": null, "is_deleted": false, "updated_at": "2025-11-04T00:32:01.236984+00:00", "description": "Industry-leading practices with continuous optimization. Data-driven decision making and predictive capabilities.", "questionnaire_id": 3, "questionnaire_question_id": 23, "questionnaire_rating_scale_id": 12}', '{}', '{"ip": "172.19.0.1", "user_agent": "node", "soft_delete_at": null}', '2025-11-04 00:32:01.236984+00'),
	(203, 'b64d182f-0ee3-40a0-b367-281f31902620', '00000000-0000-0000-0000-000000000001', 'tbikaun+vantage_local@teampps.com.au', 'Tyler Bikaun (Test User)', 'UPDATE', 'questionnaire_question_rating_scales', '108', 'user_action', NULL, NULL, false, '{"id": 108, "company_id": "b64d182f-0ee3-40a0-b367-281f31902620", "created_at": "2025-11-04T00:32:01.236984+00:00", "created_by": "00000000-0000-0000-0000-000000000001", "deleted_at": null, "is_deleted": false, "updated_at": "2025-11-04T00:32:01.236984+00:00", "description": "No formal processes or systems in place. Ad-hoc reactive approach with no strategic direction.", "questionnaire_id": 3, "questionnaire_question_id": 23, "questionnaire_rating_scale_id": 8}', '{"id": 108, "company_id": "b64d182f-0ee3-40a0-b367-281f31902620", "created_at": "2025-11-04T00:32:01.236984+00:00", "created_by": "00000000-0000-0000-0000-000000000001", "deleted_at": null, "is_deleted": false, "updated_at": "2025-11-04T00:32:16.02+00:00", "description": "No formal improvement processes. Problems repeat without systematic resolution.", "questionnaire_id": 3, "questionnaire_question_id": 23, "questionnaire_rating_scale_id": 8}', '{description}', '{"ip": "172.19.0.1", "user_agent": "node", "soft_delete_at": null}', '2025-11-04 00:32:16.024928+00'),
	(207, 'b64d182f-0ee3-40a0-b367-281f31902620', '00000000-0000-0000-0000-000000000001', 'tbikaun+vantage_local@teampps.com.au', 'Tyler Bikaun (Test User)', 'UPDATE', 'questionnaire_question_rating_scales', '112', 'user_action', NULL, NULL, false, '{"id": 112, "company_id": "b64d182f-0ee3-40a0-b367-281f31902620", "created_at": "2025-11-04T00:32:01.236984+00:00", "created_by": "00000000-0000-0000-0000-000000000001", "deleted_at": null, "is_deleted": false, "updated_at": "2025-11-04T00:32:01.236984+00:00", "description": "Industry-leading practices with continuous optimization. Data-driven decision making and predictive capabilities.", "questionnaire_id": 3, "questionnaire_question_id": 23, "questionnaire_rating_scale_id": 12}', '{"id": 112, "company_id": "b64d182f-0ee3-40a0-b367-281f31902620", "created_at": "2025-11-04T00:32:01.236984+00:00", "created_by": "00000000-0000-0000-0000-000000000001", "deleted_at": null, "is_deleted": false, "updated_at": "2025-11-04T00:32:38.214+00:00", "description": "Proactive improvement culture with innovation and best practice adoption. Benchmarking excellence.", "questionnaire_id": 3, "questionnaire_question_id": 23, "questionnaire_rating_scale_id": 12}', '{description}', '{"ip": "172.19.0.1", "user_agent": "node", "soft_delete_at": null}', '2025-11-04 00:32:38.21906+00'),
	(209, 'b64d182f-0ee3-40a0-b367-281f31902620', '00000000-0000-0000-0000-000000000001', 'tbikaun+vantage_local@teampps.com.au', 'Tyler Bikaun (Test User)', 'UPDATE', 'questionnaire_questions', '23', 'user_action', NULL, NULL, false, '{"id": 23, "title": "How effective are your improvement processes?", "context": "ISO 55001 requires processes for continual improvement including corrective actions, preventive actions, and management review.", "company_id": "b64d182f-0ee3-40a0-b367-281f31902620", "created_at": "2025-11-04T00:32:01.212886+00:00", "created_by": "00000000-0000-0000-0000-000000000001", "deleted_at": null, "is_deleted": false, "updated_at": "2025-11-04T00:32:09.039+00:00", "order_index": 1, "question_text": "", "questionnaire_id": 3, "rating_scale_mapping": null, "questionnaire_step_id": 19}', '{"id": 23, "title": "How effective are your improvement processes?", "context": "ISO 55001 requires processes for continual improvement including corrective actions, preventive actions, and management review.", "company_id": "b64d182f-0ee3-40a0-b367-281f31902620", "created_at": "2025-11-04T00:32:01.212886+00:00", "created_by": "00000000-0000-0000-0000-000000000001", "deleted_at": null, "is_deleted": false, "updated_at": "2025-11-04T00:32:50.456+00:00", "order_index": 1, "question_text": "", "questionnaire_id": 3, "rating_scale_mapping": {"version": "weighted", "partScoring": {"58": [{"max": 9.99, "min": 0, "level": 1}, {"max": 19.99, "min": 10, "level": 2}, {"max": 29.99, "min": 20, "level": 3}, {"max": 39.99, "min": 30, "level": 4}, {"max": 50, "min": 40, "level": 5}]}}, "questionnaire_step_id": 19}', '{rating_scale_mapping}', '{"ip": "172.19.0.1", "user_agent": "node", "soft_delete_at": null}', '2025-11-04 00:32:50.461075+00'),
	(218, 'b64d182f-0ee3-40a0-b367-281f31902620', '00000000-0000-0000-0000-000000000001', 'tbikaun+vantage_local@teampps.com.au', 'Tyler Bikaun (Test User)', 'INSERT', 'questionnaire_question_rating_scales', '115', 'user_action', NULL, NULL, false, NULL, '{"id": 115, "company_id": "b64d182f-0ee3-40a0-b367-281f31902620", "created_at": "2025-11-04T00:33:47.30929+00:00", "created_by": "00000000-0000-0000-0000-000000000001", "deleted_at": null, "is_deleted": false, "updated_at": "2025-11-04T00:33:47.30929+00:00", "description": "Formal processes being established. Partial implementation with growing maturity and documentation.", "questionnaire_id": 3, "questionnaire_question_id": 24, "questionnaire_rating_scale_id": 10}', '{}', '{"ip": "172.19.0.1", "user_agent": "node", "soft_delete_at": null}', '2025-11-04 00:33:47.30929+00'),
	(202, 'b64d182f-0ee3-40a0-b367-281f31902620', '00000000-0000-0000-0000-000000000001', 'tbikaun+vantage_local@teampps.com.au', 'Tyler Bikaun (Test User)', 'UPDATE', 'questionnaire_questions', '23', 'user_action', NULL, NULL, false, '{"id": 23, "title": "How effective are your improvement processes?", "context": "Placeholder context", "company_id": "b64d182f-0ee3-40a0-b367-281f31902620", "created_at": "2025-11-04T00:32:01.212886+00:00", "created_by": "00000000-0000-0000-0000-000000000001", "deleted_at": null, "is_deleted": false, "updated_at": "2025-11-04T00:32:01.212886+00:00", "order_index": 1, "question_text": "", "questionnaire_id": 3, "rating_scale_mapping": null, "questionnaire_step_id": 19}', '{"id": 23, "title": "How effective are your improvement processes?", "context": "ISO 55001 requires processes for continual improvement including corrective actions, preventive actions, and management review.", "company_id": "b64d182f-0ee3-40a0-b367-281f31902620", "created_at": "2025-11-04T00:32:01.212886+00:00", "created_by": "00000000-0000-0000-0000-000000000001", "deleted_at": null, "is_deleted": false, "updated_at": "2025-11-04T00:32:09.039+00:00", "order_index": 1, "question_text": "", "questionnaire_id": 3, "rating_scale_mapping": null, "questionnaire_step_id": 19}', '{context}', '{"ip": "172.19.0.1", "user_agent": "node", "soft_delete_at": null}', '2025-11-04 00:32:09.044634+00'),
	(211, 'b64d182f-0ee3-40a0-b367-281f31902620', '00000000-0000-0000-0000-000000000001', 'tbikaun+vantage_local@teampps.com.au', 'Tyler Bikaun (Test User)', 'UPDATE', 'questionnaire_questions', '23', 'user_action', NULL, NULL, false, '{"id": 23, "title": "How effective are your improvement processes?", "context": "ISO 55001 requires processes for continual improvement including corrective actions, preventive actions, and management review.", "company_id": "b64d182f-0ee3-40a0-b367-281f31902620", "created_at": "2025-11-04T00:32:01.212886+00:00", "created_by": "00000000-0000-0000-0000-000000000001", "deleted_at": null, "is_deleted": false, "updated_at": "2025-11-04T00:32:50.456+00:00", "order_index": 1, "question_text": "", "questionnaire_id": 3, "rating_scale_mapping": {"version": "weighted", "partScoring": {"58": [{"max": 9.99, "min": 0, "level": 1}, {"max": 19.99, "min": 10, "level": 2}, {"max": 29.99, "min": 20, "level": 3}, {"max": 39.99, "min": 30, "level": 4}, {"max": 50, "min": 40, "level": 5}]}}, "questionnaire_step_id": 19}', '{"id": 23, "title": "How effective are your improvement processes?", "context": "ISO 55001 requires processes for continual improvement including corrective actions, preventive actions, and management review.", "company_id": "b64d182f-0ee3-40a0-b367-281f31902620", "created_at": "2025-11-04T00:32:01.212886+00:00", "created_by": "00000000-0000-0000-0000-000000000001", "deleted_at": null, "is_deleted": false, "updated_at": "2025-11-04T00:33:09.046+00:00", "order_index": 1, "question_text": "", "questionnaire_id": 3, "rating_scale_mapping": {"version": "weighted", "partScoring": {"58": [{"max": 9.99, "min": 0, "level": 1}, {"max": 19.99, "min": 10, "level": 2}, {"max": 29.99, "min": 20, "level": 3}, {"max": 39.99, "min": 30, "level": 4}, {"max": 50, "min": 40, "level": 5}], "59": [{"max": 72.99, "min": 0, "level": 1}, {"max": 145.99, "min": 73, "level": 2}, {"max": 218.99, "min": 146, "level": 3}, {"max": 291.99, "min": 219, "level": 4}, {"max": 365, "min": 292, "level": 5}]}}, "questionnaire_step_id": 19}', '{rating_scale_mapping}', '{"ip": "172.19.0.1", "user_agent": "node", "soft_delete_at": null}', '2025-11-04 00:33:09.052166+00'),
	(227, 'b64d182f-0ee3-40a0-b367-281f31902620', '00000000-0000-0000-0000-000000000001', 'tbikaun+vantage_local@teampps.com.au', 'Tyler Bikaun (Test User)', 'INSERT', 'questionnaire_question_parts', '61', 'user_action', NULL, NULL, false, NULL, '{"id": 61, "text": "Last internal AM audit (months ago)", "options": {"max": 60, "min": 0, "decimal_places": 0}, "company_id": "b64d182f-0ee3-40a0-b367-281f31902620", "created_at": "2025-11-04T00:34:33.255772+00:00", "created_by": "00000000-0000-0000-0000-000000000001", "deleted_at": null, "is_deleted": false, "updated_at": "2025-11-04T00:34:33.255772+00:00", "answer_type": "number", "order_index": 0, "questionnaire_id": 3, "questionnaire_question_id": 24}', '{}', '{"ip": "172.19.0.1", "user_agent": "node", "soft_delete_at": null}', '2025-11-04 00:34:33.255772+00'),
	(232, 'b64d182f-0ee3-40a0-b367-281f31902620', '00000000-0000-0000-0000-000000000001', 'tbikaun+vantage_local@teampps.com.au', 'Tyler Bikaun (Test User)', 'UPDATE', 'questionnaire_questions', '24', 'user_action', NULL, NULL, false, '{"id": 24, "title": "How robust is your audit program?", "context": "Regular internal audits and compliance assessments are required to maintain ISO 55001 certification and ensure system effectiveness.", "company_id": "b64d182f-0ee3-40a0-b367-281f31902620", "created_at": "2025-11-04T00:33:47.287081+00:00", "created_by": "00000000-0000-0000-0000-000000000001", "deleted_at": null, "is_deleted": false, "updated_at": "2025-11-04T00:34:44.336+00:00", "order_index": 1, "question_text": "", "questionnaire_id": 3, "rating_scale_mapping": {"version": "weighted", "partScoring": {"61": [{"max": 11.99, "min": 0, "level": 1}, {"max": 23.99, "min": 12, "level": 2}, {"max": 35.99, "min": 24, "level": 3}, {"max": 47.99, "min": 36, "level": 4}, {"max": 60, "min": 48, "level": 5}], "62": [{"max": 3.99, "min": 0, "level": 1}, {"max": 7.99, "min": 4, "level": 2}, {"max": 11.99, "min": 8, "level": 3}, {"max": 15.99, "min": 12, "level": 4}, {"max": 20, "min": 16, "level": 5}]}}, "questionnaire_step_id": 20}', '{"id": 24, "title": "How robust is your audit program?", "context": "Regular internal audits and compliance assessments are required to maintain ISO 55001 certification and ensure system effectiveness.", "company_id": "b64d182f-0ee3-40a0-b367-281f31902620", "created_at": "2025-11-04T00:33:47.287081+00:00", "created_by": "00000000-0000-0000-0000-000000000001", "deleted_at": null, "is_deleted": false, "updated_at": "2025-11-04T00:34:53.285+00:00", "order_index": 1, "question_text": "", "questionnaire_id": 3, "rating_scale_mapping": {"version": "weighted", "partScoring": {"61": [{"max": 11.99, "min": 0, "level": 1}, {"max": 23.99, "min": 12, "level": 2}, {"max": 35.99, "min": 24, "level": 3}, {"max": 47.99, "min": 36, "level": 4}, {"max": 60, "min": 48, "level": 5}], "62": [{"max": 3.99, "min": 0, "level": 1}, {"max": 7.99, "min": 4, "level": 2}, {"max": 11.99, "min": 8, "level": 3}, {"max": 15.99, "min": 12, "level": 4}, {"max": 20, "min": 16, "level": 5}], "63": [{"max": 19.99, "min": 0, "level": 1}, {"max": 39.99, "min": 20, "level": 2}, {"max": 59.99, "min": 40, "level": 3}, {"max": 79.99, "min": 60, "level": 4}, {"max": 100, "min": 80, "level": 5}]}}, "questionnaire_step_id": 20}', '{rating_scale_mapping}', '{"ip": "172.19.0.1", "user_agent": "node", "soft_delete_at": null}', '2025-11-04 00:34:53.293749+00'),
	(204, 'b64d182f-0ee3-40a0-b367-281f31902620', '00000000-0000-0000-0000-000000000001', 'tbikaun+vantage_local@teampps.com.au', 'Tyler Bikaun (Test User)', 'UPDATE', 'questionnaire_question_rating_scales', '109', 'user_action', NULL, NULL, false, '{"id": 109, "company_id": "b64d182f-0ee3-40a0-b367-281f31902620", "created_at": "2025-11-04T00:32:01.236984+00:00", "created_by": "00000000-0000-0000-0000-000000000001", "deleted_at": null, "is_deleted": false, "updated_at": "2025-11-04T00:32:01.236984+00:00", "description": "Basic awareness and initial efforts underway. Informal processes with limited documentation or consistency.", "questionnaire_id": 3, "questionnaire_question_id": 23, "questionnaire_rating_scale_id": 9}', '{"id": 109, "company_id": "b64d182f-0ee3-40a0-b367-281f31902620", "created_at": "2025-11-04T00:32:01.236984+00:00", "created_by": "00000000-0000-0000-0000-000000000001", "deleted_at": null, "is_deleted": false, "updated_at": "2025-11-04T00:32:21.064+00:00", "description": "Basic incident response only. Limited root cause analysis or preventive actions.", "questionnaire_id": 3, "questionnaire_question_id": 23, "questionnaire_rating_scale_id": 9}', '{description}', '{"ip": "172.19.0.1", "user_agent": "node", "soft_delete_at": null}', '2025-11-04 00:32:21.069299+00'),
	(219, 'b64d182f-0ee3-40a0-b367-281f31902620', '00000000-0000-0000-0000-000000000001', 'tbikaun+vantage_local@teampps.com.au', 'Tyler Bikaun (Test User)', 'INSERT', 'questionnaire_question_rating_scales', '116', 'user_action', NULL, NULL, false, NULL, '{"id": 116, "company_id": "b64d182f-0ee3-40a0-b367-281f31902620", "created_at": "2025-11-04T00:33:47.30929+00:00", "created_by": "00000000-0000-0000-0000-000000000001", "deleted_at": null, "is_deleted": false, "updated_at": "2025-11-04T00:33:47.30929+00:00", "description": "Comprehensive processes fully implemented. Consistent application with regular review and improvement.", "questionnaire_id": 3, "questionnaire_question_id": 24, "questionnaire_rating_scale_id": 11}', '{}', '{"ip": "172.19.0.1", "user_agent": "node", "soft_delete_at": null}', '2025-11-04 00:33:47.30929+00'),
	(205, 'b64d182f-0ee3-40a0-b367-281f31902620', '00000000-0000-0000-0000-000000000001', 'tbikaun+vantage_local@teampps.com.au', 'Tyler Bikaun (Test User)', 'UPDATE', 'questionnaire_question_rating_scales', '110', 'user_action', NULL, NULL, false, '{"id": 110, "company_id": "b64d182f-0ee3-40a0-b367-281f31902620", "created_at": "2025-11-04T00:32:01.236984+00:00", "created_by": "00000000-0000-0000-0000-000000000001", "deleted_at": null, "is_deleted": false, "updated_at": "2025-11-04T00:32:01.236984+00:00", "description": "Formal processes being established. Partial implementation with growing maturity and documentation.", "questionnaire_id": 3, "questionnaire_question_id": 23, "questionnaire_rating_scale_id": 10}', '{"id": 110, "company_id": "b64d182f-0ee3-40a0-b367-281f31902620", "created_at": "2025-11-04T00:32:01.236984+00:00", "created_by": "00000000-0000-0000-0000-000000000001", "deleted_at": null, "is_deleted": false, "updated_at": "2025-11-04T00:32:27.236+00:00", "description": "Corrective action process in place with some preventive measures. Irregular reviews.", "questionnaire_id": 3, "questionnaire_question_id": 23, "questionnaire_rating_scale_id": 10}', '{description}', '{"ip": "172.19.0.1", "user_agent": "node", "soft_delete_at": null}', '2025-11-04 00:32:27.24106+00'),
	(206, 'b64d182f-0ee3-40a0-b367-281f31902620', '00000000-0000-0000-0000-000000000001', 'tbikaun+vantage_local@teampps.com.au', 'Tyler Bikaun (Test User)', 'UPDATE', 'questionnaire_question_rating_scales', '111', 'user_action', NULL, NULL, false, '{"id": 111, "company_id": "b64d182f-0ee3-40a0-b367-281f31902620", "created_at": "2025-11-04T00:32:01.236984+00:00", "created_by": "00000000-0000-0000-0000-000000000001", "deleted_at": null, "is_deleted": false, "updated_at": "2025-11-04T00:32:01.236984+00:00", "description": "Comprehensive processes fully implemented. Consistent application with regular review and improvement.", "questionnaire_id": 3, "questionnaire_question_id": 23, "questionnaire_rating_scale_id": 11}', '{"id": 111, "company_id": "b64d182f-0ee3-40a0-b367-281f31902620", "created_at": "2025-11-04T00:32:01.236984+00:00", "created_by": "00000000-0000-0000-0000-000000000001", "deleted_at": null, "is_deleted": false, "updated_at": "2025-11-04T00:32:32.839+00:00", "description": "Robust improvement framework with regular reviews and systematic implementation.", "questionnaire_id": 3, "questionnaire_question_id": 23, "questionnaire_rating_scale_id": 11}', '{description}', '{"ip": "172.19.0.1", "user_agent": "node", "soft_delete_at": null}', '2025-11-04 00:32:32.84439+00'),
	(208, 'b64d182f-0ee3-40a0-b367-281f31902620', '00000000-0000-0000-0000-000000000001', 'tbikaun+vantage_local@teampps.com.au', 'Tyler Bikaun (Test User)', 'INSERT', 'questionnaire_question_parts', '58', 'user_action', NULL, NULL, false, NULL, '{"id": 58, "text": "Number of improvement initiatives in progress", "options": {"max": 50, "min": 0, "decimal_places": 0}, "company_id": "b64d182f-0ee3-40a0-b367-281f31902620", "created_at": "2025-11-04T00:32:50.437344+00:00", "created_by": "00000000-0000-0000-0000-000000000001", "deleted_at": null, "is_deleted": false, "updated_at": "2025-11-04T00:32:50.437344+00:00", "answer_type": "number", "order_index": 0, "questionnaire_id": 3, "questionnaire_question_id": 23}', '{}', '{"ip": "172.19.0.1", "user_agent": "node", "soft_delete_at": null}', '2025-11-04 00:32:50.437344+00'),
	(210, 'b64d182f-0ee3-40a0-b367-281f31902620', '00000000-0000-0000-0000-000000000001', 'tbikaun+vantage_local@teampps.com.au', 'Tyler Bikaun (Test User)', 'INSERT', 'questionnaire_question_parts', '59', 'user_action', NULL, NULL, false, NULL, '{"id": 59, "text": "Average time to close corrective actions (days)", "options": {"max": 365, "min": 0, "decimal_places": 0}, "company_id": "b64d182f-0ee3-40a0-b367-281f31902620", "created_at": "2025-11-04T00:33:09.02679+00:00", "created_by": "00000000-0000-0000-0000-000000000001", "deleted_at": null, "is_deleted": false, "updated_at": "2025-11-04T00:33:09.02679+00:00", "answer_type": "number", "order_index": 1, "questionnaire_id": 3, "questionnaire_question_id": 23}', '{}', '{"ip": "172.19.0.1", "user_agent": "node", "soft_delete_at": null}', '2025-11-04 00:33:09.02679+00'),
	(213, 'b64d182f-0ee3-40a0-b367-281f31902620', '00000000-0000-0000-0000-000000000001', 'tbikaun+vantage_local@teampps.com.au', 'Tyler Bikaun (Test User)', 'UPDATE', 'questionnaire_questions', '23', 'user_action', NULL, NULL, false, '{"id": 23, "title": "How effective are your improvement processes?", "context": "ISO 55001 requires processes for continual improvement including corrective actions, preventive actions, and management review.", "company_id": "b64d182f-0ee3-40a0-b367-281f31902620", "created_at": "2025-11-04T00:32:01.212886+00:00", "created_by": "00000000-0000-0000-0000-000000000001", "deleted_at": null, "is_deleted": false, "updated_at": "2025-11-04T00:33:09.046+00:00", "order_index": 1, "question_text": "", "questionnaire_id": 3, "rating_scale_mapping": {"version": "weighted", "partScoring": {"58": [{"max": 9.99, "min": 0, "level": 1}, {"max": 19.99, "min": 10, "level": 2}, {"max": 29.99, "min": 20, "level": 3}, {"max": 39.99, "min": 30, "level": 4}, {"max": 50, "min": 40, "level": 5}], "59": [{"max": 72.99, "min": 0, "level": 1}, {"max": 145.99, "min": 73, "level": 2}, {"max": 218.99, "min": 146, "level": 3}, {"max": 291.99, "min": 219, "level": 4}, {"max": 365, "min": 292, "level": 5}]}}, "questionnaire_step_id": 19}', '{"id": 23, "title": "How effective are your improvement processes?", "context": "ISO 55001 requires processes for continual improvement including corrective actions, preventive actions, and management review.", "company_id": "b64d182f-0ee3-40a0-b367-281f31902620", "created_at": "2025-11-04T00:32:01.212886+00:00", "created_by": "00000000-0000-0000-0000-000000000001", "deleted_at": null, "is_deleted": false, "updated_at": "2025-11-04T00:33:33.128+00:00", "order_index": 1, "question_text": "", "questionnaire_id": 3, "rating_scale_mapping": {"version": "weighted", "partScoring": {"58": [{"max": 9.99, "min": 0, "level": 1}, {"max": 19.99, "min": 10, "level": 2}, {"max": 29.99, "min": 20, "level": 3}, {"max": 39.99, "min": 30, "level": 4}, {"max": 50, "min": 40, "level": 5}], "59": [{"max": 72.99, "min": 0, "level": 1}, {"max": 145.99, "min": 73, "level": 2}, {"max": 218.99, "min": 146, "level": 3}, {"max": 291.99, "min": 219, "level": 4}, {"max": 365, "min": 292, "level": 5}], "60": {"Never": 1, "Monthly": 5, "Annually": 2, "6-monthly": 3, "Quarterly": 4}}}, "questionnaire_step_id": 19}', '{rating_scale_mapping}', '{"ip": "172.19.0.1", "user_agent": "node", "soft_delete_at": null}', '2025-11-04 00:33:33.132976+00'),
	(212, 'b64d182f-0ee3-40a0-b367-281f31902620', '00000000-0000-0000-0000-000000000001', 'tbikaun+vantage_local@teampps.com.au', 'Tyler Bikaun (Test User)', 'INSERT', 'questionnaire_question_parts', '60', 'user_action', NULL, NULL, false, NULL, '{"id": 60, "text": "Frequency of management reviews", "options": {"labels": ["Never", "Annually", "6-monthly", "Quarterly", "Monthly"]}, "company_id": "b64d182f-0ee3-40a0-b367-281f31902620", "created_at": "2025-11-04T00:33:33.108911+00:00", "created_by": "00000000-0000-0000-0000-000000000001", "deleted_at": null, "is_deleted": false, "updated_at": "2025-11-04T00:33:33.108911+00:00", "answer_type": "labelled_scale", "order_index": 2, "questionnaire_id": 3, "questionnaire_question_id": 23}', '{}', '{"ip": "172.19.0.1", "user_agent": "node", "soft_delete_at": null}', '2025-11-04 00:33:33.108911+00'),
	(215, 'b64d182f-0ee3-40a0-b367-281f31902620', '00000000-0000-0000-0000-000000000001', 'tbikaun+vantage_local@teampps.com.au', 'Tyler Bikaun (Test User)', 'INSERT', 'questionnaire_questions', '24', 'user_action', NULL, NULL, false, NULL, '{"id": 24, "title": "How robust is your audit program?", "context": "Placeholder context", "company_id": "b64d182f-0ee3-40a0-b367-281f31902620", "created_at": "2025-11-04T00:33:47.287081+00:00", "created_by": "00000000-0000-0000-0000-000000000001", "deleted_at": null, "is_deleted": false, "updated_at": "2025-11-04T00:33:47.287081+00:00", "order_index": 1, "question_text": "", "questionnaire_id": 3, "rating_scale_mapping": null, "questionnaire_step_id": 20}', '{}', '{"ip": "172.19.0.1", "user_agent": "node", "soft_delete_at": null}', '2025-11-04 00:33:47.287081+00'),
	(222, 'b64d182f-0ee3-40a0-b367-281f31902620', '00000000-0000-0000-0000-000000000001', 'tbikaun+vantage_local@teampps.com.au', 'Tyler Bikaun (Test User)', 'UPDATE', 'questionnaire_question_rating_scales', '113', 'user_action', NULL, NULL, false, '{"id": 113, "company_id": "b64d182f-0ee3-40a0-b367-281f31902620", "created_at": "2025-11-04T00:33:47.30929+00:00", "created_by": "00000000-0000-0000-0000-000000000001", "deleted_at": null, "is_deleted": false, "updated_at": "2025-11-04T00:33:47.30929+00:00", "description": "No formal processes or systems in place. Ad-hoc reactive approach with no strategic direction.", "questionnaire_id": 3, "questionnaire_question_id": 24, "questionnaire_rating_scale_id": 8}', '{"id": 113, "company_id": "b64d182f-0ee3-40a0-b367-281f31902620", "created_at": "2025-11-04T00:33:47.30929+00:00", "created_by": "00000000-0000-0000-0000-000000000001", "deleted_at": null, "is_deleted": false, "updated_at": "2025-11-04T00:34:01.472+00:00", "description": "No internal audit program for asset management practices.", "questionnaire_id": 3, "questionnaire_question_id": 24, "questionnaire_rating_scale_id": 8}', '{description}', '{"ip": "172.19.0.1", "user_agent": "node", "soft_delete_at": null}', '2025-11-04 00:34:01.477843+00'),
	(226, 'b64d182f-0ee3-40a0-b367-281f31902620', '00000000-0000-0000-0000-000000000001', 'tbikaun+vantage_local@teampps.com.au', 'Tyler Bikaun (Test User)', 'UPDATE', 'questionnaire_question_rating_scales', '117', 'user_action', NULL, NULL, false, '{"id": 117, "company_id": "b64d182f-0ee3-40a0-b367-281f31902620", "created_at": "2025-11-04T00:33:47.30929+00:00", "created_by": "00000000-0000-0000-0000-000000000001", "deleted_at": null, "is_deleted": false, "updated_at": "2025-11-04T00:33:47.30929+00:00", "description": "Industry-leading practices with continuous optimization. Data-driven decision making and predictive capabilities.", "questionnaire_id": 3, "questionnaire_question_id": 24, "questionnaire_rating_scale_id": 12}', '{"id": 117, "company_id": "b64d182f-0ee3-40a0-b367-281f31902620", "created_at": "2025-11-04T00:33:47.30929+00:00", "created_by": "00000000-0000-0000-0000-000000000001", "deleted_at": null, "is_deleted": false, "updated_at": "2025-11-04T00:34:19.805+00:00", "description": "Risk-based audit approach with continuous monitoring and real-time compliance tracking.", "questionnaire_id": 3, "questionnaire_question_id": 24, "questionnaire_rating_scale_id": 12}', '{description}', '{"ip": "172.19.0.1", "user_agent": "node", "soft_delete_at": null}', '2025-11-04 00:34:19.808697+00'),
	(230, 'b64d182f-0ee3-40a0-b367-281f31902620', '00000000-0000-0000-0000-000000000001', 'tbikaun+vantage_local@teampps.com.au', 'Tyler Bikaun (Test User)', 'UPDATE', 'questionnaire_questions', '24', 'user_action', NULL, NULL, false, '{"id": 24, "title": "How robust is your audit program?", "context": "Regular internal audits and compliance assessments are required to maintain ISO 55001 certification and ensure system effectiveness.", "company_id": "b64d182f-0ee3-40a0-b367-281f31902620", "created_at": "2025-11-04T00:33:47.287081+00:00", "created_by": "00000000-0000-0000-0000-000000000001", "deleted_at": null, "is_deleted": false, "updated_at": "2025-11-04T00:34:33.275+00:00", "order_index": 1, "question_text": "", "questionnaire_id": 3, "rating_scale_mapping": {"version": "weighted", "partScoring": {"61": [{"max": 11.99, "min": 0, "level": 1}, {"max": 23.99, "min": 12, "level": 2}, {"max": 35.99, "min": 24, "level": 3}, {"max": 47.99, "min": 36, "level": 4}, {"max": 60, "min": 48, "level": 5}]}}, "questionnaire_step_id": 20}', '{"id": 24, "title": "How robust is your audit program?", "context": "Regular internal audits and compliance assessments are required to maintain ISO 55001 certification and ensure system effectiveness.", "company_id": "b64d182f-0ee3-40a0-b367-281f31902620", "created_at": "2025-11-04T00:33:47.287081+00:00", "created_by": "00000000-0000-0000-0000-000000000001", "deleted_at": null, "is_deleted": false, "updated_at": "2025-11-04T00:34:44.336+00:00", "order_index": 1, "question_text": "", "questionnaire_id": 3, "rating_scale_mapping": {"version": "weighted", "partScoring": {"61": [{"max": 11.99, "min": 0, "level": 1}, {"max": 23.99, "min": 12, "level": 2}, {"max": 35.99, "min": 24, "level": 3}, {"max": 47.99, "min": 36, "level": 4}, {"max": 60, "min": 48, "level": 5}], "62": [{"max": 3.99, "min": 0, "level": 1}, {"max": 7.99, "min": 4, "level": 2}, {"max": 11.99, "min": 8, "level": 3}, {"max": 15.99, "min": 12, "level": 4}, {"max": 20, "min": 16, "level": 5}]}}, "questionnaire_step_id": 20}', '{rating_scale_mapping}', '{"ip": "172.19.0.1", "user_agent": "node", "soft_delete_at": null}', '2025-11-04 00:34:44.341916+00'),
	(233, 'b64d182f-0ee3-40a0-b367-281f31902620', '00000000-0000-0000-0000-000000000001', 'tbikaun+vantage_local@teampps.com.au', 'Tyler Bikaun (Test User)', 'UPDATE', 'questionnaires', '3', 'user_action', NULL, NULL, false, '{"id": 3, "name": "ISO 55000 Asset Management Readiness", "status": "draft", "is_demo": false, "company_id": "b64d182f-0ee3-40a0-b367-281f31902620", "created_at": "2025-11-03T23:53:06.029296+00:00", "created_by": "00000000-0000-0000-0000-000000000001", "deleted_at": null, "guidelines": "", "is_deleted": false, "updated_at": "2025-11-03T23:53:06.029296+00:00", "description": "A comprehensive questionnaire to assess organisational readiness for ISO 55001 certification and identify gaps in asset management practices across key areas of the standard."}', '{"id": 3, "name": "ISO 55000 Asset Management Readiness", "status": "active", "is_demo": false, "company_id": "b64d182f-0ee3-40a0-b367-281f31902620", "created_at": "2025-11-03T23:53:06.029296+00:00", "created_by": "00000000-0000-0000-0000-000000000001", "deleted_at": null, "guidelines": "", "is_deleted": false, "updated_at": "2025-11-03T23:53:06.029296+00:00", "description": "A comprehensive questionnaire to assess organisational readiness for ISO 55001 certification and identify gaps in asset management practices across key areas of the standard."}', '{status}', '{"ip": "172.19.0.1", "user_agent": "node", "soft_delete_at": null}', '2025-11-04 00:35:05.526218+00'),
	(216, 'b64d182f-0ee3-40a0-b367-281f31902620', '00000000-0000-0000-0000-000000000001', 'tbikaun+vantage_local@teampps.com.au', 'Tyler Bikaun (Test User)', 'INSERT', 'questionnaire_question_rating_scales', '113', 'user_action', NULL, NULL, false, NULL, '{"id": 113, "company_id": "b64d182f-0ee3-40a0-b367-281f31902620", "created_at": "2025-11-04T00:33:47.30929+00:00", "created_by": "00000000-0000-0000-0000-000000000001", "deleted_at": null, "is_deleted": false, "updated_at": "2025-11-04T00:33:47.30929+00:00", "description": "No formal processes or systems in place. Ad-hoc reactive approach with no strategic direction.", "questionnaire_id": 3, "questionnaire_question_id": 24, "questionnaire_rating_scale_id": 8}', '{}', '{"ip": "172.19.0.1", "user_agent": "node", "soft_delete_at": null}', '2025-11-04 00:33:47.30929+00'),
	(217, 'b64d182f-0ee3-40a0-b367-281f31902620', '00000000-0000-0000-0000-000000000001', 'tbikaun+vantage_local@teampps.com.au', 'Tyler Bikaun (Test User)', 'INSERT', 'questionnaire_question_rating_scales', '114', 'user_action', NULL, NULL, false, NULL, '{"id": 114, "company_id": "b64d182f-0ee3-40a0-b367-281f31902620", "created_at": "2025-11-04T00:33:47.30929+00:00", "created_by": "00000000-0000-0000-0000-000000000001", "deleted_at": null, "is_deleted": false, "updated_at": "2025-11-04T00:33:47.30929+00:00", "description": "Basic awareness and initial efforts underway. Informal processes with limited documentation or consistency.", "questionnaire_id": 3, "questionnaire_question_id": 24, "questionnaire_rating_scale_id": 9}', '{}', '{"ip": "172.19.0.1", "user_agent": "node", "soft_delete_at": null}', '2025-11-04 00:33:47.30929+00'),
	(220, 'b64d182f-0ee3-40a0-b367-281f31902620', '00000000-0000-0000-0000-000000000001', 'tbikaun+vantage_local@teampps.com.au', 'Tyler Bikaun (Test User)', 'INSERT', 'questionnaire_question_rating_scales', '117', 'user_action', NULL, NULL, false, NULL, '{"id": 117, "company_id": "b64d182f-0ee3-40a0-b367-281f31902620", "created_at": "2025-11-04T00:33:47.30929+00:00", "created_by": "00000000-0000-0000-0000-000000000001", "deleted_at": null, "is_deleted": false, "updated_at": "2025-11-04T00:33:47.30929+00:00", "description": "Industry-leading practices with continuous optimization. Data-driven decision making and predictive capabilities.", "questionnaire_id": 3, "questionnaire_question_id": 24, "questionnaire_rating_scale_id": 12}', '{}', '{"ip": "172.19.0.1", "user_agent": "node", "soft_delete_at": null}', '2025-11-04 00:33:47.30929+00'),
	(221, 'b64d182f-0ee3-40a0-b367-281f31902620', '00000000-0000-0000-0000-000000000001', 'tbikaun+vantage_local@teampps.com.au', 'Tyler Bikaun (Test User)', 'UPDATE', 'questionnaire_questions', '24', 'user_action', NULL, NULL, false, '{"id": 24, "title": "How robust is your audit program?", "context": "Placeholder context", "company_id": "b64d182f-0ee3-40a0-b367-281f31902620", "created_at": "2025-11-04T00:33:47.287081+00:00", "created_by": "00000000-0000-0000-0000-000000000001", "deleted_at": null, "is_deleted": false, "updated_at": "2025-11-04T00:33:47.287081+00:00", "order_index": 1, "question_text": "", "questionnaire_id": 3, "rating_scale_mapping": null, "questionnaire_step_id": 20}', '{"id": 24, "title": "How robust is your audit program?", "context": "Regular internal audits and compliance assessments are required to maintain ISO 55001 certification and ensure system effectiveness.", "company_id": "b64d182f-0ee3-40a0-b367-281f31902620", "created_at": "2025-11-04T00:33:47.287081+00:00", "created_by": "00000000-0000-0000-0000-000000000001", "deleted_at": null, "is_deleted": false, "updated_at": "2025-11-04T00:33:54.476+00:00", "order_index": 1, "question_text": "", "questionnaire_id": 3, "rating_scale_mapping": null, "questionnaire_step_id": 20}', '{context}', '{"ip": "172.19.0.1", "user_agent": "node", "soft_delete_at": null}', '2025-11-04 00:33:54.481877+00'),
	(223, 'b64d182f-0ee3-40a0-b367-281f31902620', '00000000-0000-0000-0000-000000000001', 'tbikaun+vantage_local@teampps.com.au', 'Tyler Bikaun (Test User)', 'UPDATE', 'questionnaire_question_rating_scales', '114', 'user_action', NULL, NULL, false, '{"id": 114, "company_id": "b64d182f-0ee3-40a0-b367-281f31902620", "created_at": "2025-11-04T00:33:47.30929+00:00", "created_by": "00000000-0000-0000-0000-000000000001", "deleted_at": null, "is_deleted": false, "updated_at": "2025-11-04T00:33:47.30929+00:00", "description": "Basic awareness and initial efforts underway. Informal processes with limited documentation or consistency.", "questionnaire_id": 3, "questionnaire_question_id": 24, "questionnaire_rating_scale_id": 9}', '{"id": 114, "company_id": "b64d182f-0ee3-40a0-b367-281f31902620", "created_at": "2025-11-04T00:33:47.30929+00:00", "created_by": "00000000-0000-0000-0000-000000000001", "deleted_at": null, "is_deleted": false, "updated_at": "2025-11-04T00:34:03.287+00:00", "description": "Occasional ad-hoc reviews without formal methodology.", "questionnaire_id": 3, "questionnaire_question_id": 24, "questionnaire_rating_scale_id": 9}', '{description}', '{"ip": "172.19.0.1", "user_agent": "node", "soft_delete_at": null}', '2025-11-04 00:34:03.293121+00'),
	(225, 'b64d182f-0ee3-40a0-b367-281f31902620', '00000000-0000-0000-0000-000000000001', 'tbikaun+vantage_local@teampps.com.au', 'Tyler Bikaun (Test User)', 'UPDATE', 'questionnaire_question_rating_scales', '116', 'user_action', NULL, NULL, false, '{"id": 116, "company_id": "b64d182f-0ee3-40a0-b367-281f31902620", "created_at": "2025-11-04T00:33:47.30929+00:00", "created_by": "00000000-0000-0000-0000-000000000001", "deleted_at": null, "is_deleted": false, "updated_at": "2025-11-04T00:33:47.30929+00:00", "description": "Comprehensive processes fully implemented. Consistent application with regular review and improvement.", "questionnaire_id": 3, "questionnaire_question_id": 24, "questionnaire_rating_scale_id": 11}', '{"id": 116, "company_id": "b64d182f-0ee3-40a0-b367-281f31902620", "created_at": "2025-11-04T00:33:47.30929+00:00", "created_by": "00000000-0000-0000-0000-000000000001", "deleted_at": null, "is_deleted": false, "updated_at": "2025-11-04T00:34:13.293+00:00", "description": "Comprehensive audit program covering all ISO 55001 requirements. Trained auditors.", "questionnaire_id": 3, "questionnaire_question_id": 24, "questionnaire_rating_scale_id": 11}', '{description}', '{"ip": "172.19.0.1", "user_agent": "node", "soft_delete_at": null}', '2025-11-04 00:34:13.299904+00'),
	(224, 'b64d182f-0ee3-40a0-b367-281f31902620', '00000000-0000-0000-0000-000000000001', 'tbikaun+vantage_local@teampps.com.au', 'Tyler Bikaun (Test User)', 'UPDATE', 'questionnaire_question_rating_scales', '115', 'user_action', NULL, NULL, false, '{"id": 115, "company_id": "b64d182f-0ee3-40a0-b367-281f31902620", "created_at": "2025-11-04T00:33:47.30929+00:00", "created_by": "00000000-0000-0000-0000-000000000001", "deleted_at": null, "is_deleted": false, "updated_at": "2025-11-04T00:33:47.30929+00:00", "description": "Formal processes being established. Partial implementation with growing maturity and documentation.", "questionnaire_id": 3, "questionnaire_question_id": 24, "questionnaire_rating_scale_id": 10}', '{"id": 115, "company_id": "b64d182f-0ee3-40a0-b367-281f31902620", "created_at": "2025-11-04T00:33:47.30929+00:00", "created_by": "00000000-0000-0000-0000-000000000001", "deleted_at": null, "is_deleted": false, "updated_at": "2025-11-04T00:34:08.461+00:00", "description": "Basic audit program with annual reviews of key areas.", "questionnaire_id": 3, "questionnaire_question_id": 24, "questionnaire_rating_scale_id": 10}', '{description}', '{"ip": "172.19.0.1", "user_agent": "node", "soft_delete_at": null}', '2025-11-04 00:34:08.466657+00'),
	(228, 'b64d182f-0ee3-40a0-b367-281f31902620', '00000000-0000-0000-0000-000000000001', 'tbikaun+vantage_local@teampps.com.au', 'Tyler Bikaun (Test User)', 'UPDATE', 'questionnaire_questions', '24', 'user_action', NULL, NULL, false, '{"id": 24, "title": "How robust is your audit program?", "context": "Regular internal audits and compliance assessments are required to maintain ISO 55001 certification and ensure system effectiveness.", "company_id": "b64d182f-0ee3-40a0-b367-281f31902620", "created_at": "2025-11-04T00:33:47.287081+00:00", "created_by": "00000000-0000-0000-0000-000000000001", "deleted_at": null, "is_deleted": false, "updated_at": "2025-11-04T00:33:54.476+00:00", "order_index": 1, "question_text": "", "questionnaire_id": 3, "rating_scale_mapping": null, "questionnaire_step_id": 20}', '{"id": 24, "title": "How robust is your audit program?", "context": "Regular internal audits and compliance assessments are required to maintain ISO 55001 certification and ensure system effectiveness.", "company_id": "b64d182f-0ee3-40a0-b367-281f31902620", "created_at": "2025-11-04T00:33:47.287081+00:00", "created_by": "00000000-0000-0000-0000-000000000001", "deleted_at": null, "is_deleted": false, "updated_at": "2025-11-04T00:34:33.275+00:00", "order_index": 1, "question_text": "", "questionnaire_id": 3, "rating_scale_mapping": {"version": "weighted", "partScoring": {"61": [{"max": 11.99, "min": 0, "level": 1}, {"max": 23.99, "min": 12, "level": 2}, {"max": 35.99, "min": 24, "level": 3}, {"max": 47.99, "min": 36, "level": 4}, {"max": 60, "min": 48, "level": 5}]}}, "questionnaire_step_id": 20}', '{rating_scale_mapping}', '{"ip": "172.19.0.1", "user_agent": "node", "soft_delete_at": null}', '2025-11-04 00:34:33.280145+00'),
	(231, 'b64d182f-0ee3-40a0-b367-281f31902620', '00000000-0000-0000-0000-000000000001', 'tbikaun+vantage_local@teampps.com.au', 'Tyler Bikaun (Test User)', 'INSERT', 'questionnaire_question_parts', '63', 'user_action', NULL, NULL, false, NULL, '{"id": 63, "text": "Open audit findings", "options": {"max": 100, "min": 0, "decimal_places": 0}, "company_id": "b64d182f-0ee3-40a0-b367-281f31902620", "created_at": "2025-11-04T00:34:53.261306+00:00", "created_by": "00000000-0000-0000-0000-000000000001", "deleted_at": null, "is_deleted": false, "updated_at": "2025-11-04T00:34:53.261306+00:00", "answer_type": "number", "order_index": 2, "questionnaire_id": 3, "questionnaire_question_id": 24}', '{}', '{"ip": "172.19.0.1", "user_agent": "node", "soft_delete_at": null}', '2025-11-04 00:34:53.261306+00'),
	(229, 'b64d182f-0ee3-40a0-b367-281f31902620', '00000000-0000-0000-0000-000000000001', 'tbikaun+vantage_local@teampps.com.au', 'Tyler Bikaun (Test User)', 'INSERT', 'questionnaire_question_parts', '62', 'user_action', NULL, NULL, false, NULL, '{"id": 62, "text": "Number of trained internal auditors", "options": {"max": 20, "min": 0, "decimal_places": 0}, "company_id": "b64d182f-0ee3-40a0-b367-281f31902620", "created_at": "2025-11-04T00:34:44.316906+00:00", "created_by": "00000000-0000-0000-0000-000000000001", "deleted_at": null, "is_deleted": false, "updated_at": "2025-11-04T00:34:44.316906+00:00", "answer_type": "number", "order_index": 1, "questionnaire_id": 3, "questionnaire_question_id": 24}', '{}', '{"ip": "172.19.0.1", "user_agent": "node", "soft_delete_at": null}', '2025-11-04 00:34:44.316906+00'),
	(234, 'b64d182f-0ee3-40a0-b367-281f31902620', '00000000-0000-0000-0000-000000000001', 'tbikaun+vantage_local@teampps.com.au', 'Tyler Bikaun (Test User)', 'UPDATE', 'program_phases', '2', 'user_action', NULL, NULL, false, '{"id": 2, "name": "Program Assessment - Phase 1", "notes": null, "status": "in_progress", "company_id": "b64d182f-0ee3-40a0-b367-281f31902620", "created_at": "2025-11-03T23:51:39.742448+00:00", "created_by": "00000000-0000-0000-0000-000000000001", "deleted_at": null, "is_deleted": false, "program_id": 2, "updated_at": "2025-11-03T23:51:39.742448+00:00", "actual_end_date": null, "sequence_number": 1, "planned_end_date": null, "actual_start_date": null, "planned_start_date": null, "locked_for_analysis_at": null}', '{"id": 2, "name": "Initial Baseline", "notes": null, "status": "in_progress", "company_id": "b64d182f-0ee3-40a0-b367-281f31902620", "created_at": "2025-11-03T23:51:39.742448+00:00", "created_by": "00000000-0000-0000-0000-000000000001", "deleted_at": null, "is_deleted": false, "program_id": 2, "updated_at": "2025-11-04T00:40:55.488+00:00", "actual_end_date": null, "sequence_number": 1, "planned_end_date": null, "actual_start_date": null, "planned_start_date": null, "locked_for_analysis_at": null}', '{name}', '{"ip": "172.19.0.1", "user_agent": "node", "soft_delete_at": null}', '2025-11-04 00:40:55.509567+00'),
	(235, 'b64d182f-0ee3-40a0-b367-281f31902620', '00000000-0000-0000-0000-000000000001', 'tbikaun+vantage_local@teampps.com.au', 'Tyler Bikaun (Test User)', 'UPDATE', 'program_phases', '2', 'user_action', NULL, NULL, false, '{"id": 2, "name": "Initial Baseline", "notes": null, "status": "in_progress", "company_id": "b64d182f-0ee3-40a0-b367-281f31902620", "created_at": "2025-11-03T23:51:39.742448+00:00", "created_by": "00000000-0000-0000-0000-000000000001", "deleted_at": null, "is_deleted": false, "program_id": 2, "updated_at": "2025-11-04T00:40:55.488+00:00", "actual_end_date": null, "sequence_number": 1, "planned_end_date": null, "actual_start_date": null, "planned_start_date": null, "locked_for_analysis_at": null}', '{"id": 2, "name": "Initial Baseline", "notes": null, "status": "in_progress", "company_id": "b64d182f-0ee3-40a0-b367-281f31902620", "created_at": "2025-11-03T23:51:39.742448+00:00", "created_by": "00000000-0000-0000-0000-000000000001", "deleted_at": null, "is_deleted": false, "program_id": 2, "updated_at": "2025-11-04T00:41:09.685+00:00", "actual_end_date": null, "sequence_number": 1, "planned_end_date": null, "actual_start_date": null, "planned_start_date": "2025-11-10T15:59:59.999+00:00", "locked_for_analysis_at": null}', '{planned_start_date}', '{"ip": "172.19.0.1", "user_agent": "node", "soft_delete_at": null}', '2025-11-04 00:41:09.691457+00'),
	(236, 'b64d182f-0ee3-40a0-b367-281f31902620', '00000000-0000-0000-0000-000000000001', 'tbikaun+vantage_local@teampps.com.au', 'Tyler Bikaun (Test User)', 'UPDATE', 'program_phases', '2', 'user_action', NULL, NULL, false, '{"id": 2, "name": "Initial Baseline", "notes": null, "status": "in_progress", "company_id": "b64d182f-0ee3-40a0-b367-281f31902620", "created_at": "2025-11-03T23:51:39.742448+00:00", "created_by": "00000000-0000-0000-0000-000000000001", "deleted_at": null, "is_deleted": false, "program_id": 2, "updated_at": "2025-11-04T00:41:09.685+00:00", "actual_end_date": null, "sequence_number": 1, "planned_end_date": null, "actual_start_date": null, "planned_start_date": "2025-11-10T15:59:59.999+00:00", "locked_for_analysis_at": null}', '{"id": 2, "name": "Initial Baseline", "notes": null, "status": "in_progress", "company_id": "b64d182f-0ee3-40a0-b367-281f31902620", "created_at": "2025-11-03T23:51:39.742448+00:00", "created_by": "00000000-0000-0000-0000-000000000001", "deleted_at": null, "is_deleted": false, "program_id": 2, "updated_at": "2025-11-04T00:41:20.075+00:00", "actual_end_date": null, "sequence_number": 1, "planned_end_date": null, "actual_start_date": null, "planned_start_date": "2025-10-27T15:59:59.999+00:00", "locked_for_analysis_at": null}', '{planned_start_date}', '{"ip": "172.19.0.1", "user_agent": "node", "soft_delete_at": null}', '2025-11-04 00:41:20.080721+00'),
	(237, 'b64d182f-0ee3-40a0-b367-281f31902620', '00000000-0000-0000-0000-000000000001', 'tbikaun+vantage_local@teampps.com.au', 'Tyler Bikaun (Test User)', 'UPDATE', 'program_phases', '2', 'user_action', NULL, NULL, false, '{"id": 2, "name": "Initial Baseline", "notes": null, "status": "in_progress", "company_id": "b64d182f-0ee3-40a0-b367-281f31902620", "created_at": "2025-11-03T23:51:39.742448+00:00", "created_by": "00000000-0000-0000-0000-000000000001", "deleted_at": null, "is_deleted": false, "program_id": 2, "updated_at": "2025-11-04T00:41:20.075+00:00", "actual_end_date": null, "sequence_number": 1, "planned_end_date": null, "actual_start_date": null, "planned_start_date": "2025-10-27T15:59:59.999+00:00", "locked_for_analysis_at": null}', '{"id": 2, "name": "Initial Baseline", "notes": null, "status": "in_progress", "company_id": "b64d182f-0ee3-40a0-b367-281f31902620", "created_at": "2025-11-03T23:51:39.742448+00:00", "created_by": "00000000-0000-0000-0000-000000000001", "deleted_at": null, "is_deleted": false, "program_id": 2, "updated_at": "2025-11-04T00:41:30.339+00:00", "actual_end_date": null, "sequence_number": 1, "planned_end_date": "2026-02-02T15:59:59.999+00:00", "actual_start_date": null, "planned_start_date": "2025-10-27T15:59:59.999+00:00", "locked_for_analysis_at": null}', '{planned_end_date}', '{"ip": "172.19.0.1", "user_agent": "node", "soft_delete_at": null}', '2025-11-04 00:41:30.344043+00'),
	(238, 'b64d182f-0ee3-40a0-b367-281f31902620', '00000000-0000-0000-0000-000000000001', 'tbikaun+vantage_local@teampps.com.au', 'Tyler Bikaun (Test User)', 'INSERT', 'program_phases', '3', 'user_action', NULL, NULL, false, NULL, '{"id": 3, "name": "Mid-point Review", "notes": null, "status": "scheduled", "company_id": "b64d182f-0ee3-40a0-b367-281f31902620", "created_at": "2025-11-04T00:43:22.758622+00:00", "created_by": "00000000-0000-0000-0000-000000000001", "deleted_at": null, "is_deleted": false, "program_id": 2, "updated_at": "2025-11-04T00:43:22.758622+00:00", "actual_end_date": null, "sequence_number": 2, "planned_end_date": "2026-01-12T15:59:59.999+00:00", "actual_start_date": null, "planned_start_date": "2025-12-29T15:59:59.999+00:00", "locked_for_analysis_at": null}', '{}', '{"ip": "172.19.0.1", "user_agent": "node", "soft_delete_at": null}', '2025-11-04 00:43:22.758622+00'),
	(239, 'b64d182f-0ee3-40a0-b367-281f31902620', '00000000-0000-0000-0000-000000000001', 'tbikaun+vantage_local@teampps.com.au', 'Tyler Bikaun (Test User)', 'UPDATE', 'program_phases', '2', 'user_action', NULL, NULL, false, '{"id": 2, "name": "Initial Baseline", "notes": null, "status": "in_progress", "company_id": "b64d182f-0ee3-40a0-b367-281f31902620", "created_at": "2025-11-03T23:51:39.742448+00:00", "created_by": "00000000-0000-0000-0000-000000000001", "deleted_at": null, "is_deleted": false, "program_id": 2, "updated_at": "2025-11-04T00:41:30.339+00:00", "actual_end_date": null, "sequence_number": 1, "planned_end_date": "2026-02-02T15:59:59.999+00:00", "actual_start_date": null, "planned_start_date": "2025-10-27T15:59:59.999+00:00", "locked_for_analysis_at": null}', '{"id": 2, "name": "Initial Baseline", "notes": null, "status": "scheduled", "company_id": "b64d182f-0ee3-40a0-b367-281f31902620", "created_at": "2025-11-03T23:51:39.742448+00:00", "created_by": "00000000-0000-0000-0000-000000000001", "deleted_at": null, "is_deleted": false, "program_id": 2, "updated_at": "2025-11-04T00:43:28.999+00:00", "actual_end_date": null, "sequence_number": 1, "planned_end_date": "2026-02-02T15:59:59.999+00:00", "actual_start_date": null, "planned_start_date": "2025-10-27T15:59:59.999+00:00", "locked_for_analysis_at": null}', '{status}', '{"ip": "172.19.0.1", "user_agent": "node", "soft_delete_at": null}', '2025-11-04 00:43:29.004628+00'),
	(240, 'b64d182f-0ee3-40a0-b367-281f31902620', '00000000-0000-0000-0000-000000000001', 'tbikaun+vantage_local@teampps.com.au', 'Tyler Bikaun (Test User)', 'UPDATE', 'program_phases', '2', 'user_action', NULL, NULL, false, '{"id": 2, "name": "Initial Baseline", "notes": null, "status": "scheduled", "company_id": "b64d182f-0ee3-40a0-b367-281f31902620", "created_at": "2025-11-03T23:51:39.742448+00:00", "created_by": "00000000-0000-0000-0000-000000000001", "deleted_at": null, "is_deleted": false, "program_id": 2, "updated_at": "2025-11-04T00:43:28.999+00:00", "actual_end_date": null, "sequence_number": 1, "planned_end_date": "2026-02-02T15:59:59.999+00:00", "actual_start_date": null, "planned_start_date": "2025-10-27T15:59:59.999+00:00", "locked_for_analysis_at": null}', '{"id": 2, "name": "Initial Baseline", "notes": null, "status": "scheduled", "company_id": "b64d182f-0ee3-40a0-b367-281f31902620", "created_at": "2025-11-03T23:51:39.742448+00:00", "created_by": "00000000-0000-0000-0000-000000000001", "deleted_at": null, "is_deleted": false, "program_id": 2, "updated_at": "2025-11-04T00:43:39.128+00:00", "actual_end_date": null, "sequence_number": 1, "planned_end_date": "2026-02-02T15:59:59.999+00:00", "actual_start_date": null, "planned_start_date": "2025-12-29T15:59:59.999+00:00", "locked_for_analysis_at": null}', '{planned_start_date}', '{"ip": "172.19.0.1", "user_agent": "node", "soft_delete_at": null}', '2025-11-04 00:43:39.133934+00'),
	(241, 'b64d182f-0ee3-40a0-b367-281f31902620', '00000000-0000-0000-0000-000000000001', 'tbikaun+vantage_local@teampps.com.au', 'Tyler Bikaun (Test User)', 'UPDATE', 'program_phases', '2', 'user_action', NULL, NULL, false, '{"id": 2, "name": "Initial Baseline", "notes": null, "status": "scheduled", "company_id": "b64d182f-0ee3-40a0-b367-281f31902620", "created_at": "2025-11-03T23:51:39.742448+00:00", "created_by": "00000000-0000-0000-0000-000000000001", "deleted_at": null, "is_deleted": false, "program_id": 2, "updated_at": "2025-11-04T00:43:39.128+00:00", "actual_end_date": null, "sequence_number": 1, "planned_end_date": "2026-02-02T15:59:59.999+00:00", "actual_start_date": null, "planned_start_date": "2025-12-29T15:59:59.999+00:00", "locked_for_analysis_at": null}', '{"id": 2, "name": "Initial Baseline", "notes": null, "status": "scheduled", "company_id": "b64d182f-0ee3-40a0-b367-281f31902620", "created_at": "2025-11-03T23:51:39.742448+00:00", "created_by": "00000000-0000-0000-0000-000000000001", "deleted_at": null, "is_deleted": false, "program_id": 2, "updated_at": "2025-11-04T00:43:46.251+00:00", "actual_end_date": null, "sequence_number": 1, "planned_end_date": "2026-01-12T15:59:59.999+00:00", "actual_start_date": null, "planned_start_date": "2025-12-29T15:59:59.999+00:00", "locked_for_analysis_at": null}', '{planned_end_date}', '{"ip": "172.19.0.1", "user_agent": "node", "soft_delete_at": null}', '2025-11-04 00:43:46.257985+00'),
	(242, 'b64d182f-0ee3-40a0-b367-281f31902620', '00000000-0000-0000-0000-000000000001', 'tbikaun+vantage_local@teampps.com.au', 'Tyler Bikaun (Test User)', 'UPDATE', 'programs', '2', 'user_action', NULL, NULL, false, '{"id": 2, "name": "ISO 55000 Readiness", "status": "active", "is_demo": false, "company_id": "b64d182f-0ee3-40a0-b367-281f31902620", "created_at": "2025-11-03T23:51:39.721316+00:00", "created_by": "00000000-0000-0000-0000-000000000001", "deleted_at": null, "is_deleted": false, "updated_at": "2025-11-03T23:51:45.588+00:00", "description": "", "current_sequence_number": 1, "onsite_questionnaire_id": null, "presite_questionnaire_id": null}', '{"id": 2, "name": "ISO 55000 Readiness", "status": "active", "is_demo": false, "company_id": "b64d182f-0ee3-40a0-b367-281f31902620", "created_at": "2025-11-03T23:51:39.721316+00:00", "created_by": "00000000-0000-0000-0000-000000000001", "deleted_at": null, "is_deleted": false, "updated_at": "2025-11-04T00:46:39.079+00:00", "description": "A program for helping identify gaps, prioritise improvement areas, and track progress toward ISO 55001 certification readiness.", "current_sequence_number": 1, "onsite_questionnaire_id": null, "presite_questionnaire_id": null}', '{description}', '{"ip": "172.19.0.1", "user_agent": "node", "soft_delete_at": null}', '2025-11-04 00:46:39.100959+00'),
	(243, 'b64d182f-0ee3-40a0-b367-281f31902620', '00000000-0000-0000-0000-000000000001', 'tbikaun+vantage_local@teampps.com.au', 'Tyler Bikaun (Test User)', 'UPDATE', 'dashboards', '1', 'user_action', NULL, NULL, false, '{"id": 1, "name": "My Dashboard", "layout": [], "widgets": [], "company_id": "b64d182f-0ee3-40a0-b367-281f31902620", "created_at": "2025-10-31T08:08:57.147394+00:00", "created_by": "00000000-0000-0000-0000-000000000001", "deleted_at": null, "is_deleted": false, "updated_at": "2025-10-31T08:08:57.147394+00:00"}', '{"id": 1, "name": "My Dashboard", "layout": [{"h": 4, "i": "activity-1762217370116", "w": 3, "x": 0, "y": 0, "maxH": 5, "maxW": 4, "minH": 3, "minW": 2, "moved": false, "static": false}], "widgets": [{"id": "activity-1762217370116", "config": {"entity": {"entityType": "programs"}}, "widgetType": "activity"}], "company_id": "b64d182f-0ee3-40a0-b367-281f31902620", "created_at": "2025-10-31T08:08:57.147394+00:00", "created_by": "00000000-0000-0000-0000-000000000001", "deleted_at": null, "is_deleted": false, "updated_at": "2025-11-04T00:49:35.169+00:00"}', '{layout,widgets}', '{"ip": "172.19.0.1", "user_agent": "node", "soft_delete_at": null}', '2025-11-04 00:49:35.174992+00'),
	(269, 'b64d182f-0ee3-40a0-b367-281f31902620', '00000000-0000-0000-0000-000000000001', 'tbikaun+vantage_local@teampps.com.au', 'Tyler Bikaun (Test User)', 'UPDATE', 'sites', '5', 'user_action', NULL, NULL, false, '{"id": 5, "lat": null, "lng": null, "code": "", "name": "Golden Valley Mine", "region_id": 2, "company_id": "b64d182f-0ee3-40a0-b367-281f31902620", "created_at": "2025-10-31T02:53:50.557892+00:00", "created_by": "00000000-0000-0000-0000-000000000001", "deleted_at": null, "is_deleted": false, "updated_at": "2025-10-31T02:53:50.557892+00:00", "description": ""}', '{"id": 5, "lat": -19.935269, "lng": 125.893395, "code": "", "name": "Golden Valley Mine", "region_id": 2, "company_id": "b64d182f-0ee3-40a0-b367-281f31902620", "created_at": "2025-10-31T02:53:50.557892+00:00", "created_by": "00000000-0000-0000-0000-000000000001", "deleted_at": null, "is_deleted": false, "updated_at": "2025-10-31T02:53:50.557892+00:00", "description": ""}', '{lat,lng}', '{"ip": "172.19.0.1", "user_agent": "node", "soft_delete_at": null}', '2025-11-04 23:19:41.067427+00'),
	(244, 'b64d182f-0ee3-40a0-b367-281f31902620', '00000000-0000-0000-0000-000000000001', 'tbikaun+vantage_local@teampps.com.au', 'Tyler Bikaun (Test User)', 'UPDATE', 'dashboards', '1', 'user_action', NULL, NULL, false, '{"id": 1, "name": "My Dashboard", "layout": [{"h": 4, "i": "activity-1762217370116", "w": 3, "x": 0, "y": 0, "maxH": 5, "maxW": 4, "minH": 3, "minW": 2, "moved": false, "static": false}], "widgets": [{"id": "activity-1762217370116", "config": {"entity": {"entityType": "programs"}}, "widgetType": "activity"}], "company_id": "b64d182f-0ee3-40a0-b367-281f31902620", "created_at": "2025-10-31T08:08:57.147394+00:00", "created_by": "00000000-0000-0000-0000-000000000001", "deleted_at": null, "is_deleted": false, "updated_at": "2025-11-04T00:49:35.169+00:00"}', '{"id": 1, "name": "My Dashboard", "layout": [{"h": 4, "i": "activity-1762217370116", "w": 3, "x": 0, "y": 0, "maxH": 5, "maxW": 4, "minH": 3, "minW": 2, "moved": false, "static": false}, {"h": 4, "i": "activity-1762217380468", "w": 3, "x": 3, "y": 0, "maxH": 5, "maxW": 4, "minH": 3, "minW": 2, "moved": false, "static": false}], "widgets": [{"id": "activity-1762217370116", "config": {"entity": {"entityType": "programs"}}, "widgetType": "activity"}, {"id": "activity-1762217380468", "config": {"entity": {"entityType": "interviews"}}, "widgetType": "activity"}], "company_id": "b64d182f-0ee3-40a0-b367-281f31902620", "created_at": "2025-10-31T08:08:57.147394+00:00", "created_by": "00000000-0000-0000-0000-000000000001", "deleted_at": null, "is_deleted": false, "updated_at": "2025-11-04T00:49:47.651+00:00"}', '{layout,widgets}', '{"ip": "172.19.0.1", "user_agent": "node", "soft_delete_at": null}', '2025-11-04 00:49:47.657325+00'),
	(245, 'b64d182f-0ee3-40a0-b367-281f31902620', '00000000-0000-0000-0000-000000000001', 'tbikaun+vantage_local@teampps.com.au', 'Tyler Bikaun (Test User)', 'UPDATE', 'dashboards', '1', 'user_action', NULL, NULL, false, '{"id": 1, "name": "My Dashboard", "layout": [{"h": 4, "i": "activity-1762217370116", "w": 3, "x": 0, "y": 0, "maxH": 5, "maxW": 4, "minH": 3, "minW": 2, "moved": false, "static": false}, {"h": 4, "i": "activity-1762217380468", "w": 3, "x": 3, "y": 0, "maxH": 5, "maxW": 4, "minH": 3, "minW": 2, "moved": false, "static": false}], "widgets": [{"id": "activity-1762217370116", "config": {"entity": {"entityType": "programs"}}, "widgetType": "activity"}, {"id": "activity-1762217380468", "config": {"entity": {"entityType": "interviews"}}, "widgetType": "activity"}], "company_id": "b64d182f-0ee3-40a0-b367-281f31902620", "created_at": "2025-10-31T08:08:57.147394+00:00", "created_by": "00000000-0000-0000-0000-000000000001", "deleted_at": null, "is_deleted": false, "updated_at": "2025-11-04T00:49:47.651+00:00"}', '{"id": 1, "name": "My Dashboard", "layout": [{"h": 4, "i": "activity-1762217370116", "w": 3, "x": 0, "y": 0, "maxH": 5, "maxW": 4, "minH": 3, "minW": 2, "moved": false, "static": false}, {"h": 4, "i": "activity-1762217380468", "w": 3, "x": 3, "y": 0, "maxH": 5, "maxW": 4, "minH": 3, "minW": 2, "moved": false, "static": false}, {"h": 4, "i": "activity-1762217391157", "w": 3, "x": 6, "y": 0, "maxH": 5, "maxW": 4, "minH": 3, "minW": 2, "moved": false, "static": false}], "widgets": [{"id": "activity-1762217370116", "config": {"entity": {"entityType": "programs"}}, "widgetType": "activity"}, {"id": "activity-1762217380468", "config": {"entity": {"entityType": "interviews"}}, "widgetType": "activity"}, {"id": "activity-1762217391157", "config": {"entity": {"entityType": "assessments"}}, "widgetType": "activity"}], "company_id": "b64d182f-0ee3-40a0-b367-281f31902620", "created_at": "2025-10-31T08:08:57.147394+00:00", "created_by": "00000000-0000-0000-0000-000000000001", "deleted_at": null, "is_deleted": false, "updated_at": "2025-11-04T00:49:58.673+00:00"}', '{layout,widgets}', '{"ip": "172.19.0.1", "user_agent": "node", "soft_delete_at": null}', '2025-11-04 00:49:58.678399+00'),
	(246, 'b64d182f-0ee3-40a0-b367-281f31902620', '00000000-0000-0000-0000-000000000001', 'tbikaun+vantage_local@teampps.com.au', 'Tyler Bikaun (Test User)', 'UPDATE', 'program_phases', '3', 'user_action', NULL, NULL, false, '{"id": 3, "name": "Mid-point Review", "notes": null, "status": "scheduled", "company_id": "b64d182f-0ee3-40a0-b367-281f31902620", "created_at": "2025-11-04T00:43:22.758622+00:00", "created_by": "00000000-0000-0000-0000-000000000001", "deleted_at": null, "is_deleted": false, "program_id": 2, "updated_at": "2025-11-04T00:43:22.758622+00:00", "actual_end_date": null, "sequence_number": 2, "planned_end_date": "2026-01-12T15:59:59.999+00:00", "actual_start_date": null, "planned_start_date": "2025-12-29T15:59:59.999+00:00", "locked_for_analysis_at": null}', '{"id": 3, "name": "Mid-point Review", "notes": null, "status": "scheduled", "company_id": "b64d182f-0ee3-40a0-b367-281f31902620", "created_at": "2025-11-04T00:43:22.758622+00:00", "created_by": "00000000-0000-0000-0000-000000000001", "deleted_at": null, "is_deleted": false, "program_id": 2, "updated_at": "2025-11-04T00:55:26.164+00:00", "actual_end_date": null, "sequence_number": 2, "planned_end_date": "2026-01-12T15:59:59.999+00:00", "actual_start_date": null, "planned_start_date": "2025-11-18T15:59:59.999+00:00", "locked_for_analysis_at": null}', '{planned_start_date}', '{"ip": "172.19.0.1", "user_agent": "node", "soft_delete_at": null}', '2025-11-04 00:55:26.170406+00'),
	(247, 'b64d182f-0ee3-40a0-b367-281f31902620', '00000000-0000-0000-0000-000000000001', 'tbikaun+vantage_local@teampps.com.au', 'Tyler Bikaun (Test User)', 'UPDATE', 'program_phases', '3', 'user_action', NULL, NULL, false, '{"id": 3, "name": "Mid-point Review", "notes": null, "status": "scheduled", "company_id": "b64d182f-0ee3-40a0-b367-281f31902620", "created_at": "2025-11-04T00:43:22.758622+00:00", "created_by": "00000000-0000-0000-0000-000000000001", "deleted_at": null, "is_deleted": false, "program_id": 2, "updated_at": "2025-11-04T00:55:26.164+00:00", "actual_end_date": null, "sequence_number": 2, "planned_end_date": "2026-01-12T15:59:59.999+00:00", "actual_start_date": null, "planned_start_date": "2025-11-18T15:59:59.999+00:00", "locked_for_analysis_at": null}', '{"id": 3, "name": "Mid-point Review", "notes": null, "status": "scheduled", "company_id": "b64d182f-0ee3-40a0-b367-281f31902620", "created_at": "2025-11-04T00:43:22.758622+00:00", "created_by": "00000000-0000-0000-0000-000000000001", "deleted_at": null, "is_deleted": false, "program_id": 2, "updated_at": "2025-11-04T00:55:38.503+00:00", "actual_end_date": null, "sequence_number": 2, "planned_end_date": "2026-01-12T15:59:59.999+00:00", "actual_start_date": null, "planned_start_date": "2026-01-01T15:59:59.999+00:00", "locked_for_analysis_at": null}', '{planned_start_date}', '{"ip": "172.19.0.1", "user_agent": "node", "soft_delete_at": null}', '2025-11-04 00:55:38.50805+00'),
	(258, 'b64d182f-0ee3-40a0-b367-281f31902620', '00000000-0000-0000-0000-000000000001', 'tbikaun+vantage_local@teampps.com.au', 'Tyler Bikaun (Test User)', 'UPDATE', 'companies', 'b64d182f-0ee3-40a0-b367-281f31902620', 'user_action', NULL, NULL, false, '{"id": "b64d182f-0ee3-40a0-b367-281f31902620", "code": "ORE", "name": "Ore Inc", "is_demo": false, "branding": null, "icon_url": null, "created_at": "2025-10-31T02:38:13.143181+00:00", "created_by": "00000000-0000-0000-0000-000000000001", "deleted_at": null, "is_deleted": false, "updated_at": "2025-10-31T02:38:13.143181+00:00", "description": "Global gold mining company with operations across Australia and Africa"}', '{"id": "b64d182f-0ee3-40a0-b367-281f31902620", "code": "ORE", "name": "Ore Inc", "is_demo": false, "branding": null, "icon_url": "http://127.0.0.1:54321/storage/v1/object/public/company-icons/b64d182f-0ee3-40a0-b367-281f31902620/icon.png", "created_at": "2025-10-31T02:38:13.143181+00:00", "created_by": "00000000-0000-0000-0000-000000000001", "deleted_at": null, "is_deleted": false, "updated_at": "2025-10-31T02:38:13.143181+00:00", "description": "Global gold mining company with operations across Australia and Africa"}', '{icon_url}', '{"ip": "172.19.0.1", "user_agent": "node", "soft_delete_at": null}', '2025-11-04 23:15:39.153532+00'),
	(248, 'b64d182f-0ee3-40a0-b367-281f31902620', '00000000-0000-0000-0000-000000000001', 'tbikaun+vantage_local@teampps.com.au', 'Tyler Bikaun (Test User)', 'UPDATE', 'program_phases', '3', 'user_action', NULL, NULL, false, '{"id": 3, "name": "Mid-point Review", "notes": null, "status": "scheduled", "company_id": "b64d182f-0ee3-40a0-b367-281f31902620", "created_at": "2025-11-04T00:43:22.758622+00:00", "created_by": "00000000-0000-0000-0000-000000000001", "deleted_at": null, "is_deleted": false, "program_id": 2, "updated_at": "2025-11-04T00:55:38.503+00:00", "actual_end_date": null, "sequence_number": 2, "planned_end_date": "2026-01-12T15:59:59.999+00:00", "actual_start_date": null, "planned_start_date": "2026-01-01T15:59:59.999+00:00", "locked_for_analysis_at": null}', '{"id": 3, "name": "Mid-point Review", "notes": null, "status": "scheduled", "company_id": "b64d182f-0ee3-40a0-b367-281f31902620", "created_at": "2025-11-04T00:43:22.758622+00:00", "created_by": "00000000-0000-0000-0000-000000000001", "deleted_at": null, "is_deleted": false, "program_id": 2, "updated_at": "2025-11-04T00:55:54.165+00:00", "actual_end_date": null, "sequence_number": 2, "planned_end_date": "2026-01-12T15:59:59.999+00:00", "actual_start_date": null, "planned_start_date": "2026-04-01T15:59:59.999+00:00", "locked_for_analysis_at": null}', '{planned_start_date}', '{"ip": "172.19.0.1", "user_agent": "node", "soft_delete_at": null}', '2025-11-04 00:55:54.169777+00'),
	(249, 'b64d182f-0ee3-40a0-b367-281f31902620', '00000000-0000-0000-0000-000000000001', 'tbikaun+vantage_local@teampps.com.au', 'Tyler Bikaun (Test User)', 'UPDATE', 'program_phases', '3', 'user_action', NULL, NULL, false, '{"id": 3, "name": "Mid-point Review", "notes": null, "status": "scheduled", "company_id": "b64d182f-0ee3-40a0-b367-281f31902620", "created_at": "2025-11-04T00:43:22.758622+00:00", "created_by": "00000000-0000-0000-0000-000000000001", "deleted_at": null, "is_deleted": false, "program_id": 2, "updated_at": "2025-11-04T00:55:54.165+00:00", "actual_end_date": null, "sequence_number": 2, "planned_end_date": "2026-01-12T15:59:59.999+00:00", "actual_start_date": null, "planned_start_date": "2026-04-01T15:59:59.999+00:00", "locked_for_analysis_at": null}', '{"id": 3, "name": "Mid-point Review", "notes": null, "status": "scheduled", "company_id": "b64d182f-0ee3-40a0-b367-281f31902620", "created_at": "2025-11-04T00:43:22.758622+00:00", "created_by": "00000000-0000-0000-0000-000000000001", "deleted_at": null, "is_deleted": false, "program_id": 2, "updated_at": "2025-11-04T00:56:00.413+00:00", "actual_end_date": null, "sequence_number": 2, "planned_end_date": "2026-04-13T15:59:59.999+00:00", "actual_start_date": null, "planned_start_date": "2026-04-01T15:59:59.999+00:00", "locked_for_analysis_at": null}', '{planned_end_date}', '{"ip": "172.19.0.1", "user_agent": "node", "soft_delete_at": null}', '2025-11-04 00:56:00.418506+00'),
	(250, 'b64d182f-0ee3-40a0-b367-281f31902620', '00000000-0000-0000-0000-000000000001', 'tbikaun+vantage_local@teampps.com.au', 'Tyler Bikaun (Test User)', 'UPDATE', 'program_phases', '3', 'user_action', NULL, NULL, false, '{"id": 3, "name": "Mid-point Review", "notes": null, "status": "scheduled", "company_id": "b64d182f-0ee3-40a0-b367-281f31902620", "created_at": "2025-11-04T00:43:22.758622+00:00", "created_by": "00000000-0000-0000-0000-000000000001", "deleted_at": null, "is_deleted": false, "program_id": 2, "updated_at": "2025-11-04T00:56:00.413+00:00", "actual_end_date": null, "sequence_number": 2, "planned_end_date": "2026-04-13T15:59:59.999+00:00", "actual_start_date": null, "planned_start_date": "2026-04-01T15:59:59.999+00:00", "locked_for_analysis_at": null}', '{"id": 3, "name": "Mid-point Review", "notes": null, "status": "scheduled", "company_id": "b64d182f-0ee3-40a0-b367-281f31902620", "created_at": "2025-11-04T00:43:22.758622+00:00", "created_by": "00000000-0000-0000-0000-000000000001", "deleted_at": null, "is_deleted": false, "program_id": 2, "updated_at": "2025-11-04T00:56:06.461+00:00", "actual_end_date": null, "sequence_number": 2, "planned_end_date": "2026-04-13T15:59:59.999+00:00", "actual_start_date": null, "planned_start_date": "2026-03-30T15:59:59.999+00:00", "locked_for_analysis_at": null}', '{planned_start_date}', '{"ip": "172.19.0.1", "user_agent": "node", "soft_delete_at": null}', '2025-11-04 00:56:06.466676+00'),
	(251, 'b64d182f-0ee3-40a0-b367-281f31902620', '00000000-0000-0000-0000-000000000001', 'tbikaun+vantage_local@teampps.com.au', 'Tyler Bikaun (Test User)', 'INSERT', 'program_phases', '4', 'user_action', NULL, NULL, false, NULL, '{"id": 4, "name": "Pre-Audit Readiness", "notes": null, "status": "scheduled", "company_id": "b64d182f-0ee3-40a0-b367-281f31902620", "created_at": "2025-11-04T00:57:27.449163+00:00", "created_by": "00000000-0000-0000-0000-000000000001", "deleted_at": null, "is_deleted": false, "program_id": 2, "updated_at": "2025-11-04T00:57:27.449163+00:00", "actual_end_date": null, "sequence_number": 3, "planned_end_date": "2026-10-26T15:59:59.999+00:00", "actual_start_date": null, "planned_start_date": "2026-10-12T15:59:59.999+00:00", "locked_for_analysis_at": null}', '{}', '{"ip": "172.19.0.1", "user_agent": "node", "soft_delete_at": null}', '2025-11-04 00:57:27.449163+00'),
	(252, 'b64d182f-0ee3-40a0-b367-281f31902620', '00000000-0000-0000-0000-000000000001', 'tbikaun+vantage_local@teampps.com.au', 'Tyler Bikaun (Test User)', 'UPDATE', 'program_phases', '3', 'user_action', NULL, NULL, false, '{"id": 3, "name": "Mid-point Review", "notes": null, "status": "scheduled", "company_id": "b64d182f-0ee3-40a0-b367-281f31902620", "created_at": "2025-11-04T00:43:22.758622+00:00", "created_by": "00000000-0000-0000-0000-000000000001", "deleted_at": null, "is_deleted": false, "program_id": 2, "updated_at": "2025-11-04T00:56:06.461+00:00", "actual_end_date": null, "sequence_number": 2, "planned_end_date": "2026-04-13T15:59:59.999+00:00", "actual_start_date": null, "planned_start_date": "2026-03-30T15:59:59.999+00:00", "locked_for_analysis_at": null}', '{"id": 3, "name": "Mid-point Review", "notes": "Complete reassessment", "status": "scheduled", "company_id": "b64d182f-0ee3-40a0-b367-281f31902620", "created_at": "2025-11-04T00:43:22.758622+00:00", "created_by": "00000000-0000-0000-0000-000000000001", "deleted_at": null, "is_deleted": false, "program_id": 2, "updated_at": "2025-11-04T00:57:52.386+00:00", "actual_end_date": null, "sequence_number": 2, "planned_end_date": "2026-04-13T15:59:59.999+00:00", "actual_start_date": null, "planned_start_date": "2026-03-30T15:59:59.999+00:00", "locked_for_analysis_at": null}', '{notes}', '{"ip": "172.19.0.1", "user_agent": "node", "soft_delete_at": null}', '2025-11-04 00:57:52.390894+00'),
	(259, 'b64d182f-0ee3-40a0-b367-281f31902620', 'd34835f8-a043-42f9-a376-6aac23cb76ce', 'tbikaun+planner@teampps.com.au', NULL, 'INSERT', 'interview_question_part_responses', '1', 'user_action', NULL, NULL, false, NULL, '{"id": 1, "company_id": "b64d182f-0ee3-40a0-b367-281f31902620", "created_at": "2025-11-04T23:16:37.62367+00:00", "created_by": "d34835f8-a043-42f9-a376-6aac23cb76ce", "deleted_at": null, "is_deleted": false, "updated_at": "2025-11-04T23:16:37.62367+00:00", "answer_value": "0", "question_part_id": 1, "interview_response_id": 24}', '{}', '{"ip": "172.19.0.1", "user_agent": "node", "soft_delete_at": null}', '2025-11-04 23:16:37.62367+00'),
	(260, 'b64d182f-0ee3-40a0-b367-281f31902620', 'd34835f8-a043-42f9-a376-6aac23cb76ce', 'tbikaun+planner@teampps.com.au', NULL, 'INSERT', 'interview_question_part_responses', '2', 'user_action', NULL, NULL, false, NULL, '{"id": 2, "company_id": "b64d182f-0ee3-40a0-b367-281f31902620", "created_at": "2025-11-04T23:16:37.62367+00:00", "created_by": "d34835f8-a043-42f9-a376-6aac23cb76ce", "deleted_at": null, "is_deleted": false, "updated_at": "2025-11-04T23:16:37.62367+00:00", "answer_value": "10", "question_part_id": 2, "interview_response_id": 24}', '{}', '{"ip": "172.19.0.1", "user_agent": "node", "soft_delete_at": null}', '2025-11-04 23:16:37.62367+00'),
	(253, 'b64d182f-0ee3-40a0-b367-281f31902620', '00000000-0000-0000-0000-000000000001', 'tbikaun+vantage_local@teampps.com.au', 'Tyler Bikaun (Test User)', 'UPDATE', 'program_phases', '3', 'user_action', NULL, NULL, false, '{"id": 3, "name": "Mid-point Review", "notes": "Complete reassessment", "status": "scheduled", "company_id": "b64d182f-0ee3-40a0-b367-281f31902620", "created_at": "2025-11-04T00:43:22.758622+00:00", "created_by": "00000000-0000-0000-0000-000000000001", "deleted_at": null, "is_deleted": false, "program_id": 2, "updated_at": "2025-11-04T00:57:52.386+00:00", "actual_end_date": null, "sequence_number": 2, "planned_end_date": "2026-04-13T15:59:59.999+00:00", "actual_start_date": null, "planned_start_date": "2026-03-30T15:59:59.999+00:00", "locked_for_analysis_at": null}', '{"id": 3, "name": "Mid-point Review", "notes": "Full reassessment to validate strategy", "status": "scheduled", "company_id": "b64d182f-0ee3-40a0-b367-281f31902620", "created_at": "2025-11-04T00:43:22.758622+00:00", "created_by": "00000000-0000-0000-0000-000000000001", "deleted_at": null, "is_deleted": false, "program_id": 2, "updated_at": "2025-11-04T00:58:01.096+00:00", "actual_end_date": null, "sequence_number": 2, "planned_end_date": "2026-04-13T15:59:59.999+00:00", "actual_start_date": null, "planned_start_date": "2026-03-30T15:59:59.999+00:00", "locked_for_analysis_at": null}', '{notes}', '{"ip": "172.19.0.1", "user_agent": "node", "soft_delete_at": null}', '2025-11-04 00:58:01.102509+00'),
	(254, 'b64d182f-0ee3-40a0-b367-281f31902620', '00000000-0000-0000-0000-000000000001', 'tbikaun+vantage_local@teampps.com.au', 'Tyler Bikaun (Test User)', 'UPDATE', 'program_phases', '2', 'user_action', NULL, NULL, false, '{"id": 2, "name": "Initial Baseline", "notes": null, "status": "scheduled", "company_id": "b64d182f-0ee3-40a0-b367-281f31902620", "created_at": "2025-11-03T23:51:39.742448+00:00", "created_by": "00000000-0000-0000-0000-000000000001", "deleted_at": null, "is_deleted": false, "program_id": 2, "updated_at": "2025-11-04T00:43:46.251+00:00", "actual_end_date": null, "sequence_number": 1, "planned_end_date": "2026-01-12T15:59:59.999+00:00", "actual_start_date": null, "planned_start_date": "2025-12-29T15:59:59.999+00:00", "locked_for_analysis_at": null}', '{"id": 2, "name": "Initial Baseline", "notes": "Complete questionnaire to establish current state", "status": "scheduled", "company_id": "b64d182f-0ee3-40a0-b367-281f31902620", "created_at": "2025-11-03T23:51:39.742448+00:00", "created_by": "00000000-0000-0000-0000-000000000001", "deleted_at": null, "is_deleted": false, "program_id": 2, "updated_at": "2025-11-04T00:58:07.539+00:00", "actual_end_date": null, "sequence_number": 1, "planned_end_date": "2026-01-12T15:59:59.999+00:00", "actual_start_date": null, "planned_start_date": "2025-12-29T15:59:59.999+00:00", "locked_for_analysis_at": null}', '{notes}', '{"ip": "172.19.0.1", "user_agent": "node", "soft_delete_at": null}', '2025-11-04 00:58:07.544431+00'),
	(255, 'b64d182f-0ee3-40a0-b367-281f31902620', '00000000-0000-0000-0000-000000000001', 'tbikaun+vantage_local@teampps.com.au', 'Tyler Bikaun (Test User)', 'UPDATE', 'program_phases', '4', 'user_action', NULL, NULL, false, '{"id": 4, "name": "Pre-Audit Readiness", "notes": null, "status": "scheduled", "company_id": "b64d182f-0ee3-40a0-b367-281f31902620", "created_at": "2025-11-04T00:57:27.449163+00:00", "created_by": "00000000-0000-0000-0000-000000000001", "deleted_at": null, "is_deleted": false, "program_id": 2, "updated_at": "2025-11-04T00:57:27.449163+00:00", "actual_end_date": null, "sequence_number": 3, "planned_end_date": "2026-10-26T15:59:59.999+00:00", "actual_start_date": null, "planned_start_date": "2026-10-12T15:59:59.999+00:00", "locked_for_analysis_at": null}', '{"id": 4, "name": "Pre-Audit Readiness", "notes": "Final complete assessment", "status": "scheduled", "company_id": "b64d182f-0ee3-40a0-b367-281f31902620", "created_at": "2025-11-04T00:57:27.449163+00:00", "created_by": "00000000-0000-0000-0000-000000000001", "deleted_at": null, "is_deleted": false, "program_id": 2, "updated_at": "2025-11-04T00:58:11.847+00:00", "actual_end_date": null, "sequence_number": 3, "planned_end_date": "2026-10-26T15:59:59.999+00:00", "actual_start_date": null, "planned_start_date": "2026-10-12T15:59:59.999+00:00", "locked_for_analysis_at": null}', '{notes}', '{"ip": "172.19.0.1", "user_agent": "node", "soft_delete_at": null}', '2025-11-04 00:58:11.852848+00'),
	(256, 'b64d182f-0ee3-40a0-b367-281f31902620', '00000000-0000-0000-0000-000000000001', 'tbikaun+vantage_local@teampps.com.au', 'Tyler Bikaun (Test User)', 'UPDATE', 'companies', 'b64d182f-0ee3-40a0-b367-281f31902620', 'user_action', NULL, NULL, false, '{"id": "b64d182f-0ee3-40a0-b367-281f31902620", "code": "ORE", "name": "Ore Inc", "is_demo": false, "branding": null, "icon_url": null, "created_at": "2025-10-31T02:38:13.143181+00:00", "created_by": "00000000-0000-0000-0000-000000000001", "deleted_at": null, "is_deleted": false, "updated_at": "2025-10-31T02:38:13.143181+00:00", "description": "Global gold mining company with operations across Australia and Africa"}', '{"id": "b64d182f-0ee3-40a0-b367-281f31902620", "code": "ORE", "name": "Ore Inc", "is_demo": false, "branding": null, "icon_url": "http://127.0.0.1:54321/storage/v1/object/public/company-icons/b64d182f-0ee3-40a0-b367-281f31902620/icon.png", "created_at": "2025-10-31T02:38:13.143181+00:00", "created_by": "00000000-0000-0000-0000-000000000001", "deleted_at": null, "is_deleted": false, "updated_at": "2025-10-31T02:38:13.143181+00:00", "description": "Global gold mining company with operations across Australia and Africa"}', '{icon_url}', '{"ip": "172.19.0.1", "user_agent": "node", "soft_delete_at": null}', '2025-11-04 23:14:59.489919+00'),
	(257, 'b64d182f-0ee3-40a0-b367-281f31902620', '00000000-0000-0000-0000-000000000001', 'tbikaun+vantage_local@teampps.com.au', 'Tyler Bikaun (Test User)', 'UPDATE', 'companies', 'b64d182f-0ee3-40a0-b367-281f31902620', 'user_action', NULL, NULL, false, '{"id": "b64d182f-0ee3-40a0-b367-281f31902620", "code": "ORE", "name": "Ore Inc", "is_demo": false, "branding": null, "icon_url": "http://127.0.0.1:54321/storage/v1/object/public/company-icons/b64d182f-0ee3-40a0-b367-281f31902620/icon.png", "created_at": "2025-10-31T02:38:13.143181+00:00", "created_by": "00000000-0000-0000-0000-000000000001", "deleted_at": null, "is_deleted": false, "updated_at": "2025-10-31T02:38:13.143181+00:00", "description": "Global gold mining company with operations across Australia and Africa"}', '{"id": "b64d182f-0ee3-40a0-b367-281f31902620", "code": "ORE", "name": "Ore Inc", "is_demo": false, "branding": null, "icon_url": null, "created_at": "2025-10-31T02:38:13.143181+00:00", "created_by": "00000000-0000-0000-0000-000000000001", "deleted_at": null, "is_deleted": false, "updated_at": "2025-10-31T02:38:13.143181+00:00", "description": "Global gold mining company with operations across Australia and Africa"}', '{icon_url}', '{"ip": "172.19.0.1", "user_agent": "node", "soft_delete_at": null}', '2025-11-04 23:15:24.150101+00'),
	(261, 'b64d182f-0ee3-40a0-b367-281f31902620', 'd34835f8-a043-42f9-a376-6aac23cb76ce', 'tbikaun+planner@teampps.com.au', NULL, 'INSERT', 'interview_question_part_responses', '3', 'user_action', NULL, NULL, false, NULL, '{"id": 3, "company_id": "b64d182f-0ee3-40a0-b367-281f31902620", "created_at": "2025-11-04T23:16:37.62367+00:00", "created_by": "d34835f8-a043-42f9-a376-6aac23cb76ce", "deleted_at": null, "is_deleted": false, "updated_at": "2025-11-04T23:16:37.62367+00:00", "answer_value": "5", "question_part_id": 3, "interview_response_id": 24}', '{}', '{"ip": "172.19.0.1", "user_agent": "node", "soft_delete_at": null}', '2025-11-04 23:16:37.62367+00'),
	(262, 'b64d182f-0ee3-40a0-b367-281f31902620', 'd34835f8-a043-42f9-a376-6aac23cb76ce', 'tbikaun+planner@teampps.com.au', NULL, 'UPDATE', 'interview_responses', '24', 'user_action', NULL, NULL, false, '{"id": 24, "comments": null, "company_id": "b64d182f-0ee3-40a0-b367-281f31902620", "created_at": "2025-11-03T00:34:10.637543+00:00", "created_by": "00000000-0000-0000-0000-000000000001", "deleted_at": null, "is_deleted": false, "is_unknown": false, "updated_at": "2025-11-03T00:34:10.637543+00:00", "answered_at": null, "interview_id": 4, "rating_score": null, "score_source": "direct", "is_applicable": true, "questionnaire_question_id": 1}', '{"id": 24, "comments": null, "company_id": "b64d182f-0ee3-40a0-b367-281f31902620", "created_at": "2025-11-03T00:34:10.637543+00:00", "created_by": "00000000-0000-0000-0000-000000000001", "deleted_at": null, "is_deleted": false, "is_unknown": false, "updated_at": "2025-11-04T23:16:37.656+00:00", "answered_at": null, "interview_id": 4, "rating_score": 3, "score_source": "calculated", "is_applicable": true, "questionnaire_question_id": 1}', '{rating_score,score_source}', '{"ip": "172.19.0.1", "user_agent": "node", "soft_delete_at": null}', '2025-11-04 23:16:37.663256+00'),
	(263, 'b64d182f-0ee3-40a0-b367-281f31902620', NULL, NULL, NULL, 'UPDATE', 'interviews', '4', 'user_action', NULL, NULL, false, '{"id": 4, "name": "Individual Interview - 03/11/2025", "notes": null, "due_at": null, "status": "pending", "enabled": true, "company_id": "b64d182f-0ee3-40a0-b367-281f31902620", "created_at": "2025-11-03T00:34:10.597941+00:00", "created_by": "00000000-0000-0000-0000-000000000001", "deleted_at": null, "is_deleted": false, "program_id": null, "updated_at": "2025-11-03T00:34:10.597941+00:00", "access_code": "52217524", "completed_at": null, "assessment_id": 3, "is_individual": true, "interviewee_id": "d34835f8-a043-42f9-a376-6aac23cb76ce", "interviewer_id": "00000000-0000-0000-0000-000000000001", "assigned_role_id": null, "program_phase_id": null, "questionnaire_id": 1, "interview_contact_id": 2}', '{"id": 4, "name": "Individual Interview - 03/11/2025", "notes": null, "due_at": null, "status": "in_progress", "enabled": true, "company_id": "b64d182f-0ee3-40a0-b367-281f31902620", "created_at": "2025-11-03T00:34:10.597941+00:00", "created_by": "00000000-0000-0000-0000-000000000001", "deleted_at": null, "is_deleted": false, "program_id": null, "updated_at": "2025-11-04T23:16:38.081+00:00", "access_code": "52217524", "completed_at": null, "assessment_id": 3, "is_individual": true, "interviewee_id": "d34835f8-a043-42f9-a376-6aac23cb76ce", "interviewer_id": "00000000-0000-0000-0000-000000000001", "assigned_role_id": null, "program_phase_id": null, "questionnaire_id": 1, "interview_contact_id": 2}', '{status}', '{"ip": "172.19.0.1", "user_agent": "node", "soft_delete_at": null}', '2025-11-04 23:16:38.086855+00'),
	(264, 'b64d182f-0ee3-40a0-b367-281f31902620', 'd34835f8-a043-42f9-a376-6aac23cb76ce', 'tbikaun+planner@teampps.com.au', NULL, 'INSERT', 'interview_question_part_responses', '4', 'user_action', NULL, NULL, false, NULL, '{"id": 4, "company_id": "b64d182f-0ee3-40a0-b367-281f31902620", "created_at": "2025-11-04T23:16:47.136849+00:00", "created_by": "d34835f8-a043-42f9-a376-6aac23cb76ce", "deleted_at": null, "is_deleted": false, "updated_at": "2025-11-04T23:16:47.136849+00:00", "answer_value": "None", "question_part_id": 4, "interview_response_id": 25}', '{}', '{"ip": "172.19.0.1", "user_agent": "node", "soft_delete_at": null}', '2025-11-04 23:16:47.136849+00'),
	(265, 'b64d182f-0ee3-40a0-b367-281f31902620', 'd34835f8-a043-42f9-a376-6aac23cb76ce', 'tbikaun+planner@teampps.com.au', NULL, 'INSERT', 'interview_question_part_responses', '5', 'user_action', NULL, NULL, false, NULL, '{"id": 5, "company_id": "b64d182f-0ee3-40a0-b367-281f31902620", "created_at": "2025-11-04T23:16:47.136849+00:00", "created_by": "d34835f8-a043-42f9-a376-6aac23cb76ce", "deleted_at": null, "is_deleted": false, "updated_at": "2025-11-04T23:16:47.136849+00:00", "answer_value": "0", "question_part_id": 5, "interview_response_id": 25}', '{}', '{"ip": "172.19.0.1", "user_agent": "node", "soft_delete_at": null}', '2025-11-04 23:16:47.136849+00'),
	(266, 'b64d182f-0ee3-40a0-b367-281f31902620', 'd34835f8-a043-42f9-a376-6aac23cb76ce', 'tbikaun+planner@teampps.com.au', NULL, 'UPDATE', 'interview_responses', '25', 'user_action', NULL, NULL, false, '{"id": 25, "comments": null, "company_id": "b64d182f-0ee3-40a0-b367-281f31902620", "created_at": "2025-11-03T00:34:10.637543+00:00", "created_by": "00000000-0000-0000-0000-000000000001", "deleted_at": null, "is_deleted": false, "is_unknown": false, "updated_at": "2025-11-03T00:34:10.637543+00:00", "answered_at": null, "interview_id": 4, "rating_score": null, "score_source": "direct", "is_applicable": true, "questionnaire_question_id": 2}', '{"id": 25, "comments": null, "company_id": "b64d182f-0ee3-40a0-b367-281f31902620", "created_at": "2025-11-03T00:34:10.637543+00:00", "created_by": "00000000-0000-0000-0000-000000000001", "deleted_at": null, "is_deleted": false, "is_unknown": false, "updated_at": "2025-11-04T23:16:47.158+00:00", "answered_at": null, "interview_id": 4, "rating_score": 1, "score_source": "calculated", "is_applicable": true, "questionnaire_question_id": 2}', '{rating_score,score_source}', '{"ip": "172.19.0.1", "user_agent": "node", "soft_delete_at": null}', '2025-11-04 23:16:47.163186+00'),
	(267, 'b64d182f-0ee3-40a0-b367-281f31902620', '00000000-0000-0000-0000-000000000001', 'tbikaun+vantage_local@teampps.com.au', 'Tyler Bikaun (Test User)', 'UPDATE', 'sites', '1', 'user_action', NULL, NULL, false, '{"id": 1, "lat": null, "lng": null, "code": "QLD-KCM", "name": "Kangaroo Creek Mine", "region_id": 1, "company_id": "b64d182f-0ee3-40a0-b367-281f31902620", "created_at": "2025-10-31T02:53:11.565464+00:00", "created_by": "00000000-0000-0000-0000-000000000001", "deleted_at": null, "is_deleted": false, "updated_at": "2025-10-31T02:53:11.565464+00:00", "description": "Underground gold mine, 450m depth, 2.5Mtpa capacity"}', '{"id": 1, "lat": -26.808435, "lng": 150.7, "code": "QLD-KCM", "name": "Kangaroo Creek Mine", "region_id": 1, "company_id": "b64d182f-0ee3-40a0-b367-281f31902620", "created_at": "2025-10-31T02:53:11.565464+00:00", "created_by": "00000000-0000-0000-0000-000000000001", "deleted_at": null, "is_deleted": false, "updated_at": "2025-10-31T02:53:11.565464+00:00", "description": "Underground gold mine, 450m depth, 2.5Mtpa capacity"}', '{lat,lng}', '{"ip": "172.19.0.1", "user_agent": "node", "soft_delete_at": null}', '2025-11-04 23:19:00.627638+00'),
	(268, 'b64d182f-0ee3-40a0-b367-281f31902620', '00000000-0000-0000-0000-000000000001', 'tbikaun+vantage_local@teampps.com.au', 'Tyler Bikaun (Test User)', 'UPDATE', 'sites', '2', 'user_action', NULL, NULL, false, '{"id": 2, "lat": null, "lng": null, "code": "WA-RDM", "name": "Red Desert Mine", "region_id": 2, "company_id": "b64d182f-0ee3-40a0-b367-281f31902620", "created_at": "2025-10-31T02:53:15.857757+00:00", "created_by": "00000000-0000-0000-0000-000000000001", "deleted_at": null, "is_deleted": false, "updated_at": "2025-10-31T02:53:15.857757+00:00", "description": "Open-pit operation, heap leach processing, 5Mtpa"}', '{"id": 2, "lat": -24.848123, "lng": 121.152159, "code": "WA-RDM", "name": "Red Desert Mine", "region_id": 2, "company_id": "b64d182f-0ee3-40a0-b367-281f31902620", "created_at": "2025-10-31T02:53:15.857757+00:00", "created_by": "00000000-0000-0000-0000-000000000001", "deleted_at": null, "is_deleted": false, "updated_at": "2025-10-31T02:53:15.857757+00:00", "description": "Open-pit operation, heap leach processing, 5Mtpa"}', '{lat,lng}', '{"ip": "172.19.0.1", "user_agent": "node", "soft_delete_at": null}', '2025-11-04 23:19:27.213263+00'),
	(270, 'b64d182f-0ee3-40a0-b367-281f31902620', '00000000-0000-0000-0000-000000000001', 'tbikaun+vantage_local@teampps.com.au', 'Tyler Bikaun (Test User)', 'UPDATE', 'sites', '4', 'user_action', NULL, NULL, false, '{"id": 4, "lat": null, "lng": null, "code": "", "name": "Sahara Mine", "region_id": 4, "company_id": "b64d182f-0ee3-40a0-b367-281f31902620", "created_at": "2025-10-31T03:30:59.044752+00:00", "created_by": "00000000-0000-0000-0000-000000000001", "deleted_at": null, "is_deleted": false, "updated_at": "2025-10-31T03:30:59.044752+00:00", "description": ""}', '{"id": 4, "lat": 17.600503, "lng": -0.312393, "code": "", "name": "Sahara Mine", "region_id": 4, "company_id": "b64d182f-0ee3-40a0-b367-281f31902620", "created_at": "2025-10-31T03:30:59.044752+00:00", "created_by": "00000000-0000-0000-0000-000000000001", "deleted_at": null, "is_deleted": false, "updated_at": "2025-10-31T03:30:59.044752+00:00", "description": ""}', '{lat,lng}', '{"ip": "172.19.0.1", "user_agent": "node", "soft_delete_at": null}', '2025-11-04 23:20:29.131519+00'),
	(271, 'b64d182f-0ee3-40a0-b367-281f31902620', '00000000-0000-0000-0000-000000000001', 'tbikaun+vantage_local@teampps.com.au', 'Tyler Bikaun (Test User)', 'UPDATE', 'sites', '3', 'user_action', NULL, NULL, false, '{"id": 3, "lat": null, "lng": null, "code": "GH-VGM", "name": "Volta Gold Mine", "region_id": 4, "company_id": "b64d182f-0ee3-40a0-b367-281f31902620", "created_at": "2025-10-31T02:53:17.811837+00:00", "created_by": "00000000-0000-0000-0000-000000000001", "deleted_at": null, "is_deleted": false, "updated_at": "2025-10-31T02:53:17.811837+00:00", "description": "Open-pit and underground combination, 3Mtpa"}', '{"id": 3, "lat": 10.008749, "lng": 7.285286, "code": "GH-VGM", "name": "Volta Gold Mine", "region_id": 4, "company_id": "b64d182f-0ee3-40a0-b367-281f31902620", "created_at": "2025-10-31T02:53:17.811837+00:00", "created_by": "00000000-0000-0000-0000-000000000001", "deleted_at": null, "is_deleted": false, "updated_at": "2025-10-31T02:53:17.811837+00:00", "description": "Open-pit and underground combination, 3Mtpa"}', '{lat,lng}', '{"ip": "172.19.0.1", "user_agent": "node", "soft_delete_at": null}', '2025-11-04 23:20:42.781835+00'),
	(272, 'b64d182f-0ee3-40a0-b367-281f31902620', '00000000-0000-0000-0000-000000000001', 'tbikaun+vantage_local@teampps.com.au', 'Tyler Bikaun (Test User)', 'UPDATE', 'sites', '6', 'user_action', NULL, NULL, false, '{"id": 6, "lat": null, "lng": null, "code": "TZ-KJM", "name": "Kilimanjaro Mine", "region_id": 5, "company_id": "b64d182f-0ee3-40a0-b367-281f31902620", "created_at": "2025-10-31T02:59:54.251234+00:00", "created_by": "00000000-0000-0000-0000-000000000001", "deleted_at": null, "is_deleted": false, "updated_at": "2025-10-31T02:59:54.251234+00:00", "description": "Deep underground operation, 800m depth, 1.5Mtpa"}', '{"id": 6, "lat": -2.90601, "lng": 30.655199, "code": "TZ-KJM", "name": "Kilimanjaro Mine", "region_id": 5, "company_id": "b64d182f-0ee3-40a0-b367-281f31902620", "created_at": "2025-10-31T02:59:54.251234+00:00", "created_by": "00000000-0000-0000-0000-000000000001", "deleted_at": null, "is_deleted": false, "updated_at": "2025-10-31T02:59:54.251234+00:00", "description": "Deep underground operation, 800m depth, 1.5Mtpa"}', '{lat,lng}', '{"ip": "172.19.0.1", "user_agent": "node", "soft_delete_at": null}', '2025-11-04 23:21:02.072737+00'),
	(273, 'b64d182f-0ee3-40a0-b367-281f31902620', '00000000-0000-0000-0000-000000000001', 'tbikaun+vantage_local@teampps.com.au', 'Tyler Bikaun (Test User)', 'UPDATE', 'sites', '7', 'user_action', NULL, NULL, false, '{"id": 7, "lat": null, "lng": null, "code": "", "name": "Bushveld Mine", "region_id": 5, "company_id": "b64d182f-0ee3-40a0-b367-281f31902620", "created_at": "2025-10-31T03:31:13.250913+00:00", "created_by": "00000000-0000-0000-0000-000000000001", "deleted_at": null, "is_deleted": false, "updated_at": "2025-10-31T03:31:13.250913+00:00", "description": ""}', '{"id": 7, "lat": -25.088708, "lng": 27.412401, "code": "", "name": "Bushveld Mine", "region_id": 5, "company_id": "b64d182f-0ee3-40a0-b367-281f31902620", "created_at": "2025-10-31T03:31:13.250913+00:00", "created_by": "00000000-0000-0000-0000-000000000001", "deleted_at": null, "is_deleted": false, "updated_at": "2025-10-31T03:31:13.250913+00:00", "description": ""}', '{lat,lng}', '{"ip": "172.19.0.1", "user_agent": "node", "soft_delete_at": null}', '2025-11-04 23:21:22.488902+00'),
	(274, 'b64d182f-0ee3-40a0-b367-281f31902620', '00000000-0000-0000-0000-000000000001', 'tbikaun+vantage_local@teampps.com.au', 'Tyler Bikaun (Test User)', 'INSERT', 'contacts', '3', 'user_action', NULL, NULL, false, NULL, '{"id": 3, "email": "tbikaun+maintenancesuper@teampps.com.au", "phone": "", "title": "", "full_name": "John Manager", "company_id": "b64d182f-0ee3-40a0-b367-281f31902620", "created_at": "2025-11-04T23:51:15.613443+00:00", "created_by": "00000000-0000-0000-0000-000000000001", "deleted_at": null, "is_deleted": false, "updated_at": "2025-11-04T23:51:15.613443+00:00"}', '{}', '{"ip": "172.19.0.1", "user_agent": "node", "soft_delete_at": null}', '2025-11-04 23:51:15.613443+00');


--
-- Data for Name: business_unit_contacts; Type: TABLE DATA; Schema: public; Owner: postgres
--



--
-- Data for Name: company_contacts; Type: TABLE DATA; Schema: public; Owner: postgres
--



--
-- Data for Name: dashboards; Type: TABLE DATA; Schema: public; Owner: postgres
--

INSERT INTO "public"."dashboards" ("id", "created_at", "updated_at", "created_by", "name", "layout", "company_id", "widgets", "is_deleted", "deleted_at") VALUES
	(1, '2025-10-31 08:08:57.147394+00', '2025-11-04 00:49:58.673+00', '00000000-0000-0000-0000-000000000001', 'My Dashboard', '[{"h": 4, "i": "activity-1762217370116", "w": 3, "x": 0, "y": 0, "maxH": 5, "maxW": 4, "minH": 3, "minW": 2, "moved": false, "static": false}, {"h": 4, "i": "activity-1762217380468", "w": 3, "x": 3, "y": 0, "maxH": 5, "maxW": 4, "minH": 3, "minW": 2, "moved": false, "static": false}, {"h": 4, "i": "activity-1762217391157", "w": 3, "x": 6, "y": 0, "maxH": 5, "maxW": 4, "minH": 3, "minW": 2, "moved": false, "static": false}]', 'b64d182f-0ee3-40a0-b367-281f31902620', '[{"id": "activity-1762217370116", "config": {"entity": {"entityType": "programs"}}, "widgetType": "activity"}, {"id": "activity-1762217380468", "config": {"entity": {"entityType": "interviews"}}, "widgetType": "activity"}, {"id": "activity-1762217391157", "config": {"entity": {"entityType": "assessments"}}, "widgetType": "activity"}]', false, NULL);


--
-- Data for Name: feedback; Type: TABLE DATA; Schema: public; Owner: postgres
--



--
-- Data for Name: shared_roles; Type: TABLE DATA; Schema: public; Owner: postgres
--

INSERT INTO "public"."shared_roles" ("id", "created_at", "updated_at", "name", "description", "created_by", "is_deleted", "deleted_at", "company_id") VALUES
	(181, '2025-08-20 02:25:02.050869+00', '2025-08-20 02:25:02.050869+00', 'Asset Management Director', 'Senior executive responsible for overall asset management strategy and portfolio', NULL, false, NULL, NULL),
	(182, '2025-08-20 02:25:02.312445+00', '2025-08-20 02:25:02.312445+00', 'Maintenance Manager', 'Manages overall maintenance operations, budgets, and strategic planning', NULL, false, NULL, NULL),
	(183, '2025-08-20 02:25:02.568924+00', '2025-08-20 02:25:02.568924+00', 'Operations Manager', 'Oversees daily operations and production activities', NULL, false, NULL, NULL),
	(184, '2025-08-20 02:25:02.845479+00', '2025-08-20 02:25:02.845479+00', 'Mine General Manager', 'Senior executive responsible for overall mine operations and strategic management', NULL, false, NULL, NULL),
	(185, '2025-08-20 02:25:03.120218+00', '2025-08-20 02:25:03.120218+00', 'Maintenance Superintendent', 'Senior management role overseeing maintenance departments and strategies', NULL, false, NULL, NULL),
	(186, '2025-08-20 02:25:03.369241+00', '2025-08-20 02:25:03.369241+00', 'Operations Superintendent', 'Senior management role overseeing operations departments and production strategies', NULL, false, NULL, NULL),
	(187, '2025-08-20 02:25:03.625008+00', '2025-08-20 02:25:03.625008+00', 'Reliability Manager', 'Leads reliability initiatives and asset performance optimisation', NULL, false, NULL, NULL),
	(188, '2025-08-20 02:25:03.884552+00', '2025-08-20 02:25:03.884552+00', 'Maintenance Supervisor', 'Supervises daily maintenance activities and technician teams', NULL, false, NULL, NULL),
	(189, '2025-08-20 02:25:04.149737+00', '2025-08-20 02:25:04.149737+00', 'Operations Supervisor', 'Supervises daily operations and production staff', NULL, false, NULL, NULL),
	(190, '2025-08-20 02:25:04.397368+00', '2025-08-20 02:25:04.397368+00', 'Planning Supervisor', 'Supervises planning activities and coordinates planning team operations', NULL, false, NULL, NULL),
	(191, '2025-08-20 02:25:04.647613+00', '2025-08-20 02:25:04.647613+00', 'Shift Supervisor', 'Manages operations and maintenance activities during specific shifts', NULL, false, NULL, NULL),
	(192, '2025-08-20 02:25:04.902882+00', '2025-08-20 02:25:04.902882+00', 'Area Supervisor', 'Supervises activities within a specific plant area or unit', NULL, false, NULL, NULL),
	(193, '2025-08-20 02:25:05.159542+00', '2025-08-20 02:25:05.159542+00', 'Reliability Engineer', 'Analyses equipment performance and develops reliability improvement strategies', NULL, false, NULL, NULL),
	(194, '2025-08-20 02:25:05.406002+00', '2025-08-20 02:25:05.406002+00', 'Maintenance Engineer', 'Provides technical expertise for maintenance planning and problem-solving', NULL, false, NULL, NULL),
	(195, '2025-08-20 02:25:05.684138+00', '2025-08-20 02:25:05.684138+00', 'Process Engineer', 'Optimises manufacturing processes and equipment performance', NULL, false, NULL, NULL),
	(196, '2025-08-20 02:25:05.929838+00', '2025-08-20 02:25:05.929838+00', 'Continuous Improvement Engineer', 'Develops and implements continuous improvement initiatives and process optimisation', NULL, false, NULL, NULL),
	(197, '2025-08-20 02:25:06.179119+00', '2025-08-20 02:25:06.179119+00', 'Mechanical Engineer', 'Specialises in mechanical systems design, analysis, and maintenance', NULL, false, NULL, NULL),
	(198, '2025-08-20 02:25:06.44759+00', '2025-08-20 02:25:06.44759+00', 'Electrical Engineer', 'Handles electrical systems design, maintenance, and troubleshooting', NULL, false, NULL, NULL),
	(199, '2025-08-20 02:25:06.705179+00', '2025-08-20 02:25:06.705179+00', 'Instrumentation Engineer', 'Manages control systems, instrumentation, and automation equipment', NULL, false, NULL, NULL),
	(200, '2025-08-20 02:25:06.995063+00', '2025-08-20 02:25:06.995063+00', 'Maintenance Planner', 'Plans and schedules maintenance activities and resource allocation', NULL, false, NULL, NULL),
	(201, '2025-08-20 02:25:07.245194+00', '2025-08-20 02:25:07.245194+00', 'Planner', 'Develops detailed work plans and resource requirements for maintenance tasks', NULL, false, NULL, NULL),
	(202, '2025-08-20 02:25:07.502739+00', '2025-08-20 02:25:07.502739+00', 'Scheduler', 'Coordinates timing and sequencing of maintenance and operations activities', NULL, false, NULL, NULL),
	(203, '2025-08-20 02:25:07.75589+00', '2025-08-20 02:25:07.75589+00', 'Work Order Coordinator', 'Manages work order processes and coordinates between departments', NULL, false, NULL, NULL),
	(204, '2025-08-20 02:25:08.005198+00', '2025-08-20 02:25:08.005198+00', 'Maintenance Coordinator', 'Coordinates maintenance activities and resources across departments', NULL, false, NULL, NULL),
	(205, '2025-08-20 02:25:08.255824+00', '2025-08-20 02:25:08.255824+00', 'Process Asset Manager', 'Manages process-related assets and optimises asset performance within production processes', NULL, false, NULL, NULL),
	(206, '2025-08-20 02:25:08.502396+00', '2025-08-20 02:25:08.502396+00', 'Continuous Improvement Reviewer', 'Reviews and evaluates continuous improvement initiatives and their effectiveness', NULL, false, NULL, NULL),
	(207, '2025-08-20 02:25:08.748416+00', '2025-08-20 02:25:08.748416+00', 'Maintenance Technician', 'Performs hands-on maintenance, repairs, and preventive maintenance tasks', NULL, false, NULL, NULL),
	(208, '2025-08-20 02:25:09.007388+00', '2025-08-20 02:25:09.007388+00', 'Maintainer', 'General maintenance worker performing various repair and upkeep tasks', NULL, false, NULL, NULL),
	(209, '2025-08-20 02:25:09.286773+00', '2025-08-20 02:25:09.286773+00', 'Mechanic', 'Specialises in mechanical equipment repair and maintenance', NULL, false, NULL, NULL),
	(210, '2025-08-20 02:25:09.5472+00', '2025-08-20 02:25:09.5472+00', 'Electrician', 'Performs electrical installation, maintenance, and repair work', NULL, false, NULL, NULL),
	(211, '2025-08-20 02:25:09.82639+00', '2025-08-20 02:25:09.82639+00', 'Instrumentation Technician', 'Maintains and calibrates control instruments and automation systems', NULL, false, NULL, NULL),
	(212, '2025-08-20 02:25:10.131623+00', '2025-08-20 02:25:10.131623+00', 'Process Operator', 'Operates production equipment and monitors process parameters', NULL, false, NULL, NULL),
	(213, '2025-08-20 02:25:10.386786+00', '2025-08-20 02:25:10.386786+00', 'Equipment Operator', 'Operates specific types of machinery or equipment', NULL, false, NULL, NULL),
	(214, '2025-08-20 02:25:10.63348+00', '2025-08-20 02:25:10.63348+00', 'Operator', 'General equipment operator responsible for running production systems', NULL, false, NULL, NULL),
	(215, '2025-08-20 02:25:10.881644+00', '2025-08-20 02:25:10.881644+00', 'Vibration Analyst', 'Specialises in vibration analysis for predictive maintenance programs', NULL, false, NULL, NULL),
	(216, '2025-08-20 02:25:11.131533+00', '2025-08-20 02:25:11.131533+00', 'Lubrication Specialist', 'Manages lubrication programs and oil analysis activities', NULL, false, NULL, NULL),
	(217, '2025-08-20 02:25:11.382388+00', '2025-08-20 02:25:11.382388+00', 'Predictive Maintenance Technician', 'Performs condition monitoring and predictive maintenance techniques', NULL, false, NULL, NULL),
	(218, '2025-08-20 02:25:11.628371+00', '2025-08-20 02:25:11.628371+00', 'Condition Monitoring Specialist', 'Monitors equipment condition using various diagnostic techniques', NULL, false, NULL, NULL),
	(219, '2025-08-20 02:25:11.93062+00', '2025-08-20 02:25:11.93062+00', 'Thermographer', 'Uses thermal imaging for equipment condition assessment', NULL, false, NULL, NULL),
	(220, '2025-08-20 02:25:12.172878+00', '2025-08-20 02:25:12.172878+00', 'Safety Officer', 'Ensures compliance with safety regulations and promotes safe work practices', NULL, false, NULL, NULL),
	(221, '2025-08-20 02:25:12.435826+00', '2025-08-20 02:25:12.435826+00', 'Environmental Officer', 'Manages environmental compliance and sustainability initiatives', NULL, false, NULL, NULL),
	(222, '2025-08-20 02:25:12.756285+00', '2025-08-20 02:25:12.756285+00', 'Quality Inspector', 'Inspects products and processes to ensure quality standards', NULL, false, NULL, NULL),
	(223, '2025-08-20 02:25:13.0146+00', '2025-08-20 02:25:13.0146+00', 'Training Coordinator', 'Develops and coordinates training programs for operations and maintenance staff', NULL, false, NULL, NULL),
	(224, '2025-08-20 02:25:13.271534+00', '2025-08-20 02:25:13.271534+00', 'Auditor', 'Conducts audits of processes, procedures, and compliance activities', NULL, false, NULL, NULL),
	(225, '2025-08-20 02:25:13.520626+00', '2025-08-20 02:25:13.520626+00', 'Asset Performance Analyst', 'Analyses asset performance data and generates improvement recommendations', NULL, false, NULL, NULL),
	(226, '2025-08-20 02:25:13.766496+00', '2025-08-20 02:25:13.766496+00', 'CMMS Administrator', 'Manages computerised maintenance management systems and data integrity', NULL, false, NULL, NULL),
	(227, '2025-08-20 02:25:14.016713+00', '2025-08-20 02:25:14.016713+00', 'Materials Coordinator', 'Manages spare parts inventory and procurement for maintenance activities', NULL, false, NULL, NULL),
	(228, '2025-08-20 02:25:14.276559+00', '2025-08-20 02:25:14.276559+00', 'Contractor Coordinator', 'Manages external contractors and vendor relationships for maintenance work', NULL, false, NULL, NULL),
	(229, '2025-08-20 02:25:14.538165+00', '2025-08-20 02:25:14.538165+00', 'Shutdown Coordinator', 'Plans and coordinates major maintenance shutdowns and turnarounds', NULL, false, NULL, NULL),
	(230, '2025-08-20 02:25:14.786157+00', '2025-08-20 02:25:14.786157+00', 'Planning and Reliability Superintendent', 'Oversees maintenance planning strategies and reliability programs to optimize asset performance and equipment uptime', NULL, false, NULL, NULL),
	(231, '2025-08-20 02:25:14.786157+00', '2025-08-20 02:25:14.786157+00', 'Heavy Diesel Fitter', 'Performs mechanical repairs on heavy mobile equipment', NULL, false, NULL, NULL),
	(232, '2025-08-20 02:25:14.786157+00', '2025-08-20 02:25:14.786157+00', 'Auto Electrician', 'Maintains and repairs electrical systems on mobile equipment', NULL, false, NULL, NULL),
	(233, '2025-08-20 02:25:14.786157+00', '2025-08-20 02:25:14.786157+00', 'Production Superintendent', 'Manages production targets and operational efficiency', NULL, false, NULL, NULL);


--
-- Data for Name: work_groups; Type: TABLE DATA; Schema: public; Owner: postgres
--

INSERT INTO "public"."work_groups" ("id", "created_at", "updated_at", "created_by", "name", "description", "code", "company_id", "is_deleted", "deleted_at", "asset_group_id") VALUES
	(1, '2025-10-31 03:01:19.023502+00', '2025-10-31 03:01:19.023502+00', '00000000-0000-0000-0000-000000000001', 'Maintenance', 'Preventive and corrective maintenance for mobile fleet', 'HME-MAINT', 'b64d182f-0ee3-40a0-b367-281f31902620', false, NULL, 1),
	(2, '2025-10-31 03:01:20.04558+00', '2025-10-31 03:01:20.04558+00', '00000000-0000-0000-0000-000000000001', 'Operations', 'Equipment operation and production execution', 'HME-OPS', 'b64d182f-0ee3-40a0-b367-281f31902620', false, NULL, 1),
	(3, '2025-10-31 03:01:20.587614+00', '2025-10-31 03:01:20.587614+00', '00000000-0000-0000-0000-000000000001', 'Planning', 'Maintenance planning, scheduling, and parts management', 'HME-PLAN', 'b64d182f-0ee3-40a0-b367-281f31902620', false, NULL, 1),
	(4, '2025-10-31 03:25:14.722434+00', '2025-10-31 03:25:14.722434+00', '00000000-0000-0000-0000-000000000001', 'Process Operations', 'Operates processing plant and recovery circuits', 'FPP-OPS', 'b64d182f-0ee3-40a0-b367-281f31902620', false, NULL, 2),
	(5, '2025-10-31 03:25:24.094601+00', '2025-10-31 03:25:24.094601+00', '00000000-0000-0000-0000-000000000001', 'Process Maintenance', 'FPP-MAINT', 'Maintains fixed plant equipment and infrastructure', 'b64d182f-0ee3-40a0-b367-281f31902620', false, NULL, 2),
	(6, '2025-10-31 03:26:17.473978+00', '2025-10-31 03:26:17.473978+00', '00000000-0000-0000-0000-000000000001', 'Development Operations', 'Underground development and production mining', 'UGD-OPS', 'b64d182f-0ee3-40a0-b367-281f31902620', false, NULL, 9),
	(7, '2025-10-31 03:26:18.179985+00', '2025-10-31 03:26:18.179985+00', '00000000-0000-0000-0000-000000000001', 'Ground Support', 'Rock mechanics and ground stabilization', 'UGD-GROUND', 'b64d182f-0ee3-40a0-b367-281f31902620', false, NULL, 9),
	(8, '2025-10-31 03:27:00.218223+00', '2025-10-31 03:27:00.218223+00', '00000000-0000-0000-0000-000000000001', 'Services Operations', 'Maintains critical mine services and infrastructure', 'MSI-OPS', 'b64d182f-0ee3-40a0-b367-281f31902620', false, NULL, 10),
	(9, '2025-10-31 03:27:01.273587+00', '2025-10-31 03:27:01.273587+00', '00000000-0000-0000-0000-000000000001', 'Electrical & Instrumentation', 'Power distribution and control systems', 'MSI-ELEC', 'b64d182f-0ee3-40a0-b367-281f31902620', false, NULL, 10);


--
-- Data for Name: roles; Type: TABLE DATA; Schema: public; Owner: postgres
--

INSERT INTO "public"."roles" ("id", "created_at", "updated_at", "created_by", "code", "company_id", "shared_role_id", "is_deleted", "deleted_at", "level", "work_group_id", "reports_to_role_id") VALUES
	(1, '2025-10-31 03:11:32.703477+00', '2025-10-31 03:11:32.703477+00', '00000000-0000-0000-0000-000000000001', NULL, 'b64d182f-0ee3-40a0-b367-281f31902620', 230, false, NULL, 'supervisor', 3, NULL),
	(2, '2025-10-31 03:11:50.423296+00', '2025-10-31 03:11:50.423296+00', '00000000-0000-0000-0000-000000000001', NULL, 'b64d182f-0ee3-40a0-b367-281f31902620', 201, false, NULL, 'professional', 3, 1),
	(3, '2025-10-31 03:11:59.215436+00', '2025-10-31 03:11:59.215436+00', '00000000-0000-0000-0000-000000000001', NULL, 'b64d182f-0ee3-40a0-b367-281f31902620', 202, false, NULL, 'professional', 3, 1),
	(4, '2025-10-31 03:20:54.778239+00', '2025-10-31 03:20:54.778239+00', '00000000-0000-0000-0000-000000000001', NULL, 'b64d182f-0ee3-40a0-b367-281f31902620', 185, false, NULL, 'supervisor', 1, NULL),
	(5, '2025-10-31 03:21:06.878918+00', '2025-10-31 03:21:06.878918+00', '00000000-0000-0000-0000-000000000001', NULL, 'b64d182f-0ee3-40a0-b367-281f31902620', 188, false, NULL, 'supervisor', 1, 4),
	(6, '2025-10-31 04:55:43.642373+00', '2025-10-31 04:55:43.642373+00', '00000000-0000-0000-0000-000000000001', NULL, 'b64d182f-0ee3-40a0-b367-281f31902620', 207, false, NULL, 'technician', 1, 4),
	(7, '2025-10-31 03:24:41.796011+00', '2025-10-31 03:24:41.796011+00', '00000000-0000-0000-0000-000000000001', NULL, 'b64d182f-0ee3-40a0-b367-281f31902620', 193, false, NULL, 'specialist', 3, 1);


--
-- Data for Name: interviews; Type: TABLE DATA; Schema: public; Owner: postgres
--

INSERT INTO "public"."interviews" ("id", "created_at", "updated_at", "created_by", "interviewer_id", "assessment_id", "notes", "name", "is_individual", "access_code", "assigned_role_id", "enabled", "is_deleted", "deleted_at", "status", "program_id", "questionnaire_id", "company_id", "interview_contact_id", "program_phase_id", "interviewee_id", "due_at", "completed_at") VALUES
	(1, '2025-10-31 05:32:42.685577+00', '2025-10-31 05:32:42.685577+00', '00000000-0000-0000-0000-000000000001', '00000000-0000-0000-0000-000000000001', 1, NULL, 'onsite Interview - Phase 1', true, '8807a347', NULL, true, false, NULL, 'pending', 1, 1, 'b64d182f-0ee3-40a0-b367-281f31902620', 2, 1, 'd34835f8-a043-42f9-a376-6aac23cb76ce', NULL, NULL),
	(2, '2025-10-31 05:32:51.563903+00', '2025-10-31 05:32:51.563903+00', '00000000-0000-0000-0000-000000000001', '00000000-0000-0000-0000-000000000001', 1, NULL, 'onsite Interview - Group', false, NULL, NULL, true, false, NULL, 'pending', 1, 1, 'b64d182f-0ee3-40a0-b367-281f31902620', NULL, 1, NULL, NULL, NULL),
	(3, '2025-10-31 08:11:45.311254+00', '2025-10-31 08:11:45.311254+00', '00000000-0000-0000-0000-000000000001', '00000000-0000-0000-0000-000000000001', 2, NULL, 'Individual Interview - 31/10/2025', true, 'cca39c29', NULL, true, false, NULL, 'pending', NULL, 2, 'b64d182f-0ee3-40a0-b367-281f31902620', 1, NULL, 'd5f1252a-9d56-47f8-98cf-f6f34914bb6c', NULL, NULL),
	(4, '2025-11-03 00:34:10.597941+00', '2025-11-04 23:16:38.081+00', '00000000-0000-0000-0000-000000000001', '00000000-0000-0000-0000-000000000001', 3, NULL, 'Individual Interview - 03/11/2025', true, '52217524', NULL, true, false, NULL, 'in_progress', NULL, 1, 'b64d182f-0ee3-40a0-b367-281f31902620', 2, NULL, 'd34835f8-a043-42f9-a376-6aac23cb76ce', NULL, NULL);


--
-- Data for Name: questionnaire_sections; Type: TABLE DATA; Schema: public; Owner: postgres
--

INSERT INTO "public"."questionnaire_sections" ("id", "created_at", "updated_at", "questionnaire_id", "title", "order_index", "expanded", "created_by", "is_deleted", "deleted_at", "company_id") VALUES
	(1, '2025-10-31 03:42:17.684916+00', '2025-10-31 03:42:17.684916+00', 1, 'Planning & Scheduling Effectiveness', 1, true, '00000000-0000-0000-0000-000000000001', false, NULL, 'b64d182f-0ee3-40a0-b367-281f31902620'),
	(2, '2025-10-31 03:42:25.926346+00', '2025-10-31 03:42:25.926346+00', 1, 'Resource Coordination', 2, true, '00000000-0000-0000-0000-000000000001', false, NULL, 'b64d182f-0ee3-40a0-b367-281f31902620'),
	(3, '2025-10-31 03:42:37.10649+00', '2025-10-31 03:42:37.10649+00', 1, 'Risk & Compliance', 3, true, '00000000-0000-0000-0000-000000000001', false, NULL, 'b64d182f-0ee3-40a0-b367-281f31902620'),
	(4, '2025-10-31 03:42:44.351129+00', '2025-10-31 03:42:44.351129+00', 1, 'Communication & Support', 4, true, '00000000-0000-0000-0000-000000000001', false, NULL, 'b64d182f-0ee3-40a0-b367-281f31902620'),
	(5, '2025-10-31 03:42:54.386878+00', '2025-10-31 03:42:54.386878+00', 1, 'Improvement & Outlook', 5, true, '00000000-0000-0000-0000-000000000001', false, NULL, 'b64d182f-0ee3-40a0-b367-281f31902620'),
	(6, '2025-10-31 08:02:31.663964+00', '2025-10-31 08:02:41.157+00', 2, 'Test Section', 1, true, '00000000-0000-0000-0000-000000000001', false, NULL, 'b64d182f-0ee3-40a0-b367-281f31902620'),
	(7, '2025-11-04 00:16:21.084422+00', '2025-11-04 00:16:21.084422+00', 3, 'Leadership & Governance', 1, true, '00000000-0000-0000-0000-000000000001', false, NULL, 'b64d182f-0ee3-40a0-b367-281f31902620'),
	(8, '2025-11-04 00:19:56.250646+00', '2025-11-04 00:19:56.250646+00', 3, 'Risk Management', 2, true, '00000000-0000-0000-0000-000000000001', false, NULL, 'b64d182f-0ee3-40a0-b367-281f31902620'),
	(9, '2025-11-04 00:21:59.523029+00', '2025-11-04 00:21:59.523029+00', 3, 'Asset Information Management', 3, true, '00000000-0000-0000-0000-000000000001', false, NULL, 'b64d182f-0ee3-40a0-b367-281f31902620'),
	(10, '2025-11-04 00:24:23.489924+00', '2025-11-04 00:24:23.489924+00', 3, 'Lifecycle Management', 4, true, '00000000-0000-0000-0000-000000000001', false, NULL, 'b64d182f-0ee3-40a0-b367-281f31902620'),
	(11, '2025-11-04 00:26:39.21624+00', '2025-11-04 00:26:39.21624+00', 3, 'Performance Management', 5, true, '00000000-0000-0000-0000-000000000001', false, NULL, 'b64d182f-0ee3-40a0-b367-281f31902620'),
	(12, '2025-11-04 00:28:23.829554+00', '2025-11-04 00:28:23.829554+00', 3, 'Organizational Capability', 6, true, '00000000-0000-0000-0000-000000000001', false, NULL, 'b64d182f-0ee3-40a0-b367-281f31902620'),
	(13, '2025-11-04 00:31:47.99096+00', '2025-11-04 00:31:47.99096+00', 3, 'Continuous Improvement', 7, true, '00000000-0000-0000-0000-000000000001', false, NULL, 'b64d182f-0ee3-40a0-b367-281f31902620');


--
-- Data for Name: questionnaire_steps; Type: TABLE DATA; Schema: public; Owner: postgres
--

INSERT INTO "public"."questionnaire_steps" ("id", "created_at", "updated_at", "title", "order_index", "expanded", "questionnaire_section_id", "created_by", "deleted_at", "is_deleted", "questionnaire_id", "company_id") VALUES
	(1, '2025-10-31 03:43:04.188499+00', '2025-10-31 03:43:04.188499+00', 'Workload Assessment', 1, true, 1, '00000000-0000-0000-0000-000000000001', NULL, false, 1, 'b64d182f-0ee3-40a0-b367-281f31902620'),
	(2, '2025-10-31 03:44:15.218787+00', '2025-10-31 03:44:15.218787+00', 'Planning Quality', 2, true, 1, '00000000-0000-0000-0000-000000000001', NULL, false, 1, 'b64d182f-0ee3-40a0-b367-281f31902620'),
	(3, '2025-10-31 03:44:28.098284+00', '2025-10-31 03:44:28.098284+00', 'Resource Availability', 1, true, 2, '00000000-0000-0000-0000-000000000001', NULL, false, 1, 'b64d182f-0ee3-40a0-b367-281f31902620'),
	(4, '2025-10-31 03:44:39.496052+00', '2025-10-31 03:44:39.496052+00', 'Contractor Management', 2, true, 2, '00000000-0000-0000-0000-000000000001', NULL, false, 1, 'b64d182f-0ee3-40a0-b367-281f31902620'),
	(5, '2025-10-31 03:44:52.724659+00', '2025-10-31 03:44:52.724659+00', 'Safety & Compliance', 1, true, 3, '00000000-0000-0000-0000-000000000001', NULL, false, 1, 'b64d182f-0ee3-40a0-b367-281f31902620'),
	(6, '2025-10-31 03:44:59.565723+00', '2025-10-31 03:44:59.565723+00', 'Critical Asset Focus', 2, true, 3, '00000000-0000-0000-0000-000000000001', NULL, false, 1, 'b64d182f-0ee3-40a0-b367-281f31902620'),
	(7, '2025-10-31 03:45:06.092177+00', '2025-10-31 03:45:06.092177+00', 'Stakeholder Interaction', 1, true, 4, '00000000-0000-0000-0000-000000000001', NULL, false, 1, 'b64d182f-0ee3-40a0-b367-281f31902620'),
	(8, '2025-10-31 03:45:12.168712+00', '2025-10-31 03:45:12.168712+00', 'System & Tools', 2, true, 4, '00000000-0000-0000-0000-000000000001', NULL, false, 1, 'b64d182f-0ee3-40a0-b367-281f31902620'),
	(9, '2025-10-31 03:45:17.626935+00', '2025-10-31 03:45:17.626935+00', 'Continuous Improvement', 1, true, 5, '00000000-0000-0000-0000-000000000001', NULL, false, 1, 'b64d182f-0ee3-40a0-b367-281f31902620'),
	(10, '2025-10-31 03:45:22.704217+00', '2025-10-31 03:45:22.704217+00', 'Next Week Preparation', 2, true, 5, '00000000-0000-0000-0000-000000000001', NULL, false, 1, 'b64d182f-0ee3-40a0-b367-281f31902620'),
	(11, '2025-10-31 08:02:46.534681+00', '2025-10-31 08:02:46.534681+00', 'Test Step', 1, true, 6, '00000000-0000-0000-0000-000000000001', NULL, false, 2, 'b64d182f-0ee3-40a0-b367-281f31902620'),
	(12, '2025-11-04 00:16:28.44497+00', '2025-11-04 00:16:28.44497+00', 'Asset Management Policy & Strategy', 1, true, 7, '00000000-0000-0000-0000-000000000001', NULL, false, 3, 'b64d182f-0ee3-40a0-b367-281f31902620'),
	(13, '2025-11-04 00:20:02.659717+00', '2025-11-04 00:20:02.659717+00', 'Risk Assessment & Management', 1, true, 8, '00000000-0000-0000-0000-000000000001', NULL, false, 3, 'b64d182f-0ee3-40a0-b367-281f31902620'),
	(14, '2025-11-04 00:22:07.646705+00', '2025-11-04 00:22:07.646705+00', 'Data Quality & Systems', 1, true, 9, '00000000-0000-0000-0000-000000000001', NULL, false, 3, 'b64d182f-0ee3-40a0-b367-281f31902620'),
	(15, '2025-11-04 00:24:30.206745+00', '2025-11-04 00:24:30.206745+00', 'Asset Lifecycle Planning', 1, true, 10, '00000000-0000-0000-0000-000000000001', NULL, false, 3, 'b64d182f-0ee3-40a0-b367-281f31902620'),
	(16, '2025-11-04 00:26:47.364567+00', '2025-11-04 00:26:47.364567+00', 'KPIs and Monitoring', 1, true, 11, '00000000-0000-0000-0000-000000000001', NULL, false, 3, 'b64d182f-0ee3-40a0-b367-281f31902620'),
	(17, '2025-11-04 00:28:34.697049+00', '2025-11-04 00:28:34.697049+00', 'Competence & Training', 1, true, 12, '00000000-0000-0000-0000-000000000001', NULL, false, 3, 'b64d182f-0ee3-40a0-b367-281f31902620'),
	(18, '2025-11-04 00:30:26.288153+00', '2025-11-04 00:30:26.288153+00', 'Organizational Culture', 2, true, 12, '00000000-0000-0000-0000-000000000001', NULL, false, 3, 'b64d182f-0ee3-40a0-b367-281f31902620'),
	(19, '2025-11-04 00:31:54.871063+00', '2025-11-04 00:31:54.871063+00', 'Improvement Processes', 1, true, 13, '00000000-0000-0000-0000-000000000001', NULL, false, 3, 'b64d182f-0ee3-40a0-b367-281f31902620'),
	(20, '2025-11-04 00:33:41.024961+00', '2025-11-04 00:33:41.024961+00', 'Audit & Compliance', 2, true, 13, '00000000-0000-0000-0000-000000000001', NULL, false, 3, 'b64d182f-0ee3-40a0-b367-281f31902620');


--
-- Data for Name: questionnaire_questions; Type: TABLE DATA; Schema: public; Owner: postgres
--

INSERT INTO "public"."questionnaire_questions" ("id", "created_at", "updated_at", "questionnaire_step_id", "question_text", "context", "order_index", "created_by", "title", "is_deleted", "deleted_at", "questionnaire_id", "company_id", "rating_scale_mapping") VALUES
	(1, '2025-10-31 03:43:19.193059+00', '2025-10-31 03:50:58.339+00', 1, '', 'This helps us understand if workload is sustainable and identify when additional resources or prioritization changes are needed. Be honest about capacity - overload leads to quality issues downstream.', 1, '00000000-0000-0000-0000-000000000001', 'How would you rate your current workload management?', false, NULL, 1, 'b64d182f-0ee3-40a0-b367-281f31902620', '{"version": "weighted", "partScoring": {"1": [{"max": 50, "min": 0, "level": 5}, {"max": 100, "min": 51, "level": 4}, {"max": 150, "min": 101, "level": 3}, {"max": 200, "min": 151, "level": 2}, {"max": 250, "min": 201, "level": 1}], "2": [{"max": 19.99, "min": 0, "level": 1}, {"max": 39.99, "min": 20, "level": 2}, {"max": 59.99, "min": 40, "level": 3}, {"max": 79.99, "min": 60, "level": 4}, {"max": 100, "min": 80, "level": 5}], "3": [{"max": 1.79, "min": 1, "level": 1}, {"max": 2.59, "min": 1.8, "level": 2}, {"max": 3.39, "min": 2.6, "level": 3}, {"max": 4.19, "min": 3.4, "level": 4}, {"max": 5, "min": 4.2, "level": 5}]}}'),
	(2, '2025-10-31 03:44:01.709457+00', '2025-10-31 04:02:19.786+00', 1, '', 'Understanding recurring obstacles helps management remove systemic barriers. Focus on issues outside your direct control that impacted your ability to create effective schedules.', 2, '00000000-0000-0000-0000-000000000001', 'What scheduling challenges did you face?', false, NULL, 1, 'b64d182f-0ee3-40a0-b367-281f31902620', '{"version": "weighted", "partScoring": {"4": {"None": 1, "Other": 5, "Weather": 4, "Parts/Materials": 2, "Equipment access": 3, "Labor availability": 2, "Permit/Documentation": 4}, "5": [{"max": 19.99, "min": 0, "level": 1}, {"max": 39.99, "min": 20, "level": 2}, {"max": 59.99, "min": 40, "level": 3}, {"max": 79.99, "min": 60, "level": 4}, {"max": 100, "min": 80, "level": 5}]}}'),
	(3, '2025-10-31 03:44:20.934404+00', '2025-10-31 04:02:55.244+00', 2, '', 'This measures planning accuracy, not execution. Good planning means crews had clear instructions, correct materials, and realistic time estimates. This helps identify if we need better job history data or planning standards.', 1, '00000000-0000-0000-0000-000000000001', 'How effective was your job planning this week?', false, NULL, 1, 'b64d182f-0ee3-40a0-b367-281f31902620', '{"version": "weighted", "partScoring": {"6": [{"max": 19.99, "min": 0, "level": 1}, {"max": 39.99, "min": 20, "level": 2}, {"max": 59.99, "min": 40, "level": 3}, {"max": 79.99, "min": 60, "level": 4}, {"max": 100, "min": 80, "level": 5}], "7": [{"max": 199.79, "min": 0, "level": 1}, {"max": 399.59, "min": 199.8, "level": 2}, {"max": 599.39, "min": 399.6, "level": 3}, {"max": 799.19, "min": 599.4, "level": 4}, {"max": 999, "min": 799.2, "level": 5}], "8": [{"max": 1.79, "min": 1, "level": 1}, {"max": 2.59, "min": 1.8, "level": 2}, {"max": 3.39, "min": 2.6, "level": 3}, {"max": 4.19, "min": 3.4, "level": 4}, {"max": 5, "min": 4.2, "level": 5}]}}'),
	(4, '2025-10-31 03:44:34.041204+00', '2025-10-31 04:03:35.908+00', 3, '', 'Identifies gaps between what''s needed vs. available. This data supports business cases for resources and helps optimize allocation. Consider both human resources and physical assets.', 1, '00000000-0000-0000-0000-000000000001', 'Rate your resource coordination success', false, NULL, 1, 'b64d182f-0ee3-40a0-b367-281f31902620', '{"version": "weighted", "partScoring": {"9": [{"max": 19.99, "min": 0, "level": 1}, {"max": 39.99, "min": 20, "level": 2}, {"max": 59.99, "min": 40, "level": 3}, {"max": 79.99, "min": 60, "level": 4}, {"max": 100, "min": 80, "level": 5}], "10": [{"max": 19.79, "min": 0, "level": 1}, {"max": 39.59, "min": 19.8, "level": 2}, {"max": 59.39, "min": 39.6, "level": 3}, {"max": 79.19, "min": 59.4, "level": 4}, {"max": 99, "min": 79.2, "level": 5}], "11": [{"max": 19.79, "min": 0, "level": 1}, {"max": 39.59, "min": 19.8, "level": 2}, {"max": 59.39, "min": 39.6, "level": 3}, {"max": 79.19, "min": 59.4, "level": 4}, {"max": 99, "min": 79.2, "level": 5}]}}'),
	(5, '2025-10-31 03:44:45.058905+00', '2025-10-31 04:04:02.018+00', 4, '', 'Contractor work often represents significant spend and critical path items. Early identification of contractor issues prevents schedule slippage and budget overruns. Skip if no contractor work this week.', 1, '00000000-0000-0000-0000-000000000001', 'If applicable, how smooth was contractor coordination?', false, NULL, 1, 'b64d182f-0ee3-40a0-b367-281f31902620', '{"version": "weighted", "partScoring": {"12": [{"max": 19.79, "min": 0, "level": 1}, {"max": 39.59, "min": 19.8, "level": 2}, {"max": 59.39, "min": 39.6, "level": 3}, {"max": 79.19, "min": 59.4, "level": 4}, {"max": 99, "min": 79.2, "level": 5}], "13": [{"max": 1.79, "min": 1, "level": 1}, {"max": 2.59, "min": 1.8, "level": 2}, {"max": 3.39, "min": 2.6, "level": 3}, {"max": 4.19, "min": 3.4, "level": 4}, {"max": 5, "min": 4.2, "level": 5}]}}'),
	(6, '2025-10-31 03:46:35.486237+00', '2025-10-31 04:04:29.554+00', 5, '', 'Safety is our top priority. This ensures we''re not rushing planning at the expense of proper safety preparation. Include permits, isolations, confined space requirements, etc. Honest reporting prevents incidents.', 1, '00000000-0000-0000-0000-000000000001', 'Were all safety requirements met in planning?', false, NULL, 1, 'b64d182f-0ee3-40a0-b367-281f31902620', '{"version": "weighted", "partScoring": {"14": [{"max": 199.79, "min": 0, "level": 1}, {"max": 399.59, "min": 199.8, "level": 2}, {"max": 599.39, "min": 399.6, "level": 3}, {"max": 799.19, "min": 599.4, "level": 4}, {"max": 999, "min": 799.2, "level": 5}], "15": {"true": 5, "false": 1}, "16": [{"max": 19.99, "min": 0, "level": 1}, {"max": 39.99, "min": 20, "level": 2}, {"max": 59.99, "min": 40, "level": 3}, {"max": 79.99, "min": 60, "level": 4}, {"max": 100, "min": 80, "level": 5}]}}'),
	(7, '2025-10-31 03:46:56.157748+00', '2025-10-31 04:04:44.406+00', 6, '', 'Ensures we''re protecting revenue-generating and safety-critical equipment. Your planning should reflect asset criticality rankings. This helps validate if our criticality assignments align with planning reality.', 1, '00000000-0000-0000-0000-000000000001', 'How well did you prioritize critical assets?', false, NULL, 1, 'b64d182f-0ee3-40a0-b367-281f31902620', '{"version": "weighted", "partScoring": {"17": [{"max": 19.99, "min": 0, "level": 1}, {"max": 39.99, "min": 20, "level": 2}, {"max": 59.99, "min": 40, "level": 3}, {"max": 79.99, "min": 60, "level": 4}, {"max": 100, "min": 80, "level": 5}], "18": {"true": 5, "false": 1}}}'),
	(8, '2025-10-31 03:47:09.08131+00', '2025-10-31 04:05:17.118+00', 7, '', 'Good planning means nothing without good communication. This identifies if information flows are working both ways - from operations to planning and from planning to execution. Consider formal and informal channels.', 1, '00000000-0000-0000-0000-000000000001', 'Rate this week''s communication effectiveness', false, NULL, 1, 'b64d182f-0ee3-40a0-b367-281f31902620', '{"version": "weighted", "partScoring": {"19": [{"max": 1.79, "min": 1, "level": 1}, {"max": 2.59, "min": 1.8, "level": 2}, {"max": 3.39, "min": 2.6, "level": 3}, {"max": 4.19, "min": 3.4, "level": 4}, {"max": 5, "min": 4.2, "level": 5}], "20": [{"max": 1.79, "min": 1, "level": 1}, {"max": 2.59, "min": 1.8, "level": 2}, {"max": 3.39, "min": 2.6, "level": 3}, {"max": 4.19, "min": 3.4, "level": 4}, {"max": 5, "min": 4.2, "level": 5}], "21": [{"max": 19.79, "min": 0, "level": 1}, {"max": 39.59, "min": 19.8, "level": 2}, {"max": 59.39, "min": 39.6, "level": 3}, {"max": 79.19, "min": 59.4, "level": 4}, {"max": 99, "min": 79.2, "level": 5}]}}'),
	(9, '2025-10-31 03:47:25.431594+00', '2025-10-31 04:05:39.564+00', 8, '', 'Identifies if technology is enabling or hindering your work. Include CMMS, scheduling tools, and data systems. Poor tools shouldn''t be accepted as normal - this data supports improvement investments.', 1, '00000000-0000-0000-0000-000000000001', 'How well did planning systems support you?', false, NULL, 1, 'b64d182f-0ee3-40a0-b367-281f31902620', '{"version": "weighted", "partScoring": {"22": [{"max": 1.79, "min": 1, "level": 1}, {"max": 2.59, "min": 1.8, "level": 2}, {"max": 3.39, "min": 2.6, "level": 3}, {"max": 4.19, "min": 3.4, "level": 4}, {"max": 5, "min": 4.2, "level": 5}], "23": [{"max": 19.79, "min": 0, "level": 1}, {"max": 39.59, "min": 19.8, "level": 2}, {"max": 59.39, "min": 39.6, "level": 3}, {"max": 79.19, "min": 59.4, "level": 4}, {"max": 99, "min": 79.2, "level": 5}]}}'),
	(10, '2025-10-31 03:47:44.774673+00', '2025-10-31 04:06:42.179+00', 9, '', 'You''re closest to the planning process and see inefficiencies others might miss. Think about repetitive tasks that could be automated, missing procedures, or process gaps. Your input drives our improvement initiatives.', 1, '00000000-0000-0000-0000-000000000001', 'What improvement opportunities did you identify?', false, NULL, 1, 'b64d182f-0ee3-40a0-b367-281f31902620', '{"version": "weighted", "partScoring": {"24": {"Other": 5, "Resources": 4, "Communication": 3, "Documentation": 4, "Systems/Tools": 2, "None identified": 1, "Training/Skills": 3, "Process/Workflow": 2}, "25": [{"max": 7.99, "min": 0, "level": 1}, {"max": 15.99, "min": 8, "level": 2}, {"max": 23.99, "min": 16, "level": 3}, {"max": 31.99, "min": 24, "level": 4}, {"max": 40, "min": 32, "level": 5}]}}'),
	(11, '2025-10-31 03:47:50.937969+00', '2025-10-31 04:08:07.294+00', 10, '', 'Proactive planning prevents reactive chaos. This helps identify if you have sufficient lead time and support. Be specific about barriers to preparation - vague concerns can''t be addressed.', 1, '00000000-0000-0000-0000-000000000001', 'How prepared are you for next week?', false, NULL, 1, 'b64d182f-0ee3-40a0-b367-281f31902620', '{"version": "weighted", "partScoring": {"26": [{"max": 19.99, "min": 0, "level": 1}, {"max": 39.99, "min": 20, "level": 2}, {"max": 59.99, "min": 40, "level": 3}, {"max": 79.99, "min": 60, "level": 4}, {"max": 100, "min": 80, "level": 5}], "27": {"Low - Well controlled": 1, "Medium - Some concerns": 2, "High - Significant challenges": 4, "Critical - Major issues expected": 5}, "28": {"Other": 5, "None needed": 1, "Training/guidance": 4, "System/tool issues": 3, "Resource allocation": 2, "Stakeholder alignment": 4, "Priority clarification": 2}}}'),
	(12, '2025-10-31 08:02:52.774986+00', '2025-10-31 08:04:15.698+00', 11, '', 'Placeholder context', 1, '00000000-0000-0000-0000-000000000001', 'Test Question', false, NULL, 2, 'b64d182f-0ee3-40a0-b367-281f31902620', '{"version": "weighted", "partScoring": {"29": {"true": 2, "false": 1}, "30": [{"max": 2.99, "min": 1, "level": 1}, {"max": 5, "min": 3, "level": 2}], "31": {"No": 1, "Yes": 2, "Partially": 2}, "32": [{"max": 49.99, "min": 0, "level": 1}, {"max": 100, "min": 50, "level": 2}], "33": [{"max": 5.49, "min": 1, "level": 1}, {"max": 10, "min": 5.5, "level": 2}]}}'),
	(13, '2025-11-04 00:16:35.833515+00', '2025-11-04 00:18:08.043+00', 12, '', 'ISO 55001 requires a documented asset management policy aligned with organizational objectives. This policy should be communicated throughout the organization and reviewed regularly.', 1, '00000000-0000-0000-0000-000000000001', 'How well established is your asset management policy?', false, NULL, 3, 'b64d182f-0ee3-40a0-b367-281f31902620', '{"version": "weighted", "partScoring": {"34": {"true": 5, "false": 1}, "35": [{"max": 11.99, "min": 0, "level": 1}, {"max": 23.99, "min": 12, "level": 2}, {"max": 35.99, "min": 24, "level": 3}, {"max": 47.99, "min": 36, "level": 4}, {"max": 60, "min": 48, "level": 5}], "36": [{"max": 19.99, "min": 0, "level": 1}, {"max": 39.99, "min": 20, "level": 2}, {"max": 59.99, "min": 40, "level": 3}, {"max": 79.99, "min": 60, "level": 4}, {"max": 100, "min": 80, "level": 5}]}}'),
	(17, '2025-11-04 00:24:35.519662+00', '2025-11-04 00:26:25.685+00', 15, '', 'ISO 55001 requires consideration of assets throughout their entire lifecycle - from acquisition to disposal. This ensures optimal value realization.', 1, '00000000-0000-0000-0000-000000000001', 'How well do you manage asset lifecycles?', false, NULL, 3, 'b64d182f-0ee3-40a0-b367-281f31902620', '{"version": "weighted", "partScoring": {"46": [{"max": 19.99, "min": 0, "level": 1}, {"max": 39.99, "min": 20, "level": 2}, {"max": 59.99, "min": 40, "level": 3}, {"max": 79.99, "min": 60, "level": 4}, {"max": 100, "min": 80, "level": 5}], "47": [{"max": 0.39, "min": 0, "level": 1}, {"max": 0.79, "min": 0.4, "level": 2}, {"max": 1.19, "min": 0.8, "level": 3}, {"max": 1.59, "min": 1.2, "level": 4}, {"max": 2, "min": 1.6, "level": 5}], "48": [{"max": 0.99, "min": 0, "level": 1}, {"max": 1.99, "min": 1, "level": 2}, {"max": 2.99, "min": 2, "level": 3}, {"max": 3.99, "min": 3, "level": 4}, {"max": 5, "min": 4, "level": 5}]}}'),
	(14, '2025-11-04 00:18:28.340798+00', '2025-11-04 00:19:50.023+00', 12, '', 'Leadership commitment is essential for ISO 55001. Top management must demonstrate visible support, provide resources, and actively promote asset management culture.', 2, '00000000-0000-0000-0000-000000000001', 'How engaged is senior leadership in asset management?', false, NULL, 3, 'b64d182f-0ee3-40a0-b367-281f31902620', '{"version": "weighted", "partScoring": {"37": {"Never": 1, "Weekly": 5, "Monthly": 4, "Annually": 2, "Quarterly": 3}, "38": {"true": 5, "false": 1}}}'),
	(16, '2025-11-04 00:22:12.629536+00', '2025-11-04 00:24:10.672+00', 14, '', 'ISO 55001 requires accurate, consistent, and accessible asset information. Data quality directly impacts decision-making effectiveness.', 1, '00000000-0000-0000-0000-000000000001', 'What is the state of your asset information management?', false, NULL, 3, 'b64d182f-0ee3-40a0-b367-281f31902620', '{"version": "weighted", "partScoring": {"42": [{"max": 19.99, "min": 0, "level": 1}, {"max": 39.99, "min": 20, "level": 2}, {"max": 59.99, "min": 40, "level": 3}, {"max": 79.99, "min": 60, "level": 4}, {"max": 100, "min": 80, "level": 5}], "43": [{"max": 19.99, "min": 0, "level": 1}, {"max": 39.99, "min": 20, "level": 2}, {"max": 59.99, "min": 40, "level": 3}, {"max": 79.99, "min": 60, "level": 4}, {"max": 100, "min": 80, "level": 5}], "44": [{"max": 3.99, "min": 0, "level": 1}, {"max": 7.99, "min": 4, "level": 2}, {"max": 11.99, "min": 8, "level": 3}, {"max": 15.99, "min": 12, "level": 4}, {"max": 20, "min": 16, "level": 5}], "45": {"None": 1, "Some automation": 3, "Fully integrated": 5, "Manual transfers": 2, "Mostly integrated": 4}}}'),
	(15, '2025-11-04 00:20:18.340666+00', '2025-11-04 00:21:47.238+00', 13, '', 'ISO 55001 requires systematic identification and management of asset-related risks. This includes both risks to assets and risks from asset failure.', 1, '00000000-0000-0000-0000-000000000001', 'How mature is your asset risk management approach?', false, NULL, 3, 'b64d182f-0ee3-40a0-b367-281f31902620', '{"version": "weighted", "partScoring": {"39": [{"max": 19.99, "min": 0, "level": 1}, {"max": 39.99, "min": 20, "level": 2}, {"max": 59.99, "min": 40, "level": 3}, {"max": 79.99, "min": 60, "level": 4}, {"max": 100, "min": 80, "level": 5}], "40": {"Never": 1, "Monthly": 5, ">2 years": 2, "Annually": 3, "6-monthly": 3, "Quarterly": 4}, "41": [{"max": 19.99, "min": 0, "level": 1}, {"max": 39.99, "min": 20, "level": 2}, {"max": 59.99, "min": 40, "level": 3}, {"max": 79.99, "min": 60, "level": 4}, {"max": 100, "min": 80, "level": 5}]}}'),
	(22, '2025-11-04 00:30:31.818007+00', '2025-11-04 00:31:38.293+00', 18, '', 'A strong asset management culture with clear roles, responsibilities, and accountability is essential for ISO 55001 success.', 1, '00000000-0000-0000-0000-000000000001', 'How mature is your asset management culture?', false, NULL, 3, 'b64d182f-0ee3-40a0-b367-281f31902620', '{"version": "weighted", "partScoring": {"55": {"Good": 4, "None": 1, "Some": 3, "Minimal": 2, "Excellent": 5}, "56": {"true": 5, "false": 1}, "57": [{"max": 1.79, "min": 1, "level": 1}, {"max": 2.59, "min": 1.8, "level": 2}, {"max": 3.39, "min": 2.6, "level": 3}, {"max": 4.19, "min": 3.4, "level": 4}, {"max": 5, "min": 4.2, "level": 5}]}}'),
	(18, '2025-11-04 00:26:53.87122+00', '2025-11-04 00:28:11.34+00', 16, '', 'ISO 55001 requires monitoring, measurement, analysis and evaluation of asset management performance against objectives.', 1, '00000000-0000-0000-0000-000000000001', 'How effective is your performance monitoring?', false, NULL, 3, 'b64d182f-0ee3-40a0-b367-281f31902620', '{"version": "weighted", "partScoring": {"49": [{"max": 9.99, "min": 0, "level": 1}, {"max": 19.99, "min": 10, "level": 2}, {"max": 29.99, "min": 20, "level": 3}, {"max": 39.99, "min": 30, "level": 4}, {"max": 50, "min": 40, "level": 5}], "50": {"None": 1, "Daily": 4, "Monthly": 3, "Annually": 2, "Quarterly": 3, "Real-time": 5}, "51": [{"max": 19.99, "min": 0, "level": 1}, {"max": 39.99, "min": 20, "level": 2}, {"max": 59.99, "min": 40, "level": 3}, {"max": 79.99, "min": 60, "level": 4}, {"max": 100, "min": 80, "level": 5}]}}'),
	(23, '2025-11-04 00:32:01.212886+00', '2025-11-04 00:33:33.128+00', 19, '', 'ISO 55001 requires processes for continual improvement including corrective actions, preventive actions, and management review.', 1, '00000000-0000-0000-0000-000000000001', 'How effective are your improvement processes?', false, NULL, 3, 'b64d182f-0ee3-40a0-b367-281f31902620', '{"version": "weighted", "partScoring": {"58": [{"max": 9.99, "min": 0, "level": 1}, {"max": 19.99, "min": 10, "level": 2}, {"max": 29.99, "min": 20, "level": 3}, {"max": 39.99, "min": 30, "level": 4}, {"max": 50, "min": 40, "level": 5}], "59": [{"max": 72.99, "min": 0, "level": 1}, {"max": 145.99, "min": 73, "level": 2}, {"max": 218.99, "min": 146, "level": 3}, {"max": 291.99, "min": 219, "level": 4}, {"max": 365, "min": 292, "level": 5}], "60": {"Never": 1, "Monthly": 5, "Annually": 2, "6-monthly": 3, "Quarterly": 4}}}'),
	(24, '2025-11-04 00:33:47.287081+00', '2025-11-04 00:34:53.285+00', 20, '', 'Regular internal audits and compliance assessments are required to maintain ISO 55001 certification and ensure system effectiveness.', 1, '00000000-0000-0000-0000-000000000001', 'How robust is your audit program?', false, NULL, 3, 'b64d182f-0ee3-40a0-b367-281f31902620', '{"version": "weighted", "partScoring": {"61": [{"max": 11.99, "min": 0, "level": 1}, {"max": 23.99, "min": 12, "level": 2}, {"max": 35.99, "min": 24, "level": 3}, {"max": 47.99, "min": 36, "level": 4}, {"max": 60, "min": 48, "level": 5}], "62": [{"max": 3.99, "min": 0, "level": 1}, {"max": 7.99, "min": 4, "level": 2}, {"max": 11.99, "min": 8, "level": 3}, {"max": 15.99, "min": 12, "level": 4}, {"max": 20, "min": 16, "level": 5}], "63": [{"max": 19.99, "min": 0, "level": 1}, {"max": 39.99, "min": 20, "level": 2}, {"max": 59.99, "min": 40, "level": 3}, {"max": 79.99, "min": 60, "level": 4}, {"max": 100, "min": 80, "level": 5}]}}'),
	(19, '2025-11-04 00:28:39.88587+00', '2025-11-04 00:29:45.616+00', 17, '', 'ISO 55001 requires organizations to determine and provide necessary competence for personnel affecting asset management performance.', 1, '00000000-0000-0000-0000-000000000001', 'How well developed are your AM competencies?', false, NULL, 3, 'b64d182f-0ee3-40a0-b367-281f31902620', '{"version": "weighted", "partScoring": {"52": [{"max": 19.99, "min": 0, "level": 1}, {"max": 39.99, "min": 20, "level": 2}, {"max": 59.99, "min": 40, "level": 3}, {"max": 79.99, "min": 60, "level": 4}, {"max": 100, "min": 80, "level": 5}], "53": [{"max": 19.99, "min": 0, "level": 1}, {"max": 39.99, "min": 20, "level": 2}, {"max": 59.99, "min": 40, "level": 3}, {"max": 79.99, "min": 60, "level": 4}, {"max": 100, "min": 80, "level": 5}], "54": [{"max": 19.99, "min": 0, "level": 1}, {"max": 39.99, "min": 20, "level": 2}, {"max": 59.99, "min": 40, "level": 3}, {"max": 79.99, "min": 60, "level": 4}, {"max": 100, "min": 80, "level": 5}]}}'),
	(20, '2025-11-04 00:29:57.426885+00', '2025-11-04 00:29:57.426885+00', 17, '', 'Placeholder context', 2, '00000000-0000-0000-0000-000000000001', 'Organizational Culture', true, '2025-11-04 00:30:16.561+00', 3, 'b64d182f-0ee3-40a0-b367-281f31902620', NULL),
	(21, '2025-11-04 00:30:04.091442+00', '2025-11-04 00:30:04.091442+00', 17, '', 'Placeholder context', 3, '00000000-0000-0000-0000-000000000001', 'How mature is your asset management culture?', true, '2025-11-04 00:30:20.715+00', 3, 'b64d182f-0ee3-40a0-b367-281f31902620', NULL);


--
-- Data for Name: interview_responses; Type: TABLE DATA; Schema: public; Owner: postgres
--

INSERT INTO "public"."interview_responses" ("id", "created_at", "updated_at", "rating_score", "comments", "answered_at", "created_by", "interview_id", "questionnaire_question_id", "is_deleted", "deleted_at", "is_applicable", "company_id", "is_unknown", "score_source") VALUES
	(1, '2025-10-31 05:32:42.717337+00', '2025-10-31 05:32:42.717337+00', NULL, NULL, NULL, '00000000-0000-0000-0000-000000000001', 1, 1, false, NULL, true, 'b64d182f-0ee3-40a0-b367-281f31902620', false, 'direct'),
	(2, '2025-10-31 05:32:42.717337+00', '2025-10-31 05:32:42.717337+00', NULL, NULL, NULL, '00000000-0000-0000-0000-000000000001', 1, 2, false, NULL, true, 'b64d182f-0ee3-40a0-b367-281f31902620', false, 'direct'),
	(3, '2025-10-31 05:32:42.717337+00', '2025-10-31 05:32:42.717337+00', NULL, NULL, NULL, '00000000-0000-0000-0000-000000000001', 1, 3, false, NULL, true, 'b64d182f-0ee3-40a0-b367-281f31902620', false, 'direct'),
	(4, '2025-10-31 05:32:42.717337+00', '2025-10-31 05:32:42.717337+00', NULL, NULL, NULL, '00000000-0000-0000-0000-000000000001', 1, 4, false, NULL, true, 'b64d182f-0ee3-40a0-b367-281f31902620', false, 'direct'),
	(5, '2025-10-31 05:32:42.717337+00', '2025-10-31 05:32:42.717337+00', NULL, NULL, NULL, '00000000-0000-0000-0000-000000000001', 1, 5, false, NULL, true, 'b64d182f-0ee3-40a0-b367-281f31902620', false, 'direct'),
	(6, '2025-10-31 05:32:42.717337+00', '2025-10-31 05:32:42.717337+00', NULL, NULL, NULL, '00000000-0000-0000-0000-000000000001', 1, 6, false, NULL, true, 'b64d182f-0ee3-40a0-b367-281f31902620', false, 'direct'),
	(7, '2025-10-31 05:32:42.717337+00', '2025-10-31 05:32:42.717337+00', NULL, NULL, NULL, '00000000-0000-0000-0000-000000000001', 1, 7, false, NULL, true, 'b64d182f-0ee3-40a0-b367-281f31902620', false, 'direct'),
	(8, '2025-10-31 05:32:42.717337+00', '2025-10-31 05:32:42.717337+00', NULL, NULL, NULL, '00000000-0000-0000-0000-000000000001', 1, 8, false, NULL, true, 'b64d182f-0ee3-40a0-b367-281f31902620', false, 'direct'),
	(9, '2025-10-31 05:32:42.717337+00', '2025-10-31 05:32:42.717337+00', NULL, NULL, NULL, '00000000-0000-0000-0000-000000000001', 1, 9, false, NULL, true, 'b64d182f-0ee3-40a0-b367-281f31902620', false, 'direct'),
	(10, '2025-10-31 05:32:42.717337+00', '2025-10-31 05:32:42.717337+00', NULL, NULL, NULL, '00000000-0000-0000-0000-000000000001', 1, 10, false, NULL, true, 'b64d182f-0ee3-40a0-b367-281f31902620', false, 'direct'),
	(11, '2025-10-31 05:32:42.717337+00', '2025-10-31 05:32:42.717337+00', NULL, NULL, NULL, '00000000-0000-0000-0000-000000000001', 1, 11, false, NULL, true, 'b64d182f-0ee3-40a0-b367-281f31902620', false, 'direct'),
	(12, '2025-10-31 05:32:51.593749+00', '2025-10-31 05:32:51.593749+00', NULL, NULL, NULL, '00000000-0000-0000-0000-000000000001', 2, 1, false, NULL, true, 'b64d182f-0ee3-40a0-b367-281f31902620', false, 'direct'),
	(13, '2025-10-31 05:32:51.593749+00', '2025-10-31 05:32:51.593749+00', NULL, NULL, NULL, '00000000-0000-0000-0000-000000000001', 2, 2, false, NULL, true, 'b64d182f-0ee3-40a0-b367-281f31902620', false, 'direct'),
	(14, '2025-10-31 05:32:51.593749+00', '2025-10-31 05:32:51.593749+00', NULL, NULL, NULL, '00000000-0000-0000-0000-000000000001', 2, 3, false, NULL, true, 'b64d182f-0ee3-40a0-b367-281f31902620', false, 'direct'),
	(15, '2025-10-31 05:32:51.593749+00', '2025-10-31 05:32:51.593749+00', NULL, NULL, NULL, '00000000-0000-0000-0000-000000000001', 2, 4, false, NULL, true, 'b64d182f-0ee3-40a0-b367-281f31902620', false, 'direct'),
	(16, '2025-10-31 05:32:51.593749+00', '2025-10-31 05:32:51.593749+00', NULL, NULL, NULL, '00000000-0000-0000-0000-000000000001', 2, 5, false, NULL, true, 'b64d182f-0ee3-40a0-b367-281f31902620', false, 'direct'),
	(17, '2025-10-31 05:32:51.593749+00', '2025-10-31 05:32:51.593749+00', NULL, NULL, NULL, '00000000-0000-0000-0000-000000000001', 2, 6, false, NULL, true, 'b64d182f-0ee3-40a0-b367-281f31902620', false, 'direct'),
	(18, '2025-10-31 05:32:51.593749+00', '2025-10-31 05:32:51.593749+00', NULL, NULL, NULL, '00000000-0000-0000-0000-000000000001', 2, 7, false, NULL, true, 'b64d182f-0ee3-40a0-b367-281f31902620', false, 'direct'),
	(19, '2025-10-31 05:32:51.593749+00', '2025-10-31 05:32:51.593749+00', NULL, NULL, NULL, '00000000-0000-0000-0000-000000000001', 2, 8, false, NULL, true, 'b64d182f-0ee3-40a0-b367-281f31902620', false, 'direct'),
	(20, '2025-10-31 05:32:51.593749+00', '2025-10-31 05:32:51.593749+00', NULL, NULL, NULL, '00000000-0000-0000-0000-000000000001', 2, 9, false, NULL, true, 'b64d182f-0ee3-40a0-b367-281f31902620', false, 'direct'),
	(21, '2025-10-31 05:32:51.593749+00', '2025-10-31 05:32:51.593749+00', NULL, NULL, NULL, '00000000-0000-0000-0000-000000000001', 2, 10, false, NULL, true, 'b64d182f-0ee3-40a0-b367-281f31902620', false, 'direct'),
	(22, '2025-10-31 05:32:51.593749+00', '2025-10-31 05:32:51.593749+00', NULL, NULL, NULL, '00000000-0000-0000-0000-000000000001', 2, 11, false, NULL, true, 'b64d182f-0ee3-40a0-b367-281f31902620', false, 'direct'),
	(23, '2025-10-31 08:11:45.338914+00', '2025-10-31 08:11:45.338914+00', NULL, NULL, NULL, '00000000-0000-0000-0000-000000000001', 3, 12, false, NULL, true, 'b64d182f-0ee3-40a0-b367-281f31902620', false, 'direct'),
	(26, '2025-11-03 00:34:10.637543+00', '2025-11-03 00:34:10.637543+00', NULL, NULL, NULL, '00000000-0000-0000-0000-000000000001', 4, 3, false, NULL, true, 'b64d182f-0ee3-40a0-b367-281f31902620', false, 'direct'),
	(27, '2025-11-03 00:34:10.637543+00', '2025-11-03 00:34:10.637543+00', NULL, NULL, NULL, '00000000-0000-0000-0000-000000000001', 4, 4, false, NULL, true, 'b64d182f-0ee3-40a0-b367-281f31902620', false, 'direct'),
	(28, '2025-11-03 00:34:10.637543+00', '2025-11-03 00:34:10.637543+00', NULL, NULL, NULL, '00000000-0000-0000-0000-000000000001', 4, 5, false, NULL, true, 'b64d182f-0ee3-40a0-b367-281f31902620', false, 'direct'),
	(29, '2025-11-03 00:34:10.637543+00', '2025-11-03 00:34:10.637543+00', NULL, NULL, NULL, '00000000-0000-0000-0000-000000000001', 4, 6, false, NULL, true, 'b64d182f-0ee3-40a0-b367-281f31902620', false, 'direct'),
	(30, '2025-11-03 00:34:10.637543+00', '2025-11-03 00:34:10.637543+00', NULL, NULL, NULL, '00000000-0000-0000-0000-000000000001', 4, 7, false, NULL, true, 'b64d182f-0ee3-40a0-b367-281f31902620', false, 'direct'),
	(31, '2025-11-03 00:34:10.637543+00', '2025-11-03 00:34:10.637543+00', NULL, NULL, NULL, '00000000-0000-0000-0000-000000000001', 4, 8, false, NULL, true, 'b64d182f-0ee3-40a0-b367-281f31902620', false, 'direct'),
	(32, '2025-11-03 00:34:10.637543+00', '2025-11-03 00:34:10.637543+00', NULL, NULL, NULL, '00000000-0000-0000-0000-000000000001', 4, 9, false, NULL, true, 'b64d182f-0ee3-40a0-b367-281f31902620', false, 'direct'),
	(33, '2025-11-03 00:34:10.637543+00', '2025-11-03 00:34:10.637543+00', NULL, NULL, NULL, '00000000-0000-0000-0000-000000000001', 4, 10, false, NULL, true, 'b64d182f-0ee3-40a0-b367-281f31902620', false, 'direct'),
	(34, '2025-11-03 00:34:10.637543+00', '2025-11-03 00:34:10.637543+00', NULL, NULL, NULL, '00000000-0000-0000-0000-000000000001', 4, 11, false, NULL, true, 'b64d182f-0ee3-40a0-b367-281f31902620', false, 'direct'),
	(24, '2025-11-03 00:34:10.637543+00', '2025-11-04 23:16:37.656+00', 3, NULL, NULL, '00000000-0000-0000-0000-000000000001', 4, 1, false, NULL, true, 'b64d182f-0ee3-40a0-b367-281f31902620', false, 'calculated'),
	(25, '2025-11-03 00:34:10.637543+00', '2025-11-04 23:16:47.158+00', 1, NULL, NULL, '00000000-0000-0000-0000-000000000001', 4, 2, false, NULL, true, 'b64d182f-0ee3-40a0-b367-281f31902620', false, 'calculated');


--
-- Data for Name: interview_evidence; Type: TABLE DATA; Schema: public; Owner: postgres
--



--
-- Data for Name: interview_question_applicable_roles; Type: TABLE DATA; Schema: public; Owner: postgres
--

INSERT INTO "public"."interview_question_applicable_roles" ("id", "created_at", "interview_id", "questionnaire_question_id", "company_id", "role_id", "is_universal", "is_deleted", "deleted_at") VALUES
	(1, '2025-10-31 05:32:42.733736+00', 1, 1, 'b64d182f-0ee3-40a0-b367-281f31902620', 2, false, false, NULL),
	(2, '2025-10-31 05:32:42.733736+00', 1, 2, 'b64d182f-0ee3-40a0-b367-281f31902620', 2, false, false, NULL),
	(3, '2025-10-31 05:32:42.733736+00', 1, 3, 'b64d182f-0ee3-40a0-b367-281f31902620', 2, false, false, NULL),
	(4, '2025-10-31 05:32:42.733736+00', 1, 4, 'b64d182f-0ee3-40a0-b367-281f31902620', 2, false, false, NULL),
	(5, '2025-10-31 05:32:42.733736+00', 1, 5, 'b64d182f-0ee3-40a0-b367-281f31902620', 2, false, false, NULL),
	(6, '2025-10-31 05:32:42.733736+00', 1, 6, 'b64d182f-0ee3-40a0-b367-281f31902620', 2, false, false, NULL),
	(7, '2025-10-31 05:32:42.733736+00', 1, 7, 'b64d182f-0ee3-40a0-b367-281f31902620', 2, false, false, NULL),
	(8, '2025-10-31 05:32:42.733736+00', 1, 8, 'b64d182f-0ee3-40a0-b367-281f31902620', 2, false, false, NULL),
	(9, '2025-10-31 05:32:42.733736+00', 1, 9, 'b64d182f-0ee3-40a0-b367-281f31902620', 2, false, false, NULL),
	(10, '2025-10-31 05:32:42.733736+00', 1, 10, 'b64d182f-0ee3-40a0-b367-281f31902620', 2, false, false, NULL),
	(11, '2025-10-31 05:32:42.733736+00', 1, 11, 'b64d182f-0ee3-40a0-b367-281f31902620', 2, false, false, NULL),
	(12, '2025-10-31 05:32:51.608212+00', 2, 1, 'b64d182f-0ee3-40a0-b367-281f31902620', 2, false, false, NULL),
	(13, '2025-10-31 05:32:51.608212+00', 2, 2, 'b64d182f-0ee3-40a0-b367-281f31902620', 2, false, false, NULL),
	(14, '2025-10-31 05:32:51.608212+00', 2, 3, 'b64d182f-0ee3-40a0-b367-281f31902620', 2, false, false, NULL),
	(15, '2025-10-31 05:32:51.608212+00', 2, 4, 'b64d182f-0ee3-40a0-b367-281f31902620', 2, false, false, NULL),
	(16, '2025-10-31 05:32:51.608212+00', 2, 5, 'b64d182f-0ee3-40a0-b367-281f31902620', 2, false, false, NULL),
	(17, '2025-10-31 05:32:51.608212+00', 2, 6, 'b64d182f-0ee3-40a0-b367-281f31902620', 2, false, false, NULL),
	(18, '2025-10-31 05:32:51.608212+00', 2, 7, 'b64d182f-0ee3-40a0-b367-281f31902620', 2, false, false, NULL),
	(19, '2025-10-31 05:32:51.608212+00', 2, 8, 'b64d182f-0ee3-40a0-b367-281f31902620', 2, false, false, NULL),
	(20, '2025-10-31 05:32:51.608212+00', 2, 9, 'b64d182f-0ee3-40a0-b367-281f31902620', 2, false, false, NULL),
	(21, '2025-10-31 05:32:51.608212+00', 2, 10, 'b64d182f-0ee3-40a0-b367-281f31902620', 2, false, false, NULL),
	(22, '2025-10-31 05:32:51.608212+00', 2, 11, 'b64d182f-0ee3-40a0-b367-281f31902620', 2, false, false, NULL),
	(23, '2025-10-31 08:11:45.353003+00', 3, 12, 'b64d182f-0ee3-40a0-b367-281f31902620', NULL, true, false, NULL),
	(24, '2025-11-03 00:34:10.654785+00', 4, 1, 'b64d182f-0ee3-40a0-b367-281f31902620', 2, false, false, NULL),
	(25, '2025-11-03 00:34:10.654785+00', 4, 2, 'b64d182f-0ee3-40a0-b367-281f31902620', 2, false, false, NULL),
	(26, '2025-11-03 00:34:10.654785+00', 4, 3, 'b64d182f-0ee3-40a0-b367-281f31902620', 2, false, false, NULL),
	(27, '2025-11-03 00:34:10.654785+00', 4, 4, 'b64d182f-0ee3-40a0-b367-281f31902620', 2, false, false, NULL),
	(28, '2025-11-03 00:34:10.654785+00', 4, 5, 'b64d182f-0ee3-40a0-b367-281f31902620', 2, false, false, NULL),
	(29, '2025-11-03 00:34:10.654785+00', 4, 6, 'b64d182f-0ee3-40a0-b367-281f31902620', 2, false, false, NULL),
	(30, '2025-11-03 00:34:10.654785+00', 4, 7, 'b64d182f-0ee3-40a0-b367-281f31902620', 2, false, false, NULL),
	(31, '2025-11-03 00:34:10.654785+00', 4, 8, 'b64d182f-0ee3-40a0-b367-281f31902620', 2, false, false, NULL),
	(32, '2025-11-03 00:34:10.654785+00', 4, 9, 'b64d182f-0ee3-40a0-b367-281f31902620', 2, false, false, NULL),
	(33, '2025-11-03 00:34:10.654785+00', 4, 10, 'b64d182f-0ee3-40a0-b367-281f31902620', 2, false, false, NULL),
	(34, '2025-11-03 00:34:10.654785+00', 4, 11, 'b64d182f-0ee3-40a0-b367-281f31902620', 2, false, false, NULL);


--
-- Data for Name: questionnaire_question_parts; Type: TABLE DATA; Schema: public; Owner: postgres
--

INSERT INTO "public"."questionnaire_question_parts" ("id", "created_at", "updated_at", "created_by", "deleted_at", "is_deleted", "text", "order_index", "answer_type", "options", "company_id", "questionnaire_question_id", "questionnaire_id") VALUES
	(1, '2025-10-31 03:49:17.10868+00', '2025-10-31 03:49:17.10868+00', '00000000-0000-0000-0000-000000000001', NULL, false, 'Current backlog size (number of work orders)', 0, 'scale', '{"max": 250, "min": 0, "step": 25}', 'b64d182f-0ee3-40a0-b367-281f31902620', 1, 1),
	(2, '2025-10-31 03:49:54.20195+00', '2025-10-31 03:49:54.20195+00', '00000000-0000-0000-0000-000000000001', NULL, false, 'Percentage of planned vs reactive work this week', 1, 'percentage', '{}', 'b64d182f-0ee3-40a0-b367-281f31902620', 1, 1),
	(3, '2025-10-31 03:50:03.462367+00', '2025-10-31 03:51:23.171+00', '00000000-0000-0000-0000-000000000001', NULL, false, 'Confidence level in meeting this week''s schedule', 2, 'scale', '{"max": 5, "min": 1, "step": 1}', 'b64d182f-0ee3-40a0-b367-281f31902620', 1, 1),
	(4, '2025-10-31 04:02:03.562196+00', '2025-10-31 04:02:03.562196+00', '00000000-0000-0000-0000-000000000001', NULL, false, 'Primary bottleneck encountered', 0, 'labelled_scale', '{"labels": ["None", "Labor availability", "Parts/Materials", "Equipment access", "Permit/Documentation", "Weather", "Other"]}', 'b64d182f-0ee3-40a0-b367-281f31902620', 2, 1),
	(5, '2025-10-31 04:02:19.767275+00', '2025-10-31 04:02:19.767275+00', '00000000-0000-0000-0000-000000000001', NULL, false, 'Estimated hours lost to scheduling conflicts', 1, 'number', '{"max": 100, "min": 0, "decimal_places": 1}', 'b64d182f-0ee3-40a0-b367-281f31902620', 2, 1),
	(6, '2025-10-31 04:02:37.010725+00', '2025-10-31 04:02:37.010725+00', '00000000-0000-0000-0000-000000000001', NULL, false, 'Percentage of jobs completed as planned', 0, 'percentage', '{}', 'b64d182f-0ee3-40a0-b367-281f31902620', 3, 1),
	(7, '2025-10-31 04:02:46.293277+00', '2025-10-31 04:02:46.293277+00', '00000000-0000-0000-0000-000000000001', NULL, false, 'Number of jobs requiring re-planning', 1, 'number', '{"max": 999, "min": 0, "decimal_places": 0}', 'b64d182f-0ee3-40a0-b367-281f31902620', 3, 1),
	(8, '2025-10-31 04:02:55.213117+00', '2025-10-31 04:02:55.213117+00', '00000000-0000-0000-0000-000000000001', NULL, false, 'Average planning accuracy score (self-assessed)', 2, 'scale', '{"max": 5, "min": 1, "step": 1}', 'b64d182f-0ee3-40a0-b367-281f31902620', 3, 1),
	(9, '2025-10-31 04:03:11.804415+00', '2025-10-31 04:03:11.804415+00', '00000000-0000-0000-0000-000000000001', NULL, false, 'Labor availability vs requirements (percentage match)', 0, 'percentage', '{}', 'b64d182f-0ee3-40a0-b367-281f31902620', 4, 1),
	(10, '2025-10-31 04:03:23.404507+00', '2025-10-31 04:03:23.404507+00', '00000000-0000-0000-0000-000000000001', NULL, false, 'Materials/parts availability issues (count)', 1, 'number', '{"max": 99, "min": 0, "decimal_places": 0}', 'b64d182f-0ee3-40a0-b367-281f31902620', 4, 1),
	(11, '2025-10-31 04:03:35.888755+00', '2025-10-31 04:03:35.888755+00', '00000000-0000-0000-0000-000000000001', NULL, false, 'Equipment/tool conflicts experienced', 2, 'number', '{"max": 99, "min": 0, "decimal_places": 0}', 'b64d182f-0ee3-40a0-b367-281f31902620', 4, 1),
	(12, '2025-10-31 04:03:56.187268+00', '2025-10-31 04:03:56.187268+00', '00000000-0000-0000-0000-000000000001', NULL, false, 'Number of contractor delays', 0, 'number', '{"max": 99, "min": 0, "decimal_places": 0}', 'b64d182f-0ee3-40a0-b367-281f31902620', 5, 1),
	(13, '2025-10-31 04:04:02.00272+00', '2025-10-31 04:04:02.00272+00', '00000000-0000-0000-0000-000000000001', NULL, false, 'Communication effectiveness', 1, 'scale', '{"max": 5, "min": 1, "step": 1}', 'b64d182f-0ee3-40a0-b367-281f31902620', 5, 1),
	(14, '2025-10-31 04:04:14.985658+00', '2025-10-31 04:04:14.985658+00', '00000000-0000-0000-0000-000000000001', NULL, false, 'Number of permits successfully coordinated', 0, 'number', '{"max": 999, "min": 0, "decimal_places": 0}', 'b64d182f-0ee3-40a0-b367-281f31902620', 6, 1),
	(15, '2025-10-31 04:04:21.354122+00', '2025-10-31 04:04:21.354122+00', '00000000-0000-0000-0000-000000000001', NULL, false, 'Any safety concerns raised but unresolved', 1, 'boolean', '{}', 'b64d182f-0ee3-40a0-b367-281f31902620', 6, 1),
	(16, '2025-10-31 04:04:29.535367+00', '2025-10-31 04:04:29.535367+00', '00000000-0000-0000-0000-000000000001', NULL, false, 'Compliance documentation completeness', 2, 'percentage', '{}', 'b64d182f-0ee3-40a0-b367-281f31902620', 6, 1),
	(17, '2025-10-31 04:04:39.466862+00', '2025-10-31 04:04:39.466862+00', '00000000-0000-0000-0000-000000000001', NULL, false, 'Percentage of time allocated to critical equipment', 0, 'percentage', '{}', 'b64d182f-0ee3-40a0-b367-281f31902620', 7, 1),
	(18, '2025-10-31 04:04:44.384883+00', '2025-10-31 04:04:44.384883+00', '00000000-0000-0000-0000-000000000001', NULL, false, 'Any critical work deferred', 1, 'boolean', '{}', 'b64d182f-0ee3-40a0-b367-281f31902620', 7, 1),
	(19, '2025-10-31 04:05:00.070861+00', '2025-10-31 04:05:00.070861+00', '00000000-0000-0000-0000-000000000001', NULL, false, 'Operations coordination satisfaction', 0, 'scale', '{"max": 5, "min": 1, "step": 1}', 'b64d182f-0ee3-40a0-b367-281f31902620', 8, 1),
	(20, '2025-10-31 04:05:08.456607+00', '2025-10-31 04:05:08.456607+00', '00000000-0000-0000-0000-000000000001', NULL, false, 'Maintenance crew feedback quality', 1, 'scale', '{"max": 5, "min": 1, "step": 1}', 'b64d182f-0ee3-40a0-b367-281f31902620', 8, 1),
	(21, '2025-10-31 04:05:17.102691+00', '2025-10-31 04:05:17.102691+00', '00000000-0000-0000-0000-000000000001', NULL, false, 'Number of escalations required', 2, 'number', '{"max": 99, "min": 0, "decimal_places": 0}', 'b64d182f-0ee3-40a0-b367-281f31902620', 8, 1),
	(22, '2025-10-31 04:05:27.806915+00', '2025-10-31 04:05:27.806915+00', '00000000-0000-0000-0000-000000000001', NULL, false, 'CMMS/planning software performance', 0, 'scale', '{"max": 5, "min": 1, "step": 1}', 'b64d182f-0ee3-40a0-b367-281f31902620', 9, 1),
	(23, '2025-10-31 04:05:39.548774+00', '2025-10-31 04:05:39.548774+00', '00000000-0000-0000-0000-000000000001', NULL, false, 'Data quality issues encountered', 1, 'number', '{"max": 99, "min": 0, "decimal_places": 0}', 'b64d182f-0ee3-40a0-b367-281f31902620', 9, 1),
	(24, '2025-10-31 04:06:27.04411+00', '2025-10-31 04:06:27.04411+00', '00000000-0000-0000-0000-000000000001', NULL, false, 'Top improvement area', 0, 'labelled_scale', '{"labels": ["None identified", "Process/Workflow", "Systems/Tools", "Communication", "Training/Skills", "Resources", "Documentation", "Other"]}', 'b64d182f-0ee3-40a0-b367-281f31902620', 10, 1),
	(25, '2025-10-31 04:06:42.160884+00', '2025-10-31 04:06:42.160884+00', '00000000-0000-0000-0000-000000000001', NULL, false, 'Estimated time savings if implemented (hours/week)', 1, 'number', '{"max": 40, "min": 0, "decimal_places": 1}', 'b64d182f-0ee3-40a0-b367-281f31902620', 10, 1),
	(26, '2025-10-31 04:06:53.744761+00', '2025-10-31 04:06:53.744761+00', '00000000-0000-0000-0000-000000000001', NULL, false, 'Percentage of next week''s work already planned', 0, 'percentage', '{}', 'b64d182f-0ee3-40a0-b367-281f31902620', 11, 1),
	(27, '2025-10-31 04:07:27.53831+00', '2025-10-31 04:07:27.53831+00', '00000000-0000-0000-0000-000000000001', NULL, false, 'Risk level for next week', 1, 'labelled_scale', '{"labels": ["Low - Well controlled", "Medium - Some concerns", "High - Significant challenges", "Critical - Major issues expected"]}', 'b64d182f-0ee3-40a0-b367-281f31902620', 11, 1),
	(28, '2025-10-31 04:08:07.273655+00', '2025-10-31 04:08:07.273655+00', '00000000-0000-0000-0000-000000000001', NULL, false, 'Management support needed', 2, 'labelled_scale', '{"labels": ["None needed", "Resource allocation", "Priority clarification", "System/tool issues", "Stakeholder alignment", "Training/guidance", "Other"]}', 'b64d182f-0ee3-40a0-b367-281f31902620', 11, 1),
	(29, '2025-10-31 08:03:02.3018+00', '2025-10-31 08:03:02.3018+00', '00000000-0000-0000-0000-000000000001', NULL, false, 'Does this work?', 0, 'boolean', '{}', 'b64d182f-0ee3-40a0-b367-281f31902620', 12, 2),
	(30, '2025-10-31 08:03:10.237225+00', '2025-10-31 08:03:10.237225+00', '00000000-0000-0000-0000-000000000001', NULL, false, 'How well does this work?', 1, 'scale', '{"max": 5, "min": 1, "step": 1}', 'b64d182f-0ee3-40a0-b367-281f31902620', 12, 2),
	(31, '2025-10-31 08:03:27.314826+00', '2025-10-31 08:03:27.314826+00', '00000000-0000-0000-0000-000000000001', NULL, false, 'Is this working correctly?', 2, 'labelled_scale', '{"labels": ["No", "Partially", "Yes"]}', 'b64d182f-0ee3-40a0-b367-281f31902620', 12, 2),
	(32, '2025-10-31 08:03:48.747381+00', '2025-10-31 08:03:48.747381+00', '00000000-0000-0000-0000-000000000001', NULL, false, 'How much of this is working?', 3, 'percentage', '{}', 'b64d182f-0ee3-40a0-b367-281f31902620', 12, 2),
	(33, '2025-10-31 08:04:15.670946+00', '2025-10-31 08:04:15.670946+00', '00000000-0000-0000-0000-000000000001', NULL, false, 'How many questions do you need to answer?', 4, 'number', '{"max": 10, "min": 1, "decimal_places": 0}', 'b64d182f-0ee3-40a0-b367-281f31902620', 12, 2),
	(34, '2025-11-04 00:17:37.828217+00', '2025-11-04 00:17:37.828217+00', '00000000-0000-0000-0000-000000000001', NULL, false, 'Is there a documented asset management policy?', 0, 'boolean', '{}', 'b64d182f-0ee3-40a0-b367-281f31902620', 13, 3),
	(35, '2025-11-04 00:17:59.470378+00', '2025-11-04 00:17:59.470378+00', '00000000-0000-0000-0000-000000000001', NULL, false, 'When was the policy last reviewed? (months ago)', 1, 'number', '{"max": 60, "min": 0, "decimal_places": 0}', 'b64d182f-0ee3-40a0-b367-281f31902620', 13, 3),
	(36, '2025-11-04 00:18:08.022265+00', '2025-11-04 00:18:08.022265+00', '00000000-0000-0000-0000-000000000001', NULL, false, 'Percentage of staff aware of the AM policy', 2, 'percentage', '{}', 'b64d182f-0ee3-40a0-b367-281f31902620', 13, 3),
	(37, '2025-11-04 00:19:43.804308+00', '2025-11-04 00:19:43.804308+00', '00000000-0000-0000-0000-000000000001', NULL, false, 'Frequency of leadership AM reviews', 0, 'labelled_scale', '{"labels": ["Never", "Annually", "Quarterly", "Monthly", "Weekly"]}', 'b64d182f-0ee3-40a0-b367-281f31902620', 14, 3),
	(38, '2025-11-04 00:19:49.998058+00', '2025-11-04 00:19:49.998058+00', '00000000-0000-0000-0000-000000000001', NULL, false, 'Does a C-level AM sponsor exist?', 1, 'boolean', '{}', 'b64d182f-0ee3-40a0-b367-281f31902620', 14, 3),
	(39, '2025-11-04 00:21:07.642016+00', '2025-11-04 00:21:07.642016+00', '00000000-0000-0000-0000-000000000001', NULL, false, 'Percentage of critical assets with documented risk assessments', 0, 'percentage', '{}', 'b64d182f-0ee3-40a0-b367-281f31902620', 15, 3),
	(40, '2025-11-04 00:21:37.191081+00', '2025-11-04 00:21:37.191081+00', '00000000-0000-0000-0000-000000000001', NULL, false, 'Risk assessment update frequency', 1, 'labelled_scale', '{"labels": ["Never", ">2 years", "Annually", "6-monthly", "Quarterly", "Monthly"]}', 'b64d182f-0ee3-40a0-b367-281f31902620', 15, 3),
	(41, '2025-11-04 00:21:47.202169+00', '2025-11-04 00:21:47.202169+00', '00000000-0000-0000-0000-000000000001', NULL, false, 'Number of unmitigated high risks', 2, 'number', '{"max": 100, "min": 0, "decimal_places": 0}', 'b64d182f-0ee3-40a0-b367-281f31902620', 15, 3),
	(42, '2025-11-04 00:23:12.234582+00', '2025-11-04 00:23:12.234582+00', '00000000-0000-0000-0000-000000000001', NULL, false, 'Asset data completeness', 0, 'percentage', '{}', 'b64d182f-0ee3-40a0-b367-281f31902620', 16, 3),
	(43, '2025-11-04 00:23:22.723699+00', '2025-11-04 00:23:22.723699+00', '00000000-0000-0000-0000-000000000001', NULL, false, 'Asset data accuracy (estimated)', 1, 'percentage', '{}', 'b64d182f-0ee3-40a0-b367-281f31902620', 16, 3),
	(44, '2025-11-04 00:23:36.28069+00', '2025-11-04 00:23:36.28069+00', '00000000-0000-0000-0000-000000000001', NULL, false, 'Number of asset data systems in use', 2, 'number', '{"max": 20, "min": 0, "decimal_places": 0}', 'b64d182f-0ee3-40a0-b367-281f31902620', 16, 3),
	(45, '2025-11-04 00:24:10.649081+00', '2025-11-04 00:24:10.649081+00', '00000000-0000-0000-0000-000000000001', NULL, false, 'Level of system integration', 3, 'labelled_scale', '{"labels": ["None", "Manual transfers", "Some automation", "Mostly integrated", "Fully integrated"]}', 'b64d182f-0ee3-40a0-b367-281f31902620', 16, 3),
	(46, '2025-11-04 00:25:21.624333+00', '2025-11-04 00:25:21.624333+00', '00000000-0000-0000-0000-000000000001', NULL, false, 'Percentage of assets with lifecycle plans', 0, 'percentage', '{}', 'b64d182f-0ee3-40a0-b367-281f31902620', 17, 3),
	(47, '2025-11-04 00:26:13.482894+00', '2025-11-04 00:26:13.482894+00', '00000000-0000-0000-0000-000000000001', NULL, false, 'Average asset age vs design life ratio', 1, 'scale', '{"max": 2, "min": 0, "step": 0.1}', 'b64d182f-0ee3-40a0-b367-281f31902620', 17, 3),
	(48, '2025-11-04 00:26:25.658803+00', '2025-11-04 00:26:25.658803+00', '00000000-0000-0000-0000-000000000001', NULL, false, 'Unplanned vs planned maintenance ratio', 2, 'scale', '{"max": 5, "min": 0, "step": 0.5}', 'b64d182f-0ee3-40a0-b367-281f31902620', 17, 3),
	(49, '2025-11-04 00:27:40.538679+00', '2025-11-04 00:27:40.538679+00', '00000000-0000-0000-0000-000000000001', NULL, false, 'Number of AM KPIs actively monitored', 0, 'number', '{"max": 50, "min": 0, "decimal_places": 0}', 'b64d182f-0ee3-40a0-b367-281f31902620', 18, 3),
	(50, '2025-11-04 00:28:06.273703+00', '2025-11-04 00:28:06.273703+00', '00000000-0000-0000-0000-000000000001', NULL, false, 'Reporting frequency', 1, 'labelled_scale', '{"labels": ["None", "Annually", "Quarterly", "Monthly", "Daily", "Real-time"]}', 'b64d182f-0ee3-40a0-b367-281f31902620', 18, 3),
	(51, '2025-11-04 00:28:11.314916+00', '2025-11-04 00:28:11.314916+00', '00000000-0000-0000-0000-000000000001', NULL, false, 'Percentage of KPIs meeting targets', 2, 'percentage', '{}', 'b64d182f-0ee3-40a0-b367-281f31902620', 18, 3),
	(52, '2025-11-04 00:29:26.035895+00', '2025-11-04 00:29:26.035895+00', '00000000-0000-0000-0000-000000000001', NULL, false, 'Percentage of AM staff with formal AM training', 0, 'percentage', '{}', 'b64d182f-0ee3-40a0-b367-281f31902620', 19, 3),
	(53, '2025-11-04 00:29:33.482187+00', '2025-11-04 00:29:33.482187+00', '00000000-0000-0000-0000-000000000001', NULL, false, 'Average AM training hours per person per year', 1, 'number', '{"max": 100, "min": 0, "decimal_places": 0}', 'b64d182f-0ee3-40a0-b367-281f31902620', 19, 3),
	(54, '2025-11-04 00:29:45.596805+00', '2025-11-04 00:29:45.596805+00', '00000000-0000-0000-0000-000000000001', NULL, false, 'Number of certified AM professionals', 2, 'number', '{"max": 100, "min": 0, "decimal_places": 0}', 'b64d182f-0ee3-40a0-b367-281f31902620', 19, 3),
	(55, '2025-11-04 00:31:21.163738+00', '2025-11-04 00:31:21.163738+00', '00000000-0000-0000-0000-000000000001', NULL, false, 'Level of cross-functional collaboration', 0, 'labelled_scale', '{"labels": ["None", "Minimal", "Some", "Good", "Excellent"]}', 'b64d182f-0ee3-40a0-b367-281f31902620', 22, 3),
	(56, '2025-11-04 00:31:29.387107+00', '2025-11-04 00:31:29.387107+00', '00000000-0000-0000-0000-000000000001', NULL, false, 'Are AM roles and responsibilities documented?', 1, 'boolean', '{}', 'b64d182f-0ee3-40a0-b367-281f31902620', 22, 3),
	(57, '2025-11-04 00:31:38.275077+00', '2025-11-04 00:31:38.275077+00', '00000000-0000-0000-0000-000000000001', NULL, false, 'Staff engagement in AM improvement initiatives', 2, 'scale', '{"max": 5, "min": 1, "step": 1}', 'b64d182f-0ee3-40a0-b367-281f31902620', 22, 3),
	(58, '2025-11-04 00:32:50.437344+00', '2025-11-04 00:32:50.437344+00', '00000000-0000-0000-0000-000000000001', NULL, false, 'Number of improvement initiatives in progress', 0, 'number', '{"max": 50, "min": 0, "decimal_places": 0}', 'b64d182f-0ee3-40a0-b367-281f31902620', 23, 3),
	(59, '2025-11-04 00:33:09.02679+00', '2025-11-04 00:33:09.02679+00', '00000000-0000-0000-0000-000000000001', NULL, false, 'Average time to close corrective actions (days)', 1, 'number', '{"max": 365, "min": 0, "decimal_places": 0}', 'b64d182f-0ee3-40a0-b367-281f31902620', 23, 3),
	(60, '2025-11-04 00:33:33.108911+00', '2025-11-04 00:33:33.108911+00', '00000000-0000-0000-0000-000000000001', NULL, false, 'Frequency of management reviews', 2, 'labelled_scale', '{"labels": ["Never", "Annually", "6-monthly", "Quarterly", "Monthly"]}', 'b64d182f-0ee3-40a0-b367-281f31902620', 23, 3),
	(61, '2025-11-04 00:34:33.255772+00', '2025-11-04 00:34:33.255772+00', '00000000-0000-0000-0000-000000000001', NULL, false, 'Last internal AM audit (months ago)', 0, 'number', '{"max": 60, "min": 0, "decimal_places": 0}', 'b64d182f-0ee3-40a0-b367-281f31902620', 24, 3),
	(62, '2025-11-04 00:34:44.316906+00', '2025-11-04 00:34:44.316906+00', '00000000-0000-0000-0000-000000000001', NULL, false, 'Number of trained internal auditors', 1, 'number', '{"max": 20, "min": 0, "decimal_places": 0}', 'b64d182f-0ee3-40a0-b367-281f31902620', 24, 3),
	(63, '2025-11-04 00:34:53.261306+00', '2025-11-04 00:34:53.261306+00', '00000000-0000-0000-0000-000000000001', NULL, false, 'Open audit findings', 2, 'number', '{"max": 100, "min": 0, "decimal_places": 0}', 'b64d182f-0ee3-40a0-b367-281f31902620', 24, 3);


--
-- Data for Name: interview_question_part_responses; Type: TABLE DATA; Schema: public; Owner: postgres
--

INSERT INTO "public"."interview_question_part_responses" ("id", "created_at", "updated_at", "interview_response_id", "question_part_id", "answer_value", "created_by", "company_id", "is_deleted", "deleted_at") VALUES
	(1, '2025-11-04 23:16:37.62367+00', '2025-11-04 23:16:37.62367+00', 24, 1, '0', 'd34835f8-a043-42f9-a376-6aac23cb76ce', 'b64d182f-0ee3-40a0-b367-281f31902620', false, NULL),
	(2, '2025-11-04 23:16:37.62367+00', '2025-11-04 23:16:37.62367+00', 24, 2, '10', 'd34835f8-a043-42f9-a376-6aac23cb76ce', 'b64d182f-0ee3-40a0-b367-281f31902620', false, NULL),
	(3, '2025-11-04 23:16:37.62367+00', '2025-11-04 23:16:37.62367+00', 24, 3, '5', 'd34835f8-a043-42f9-a376-6aac23cb76ce', 'b64d182f-0ee3-40a0-b367-281f31902620', false, NULL),
	(4, '2025-11-04 23:16:47.136849+00', '2025-11-04 23:16:47.136849+00', 25, 4, 'None', 'd34835f8-a043-42f9-a376-6aac23cb76ce', 'b64d182f-0ee3-40a0-b367-281f31902620', false, NULL),
	(5, '2025-11-04 23:16:47.136849+00', '2025-11-04 23:16:47.136849+00', 25, 5, '0', 'd34835f8-a043-42f9-a376-6aac23cb76ce', 'b64d182f-0ee3-40a0-b367-281f31902620', false, NULL);


--
-- Data for Name: interview_response_actions; Type: TABLE DATA; Schema: public; Owner: postgres
--



--
-- Data for Name: interview_response_roles; Type: TABLE DATA; Schema: public; Owner: postgres
--

INSERT INTO "public"."interview_response_roles" ("id", "created_at", "updated_at", "created_by", "role_id", "interview_response_id", "company_id", "interview_id", "is_deleted", "deleted_at") VALUES
	(1, '2025-10-31 05:32:42.748974+00', '2025-10-31 05:32:42.748974+00', '00000000-0000-0000-0000-000000000001', 2, 1, 'b64d182f-0ee3-40a0-b367-281f31902620', 1, false, NULL),
	(2, '2025-10-31 05:32:42.748974+00', '2025-10-31 05:32:42.748974+00', '00000000-0000-0000-0000-000000000001', 2, 2, 'b64d182f-0ee3-40a0-b367-281f31902620', 1, false, NULL),
	(3, '2025-10-31 05:32:42.748974+00', '2025-10-31 05:32:42.748974+00', '00000000-0000-0000-0000-000000000001', 2, 3, 'b64d182f-0ee3-40a0-b367-281f31902620', 1, false, NULL),
	(4, '2025-10-31 05:32:42.748974+00', '2025-10-31 05:32:42.748974+00', '00000000-0000-0000-0000-000000000001', 2, 4, 'b64d182f-0ee3-40a0-b367-281f31902620', 1, false, NULL),
	(5, '2025-10-31 05:32:42.748974+00', '2025-10-31 05:32:42.748974+00', '00000000-0000-0000-0000-000000000001', 2, 5, 'b64d182f-0ee3-40a0-b367-281f31902620', 1, false, NULL),
	(6, '2025-10-31 05:32:42.748974+00', '2025-10-31 05:32:42.748974+00', '00000000-0000-0000-0000-000000000001', 2, 6, 'b64d182f-0ee3-40a0-b367-281f31902620', 1, false, NULL),
	(7, '2025-10-31 05:32:42.748974+00', '2025-10-31 05:32:42.748974+00', '00000000-0000-0000-0000-000000000001', 2, 7, 'b64d182f-0ee3-40a0-b367-281f31902620', 1, false, NULL),
	(8, '2025-10-31 05:32:42.748974+00', '2025-10-31 05:32:42.748974+00', '00000000-0000-0000-0000-000000000001', 2, 8, 'b64d182f-0ee3-40a0-b367-281f31902620', 1, false, NULL),
	(9, '2025-10-31 05:32:42.748974+00', '2025-10-31 05:32:42.748974+00', '00000000-0000-0000-0000-000000000001', 2, 9, 'b64d182f-0ee3-40a0-b367-281f31902620', 1, false, NULL),
	(10, '2025-10-31 05:32:42.748974+00', '2025-10-31 05:32:42.748974+00', '00000000-0000-0000-0000-000000000001', 2, 10, 'b64d182f-0ee3-40a0-b367-281f31902620', 1, false, NULL),
	(11, '2025-10-31 05:32:42.748974+00', '2025-10-31 05:32:42.748974+00', '00000000-0000-0000-0000-000000000001', 2, 11, 'b64d182f-0ee3-40a0-b367-281f31902620', 1, false, NULL),
	(12, '2025-10-31 08:11:45.364958+00', '2025-10-31 08:11:45.364958+00', '00000000-0000-0000-0000-000000000001', 7, 23, 'b64d182f-0ee3-40a0-b367-281f31902620', 3, false, NULL),
	(13, '2025-11-03 00:34:10.671949+00', '2025-11-03 00:34:10.671949+00', '00000000-0000-0000-0000-000000000001', 2, 24, 'b64d182f-0ee3-40a0-b367-281f31902620', 4, false, NULL),
	(14, '2025-11-03 00:34:10.671949+00', '2025-11-03 00:34:10.671949+00', '00000000-0000-0000-0000-000000000001', 2, 25, 'b64d182f-0ee3-40a0-b367-281f31902620', 4, false, NULL),
	(15, '2025-11-03 00:34:10.671949+00', '2025-11-03 00:34:10.671949+00', '00000000-0000-0000-0000-000000000001', 2, 26, 'b64d182f-0ee3-40a0-b367-281f31902620', 4, false, NULL),
	(16, '2025-11-03 00:34:10.671949+00', '2025-11-03 00:34:10.671949+00', '00000000-0000-0000-0000-000000000001', 2, 27, 'b64d182f-0ee3-40a0-b367-281f31902620', 4, false, NULL),
	(17, '2025-11-03 00:34:10.671949+00', '2025-11-03 00:34:10.671949+00', '00000000-0000-0000-0000-000000000001', 2, 28, 'b64d182f-0ee3-40a0-b367-281f31902620', 4, false, NULL),
	(18, '2025-11-03 00:34:10.671949+00', '2025-11-03 00:34:10.671949+00', '00000000-0000-0000-0000-000000000001', 2, 29, 'b64d182f-0ee3-40a0-b367-281f31902620', 4, false, NULL),
	(19, '2025-11-03 00:34:10.671949+00', '2025-11-03 00:34:10.671949+00', '00000000-0000-0000-0000-000000000001', 2, 30, 'b64d182f-0ee3-40a0-b367-281f31902620', 4, false, NULL),
	(20, '2025-11-03 00:34:10.671949+00', '2025-11-03 00:34:10.671949+00', '00000000-0000-0000-0000-000000000001', 2, 31, 'b64d182f-0ee3-40a0-b367-281f31902620', 4, false, NULL),
	(21, '2025-11-03 00:34:10.671949+00', '2025-11-03 00:34:10.671949+00', '00000000-0000-0000-0000-000000000001', 2, 32, 'b64d182f-0ee3-40a0-b367-281f31902620', 4, false, NULL),
	(22, '2025-11-03 00:34:10.671949+00', '2025-11-03 00:34:10.671949+00', '00000000-0000-0000-0000-000000000001', 2, 33, 'b64d182f-0ee3-40a0-b367-281f31902620', 4, false, NULL),
	(23, '2025-11-03 00:34:10.671949+00', '2025-11-03 00:34:10.671949+00', '00000000-0000-0000-0000-000000000001', 2, 34, 'b64d182f-0ee3-40a0-b367-281f31902620', 4, false, NULL);


--
-- Data for Name: interview_roles; Type: TABLE DATA; Schema: public; Owner: postgres
--

INSERT INTO "public"."interview_roles" ("id", "created_at", "created_by", "interview_id", "role_id", "company_id", "is_deleted", "deleted_at") VALUES
	(1, '2025-10-31 05:32:42.700906+00', '00000000-0000-0000-0000-000000000001', 1, 2, 'b64d182f-0ee3-40a0-b367-281f31902620', false, NULL),
	(2, '2025-10-31 05:32:51.577914+00', '00000000-0000-0000-0000-000000000001', 2, 1, 'b64d182f-0ee3-40a0-b367-281f31902620', false, NULL),
	(3, '2025-10-31 05:32:51.577914+00', '00000000-0000-0000-0000-000000000001', 2, 2, 'b64d182f-0ee3-40a0-b367-281f31902620', false, NULL),
	(4, '2025-10-31 05:32:51.577914+00', '00000000-0000-0000-0000-000000000001', 2, 3, 'b64d182f-0ee3-40a0-b367-281f31902620', false, NULL),
	(5, '2025-10-31 05:32:51.577914+00', '00000000-0000-0000-0000-000000000001', 2, 7, 'b64d182f-0ee3-40a0-b367-281f31902620', false, NULL),
	(6, '2025-10-31 08:11:45.326705+00', '00000000-0000-0000-0000-000000000001', 3, 7, 'b64d182f-0ee3-40a0-b367-281f31902620', false, NULL),
	(7, '2025-11-03 00:34:10.616437+00', '00000000-0000-0000-0000-000000000001', 4, 2, 'b64d182f-0ee3-40a0-b367-281f31902620', false, NULL);


--
-- Data for Name: measurement_alignments; Type: TABLE DATA; Schema: public; Owner: postgres
--



--
-- Data for Name: measurement_definitions; Type: TABLE DATA; Schema: public; Owner: postgres
--

INSERT INTO "public"."measurement_definitions" ("id", "created_at", "updated_at", "name", "description", "calculation_type", "provider", "objective", "calculation", "required_csv_columns", "unit", "min_value", "max_value", "active", "is_deleted", "deleted_at") VALUES
	(36, '2025-09-08 04:19:48.091485+00', '2025-09-08 04:19:48.091485+00', 'Task List Usage', 'Total Work orders completed in previous 12 months that has utilised a task list for work planning over the same period.', 'ratio', 'SAP', 'To view the percentage of completed work orders which had a Task List attached. A large percentage of work orders with Task Lists attached indicates that Work Management can produce quality work orders with predetermined resources, materials and documents.', 'Task List Utilisation = All completed Work Orders / All completed Work Orders with Task List', '[{"name": "completion_date", "data_type": "date", "description": null}, {"name": "task_list_id", "data_type": "string", "description": null}, {"name": "work_order_id", "data_type": "string", "description": null}]', NULL, NULL, NULL, true, false, NULL),
	(37, '2025-09-08 04:19:48.403232+00', '2025-09-08 04:19:48.403232+00', 'Available Capacity Hours', 'Total maintenance capacity availability by week from current schedule week to future 26 weeks.', 'sum', 'SAP', 'To view available capacity hours by maintenance work centre, providing a forward-looking snapshot of available capacity.', NULL, NULL, NULL, NULL, NULL, true, false, NULL),
	(38, '2025-09-08 04:19:48.757724+00', '2025-09-08 04:19:48.757724+00', 'Notification Turnover', 'A ratio of all notifications converted to a work order in less than 24 hours over all notifications.', 'ratio', 'SAP', 'To view the effectiveness of managing notifications and when they are reviewed.', 'Notification Turnover = All Notifications Converted to Work Orders in under 24 Hours / All Notifications', '[{"name": "creation_date", "data_type": "date", "description": null}, {"name": "notification_id", "data_type": "string", "description": null}, {"name": "work_order_creation_date", "data_type": "date", "description": null}]', NULL, NULL, NULL, true, false, NULL),
	(39, '2025-09-08 04:19:49.060908+00', '2025-09-08 04:19:49.060908+00', 'Task List Materials Usage (Manual DIFOT)', 'A ratio of task lists with materials on them measured against all task lists used on closed work orders.', 'ratio', 'SAP', 'To view the use of task lists with materials that enable effective execution of planned maintenance work and takes into consideration the implications of likely break-in work.', 'Task List Materials Usage = Work Orders Closed with Materials from Task Lists / All Work Orders Closed with Task Lists', '[{"name": "material_id", "data_type": "string", "description": null}, {"name": "task_list_id", "data_type": "string", "description": null}, {"name": "work_order_id", "data_type": "string", "description": null}, {"name": "work_order_status", "data_type": "string", "description": null}]', NULL, NULL, NULL, false, false, NULL),
	(40, '2025-09-08 04:19:49.371284+00', '2025-09-08 04:19:49.371284+00', 'Notification Close Out Quality', 'A ratio of all completed quality work orders/notifications against all work orders. A quality notification closed is when all the below criteria is completed:\nDamage Code\nCause Code\nSystem Code\nComponent Code', 'ratio', 'SAP', 'To view the percentage of notifications completed with all required information. Accurate recording of maintenance history enables analysis for productivity and efficiency improvements.', 'Notification Close Out Quality = Quality Closed Out Notifications / All Notifications Closed', '[{"name": "cause_code", "data_type": "string", "description": null}, {"name": "component_code", "data_type": "string", "description": null}, {"name": "damage_code", "data_type": "string", "description": null}, {"name": "notification_id", "data_type": "string", "description": null}, {"name": "notification_status", "data_type": "string", "description": null}, {"name": "system_code", "data_type": "string", "description": null}, {"name": "work_order_status", "data_type": "string", "description": null}]', NULL, NULL, NULL, false, false, NULL),
	(41, '2025-09-08 04:19:49.664696+00', '2025-09-08 04:19:49.664696+00', 'Workload Control (Manual)', 'A ratio of all planned work orders against all work orders. A planned work order is when the work order has a revision set against it.', 'ratio', 'SAP', 'To view pending planned work. Workload Control is maintained to assist with budgeting and co-ordinating of major maintenance and other significant events affecting Operations planning.', 'Workload Control = All Planned Work Orders / All Work Orders', '[{"name": "revision", "data_type": "string", "description": null}, {"name": "work_order_id", "data_type": "string", "description": null}, {"name": "work_order_status", "data_type": "string", "description": null}]', NULL, NULL, NULL, false, false, NULL),
	(42, '2025-09-08 04:19:49.957083+00', '2025-09-08 04:19:49.957083+00', 'Asset Not Available Reschedule Work', 'A ratio of all rescheduled work orders with status RSAU against all work orders.', 'ratio', 'SAP', 'To view the impact to planned schedule work/compliance due to assets not arriving when requested. It allows us to gain an appreciation of the magnitude of adherence to Schedule.', 'Asset Not Available Reschedule Work = All Rescheduled Work Orders with Status RSAU / All Work Orders', '[{"name": "reschedule_status", "data_type": "string", "description": null}, {"name": "work_order_id", "data_type": "string", "description": null}, {"name": "work_order_status", "data_type": "string", "description": null}]', NULL, NULL, NULL, false, false, NULL),
	(43, '2025-09-08 04:19:50.253194+00', '2025-09-08 04:19:50.253194+00', 'Schedule Compliant', 'The percentage of the scheduled work that was completed in the last 12 months. Work Order measure by count of work orders completed. Scheduled work is all work orders in the current week with a revision assigned.', 'ratio', 'SAP', 'To view the effectiveness of the scheduling process and completion of work for the schedule period', 'Schedule Compliant = All Work Orders Completed / All Scheduled Work Orders', '[{"name": "completion_date", "data_type": "date", "description": null}, {"name": "revision", "data_type": "string", "description": null}, {"name": "scheduled_start_date", "data_type": "date", "description": null}, {"name": "work_order_id", "data_type": "string", "description": null}, {"name": "work_order_status", "data_type": "string", "description": null}]', NULL, NULL, NULL, false, false, NULL),
	(44, '2025-09-08 04:19:50.546412+00', '2025-09-08 04:19:50.546412+00', 'Preventive Work Effectiveness', 'The percentage of corrective work with status FOO, identified from scheduled preventative and corrective work measured over all closed work orders in the last 12 months. Work orders are a measure by count.', 'ratio', 'SAP', 'To view the effectiveness of scheduled preventative and corrective work in identifying corrective work to ensure the asset can be utilised between maintenance periods and break-in work is minimised.', 'Preventative Work Effectiveness = All Corrective Work Orders with Status FOO from Scheduled Work / All Work Orders Closed', '[{"name": "completion_date", "data_type": "date", "description": null}, {"name": "work_order_id", "data_type": "string", "description": null}, {"name": "work_order_status", "data_type": "string", "description": null}, {"name": "work_order_type", "data_type": "string", "description": null}]', NULL, NULL, NULL, false, false, NULL),
	(45, '2025-09-08 04:19:50.855791+00', '2025-09-08 04:19:50.855791+00', 'Asset Handover Effectiveness (Future)', 'Asset Handover Effectiveness is defined as the percentage of calendar time that the asset was not operating before maintenance begun', 'ratio', 'other', 'To view the time that the asset is idol, albeit productively or non-productively. It provides an overall measure of how well delivery of the Asset and handover is done between Maintenance and Operations.', 'Asset Handover Effectiveness = Asset Handover Time / Total of Asset Handover and Maintenance Downtime Time', '[{"name": "asset_id", "data_type": "string", "description": null}, {"name": "handover_start_time", "data_type": "date", "description": null}, {"name": "maintenance_end_time", "data_type": "date", "description": null}, {"name": "maintenance_start_time", "data_type": "date", "description": null}]', NULL, NULL, NULL, false, false, NULL),
	(46, '2025-09-08 04:19:51.186154+00', '2025-09-08 04:19:51.186154+00', 'Asset Condition', 'The amount of time an asset has a status code applied to it measured as a percentage of all time by code type.', 'ratio', 'other', 'To view the condition of the Asset using the Status Code for effective prioritisation and planning of Operations and Maintenance tasks.', 'Asset Condition For Each Status Code = Time in Code / All Time', '[{"name": "asset_id", "data_type": "string", "description": null}, {"name": "status_code", "data_type": "string", "description": null}, {"name": "status_end_date", "data_type": "date", "description": null}, {"name": "status_start_date", "data_type": "date", "description": null}]', NULL, NULL, NULL, false, false, NULL),
	(47, '2025-09-08 04:19:51.449671+00', '2025-09-08 04:19:51.449671+00', 'Unplanned Work Orders (Manual)', 'A summation count of all work orders not planned in back and forward scheduling periods divided by the summation count of all work orders grouped by the work order start date.', 'ratio', 'SAP', 'To view total amount of work orders that are not planned ready for scheduling and execution. It indicates how effectively Maintenance is keeping up with the volume of work being generated with the resources available.', 'Unplanned Work Orders = Unplanned Work Orders / All Work Orders', '[{"name": "revision", "data_type": "string", "description": null}, {"name": "work_order_id", "data_type": "string", "description": null}, {"name": "work_order_start_date", "data_type": "date", "description": null}, {"name": "work_order_status", "data_type": "string", "description": null}]', NULL, NULL, NULL, false, false, NULL),
	(48, '2025-09-08 04:19:51.7407+00', '2025-09-08 04:19:51.7407+00', 'Notification Priority Age', 'A summation of notifications age per priority type divided by the count of notifications per priority type.', 'average', 'SAP', 'To understand the assessment of notification priorities and to how well we are managing the workload. Priorities of work being performed must be determined based on set guidelines and in line with maintenance and operation requirements.', 'Notification Priority = Total Notification Age by Priority / Count of Notifications by Priority', '[{"name": "close_date", "data_type": "date", "description": null}, {"name": "creation_date", "data_type": "date", "description": null}, {"name": "notification_id", "data_type": "string", "description": null}, {"name": "priority", "data_type": "string", "description": null}]', NULL, NULL, NULL, false, false, NULL),
	(49, '2025-09-08 04:19:52.047271+00', '2025-09-08 04:19:52.047271+00', 'Work Order Priority Age', 'A summation of work orders age per priority type divided by the count of work orders per priority type.', 'average', 'SAP', 'To view how prioritisation of work for planning and scheduling is completed using work order priorities and to observe how well we are managing the workload. Priorities of work being performed must be determined based on set guidelines and in line with maintenance and operation requirements.', 'Work Order Priority = Total Work Order Age by Priority / Count of Work Orders by Priority', '[{"name": "close_date", "data_type": "date", "description": null}, {"name": "creation_date", "data_type": "date", "description": null}, {"name": "priority", "data_type": "string", "description": null}, {"name": "work_order_id", "data_type": "string", "description": null}]', NULL, NULL, NULL, false, false, NULL),
	(50, '2025-09-08 04:19:52.376834+00', '2025-09-08 04:19:52.376834+00', 'Rework (Future)', 'A notification raised by RDC within 5 days after depot maintenance, measured across all notifications raised, is an indication our maintenance is not being carried out with quality checks.', 'ratio', 'SAP', 'To view the effectiveness and quality of how we executed work during the planned and scheduled period. With quality assurance checks we control the risk of re-work, which is a source of waste and risk of unnecessary downtime/failure.', 'Rework = M2 Notifications by RDC <= 5 Days / All M2 Notifications', '[{"name": "notification_creation_date", "data_type": "date", "description": null}, {"name": "notification_id", "data_type": "string", "description": null}, {"name": "work_order_completion_date", "data_type": "date", "description": null}, {"name": "work_order_id", "data_type": "string", "description": null}]', NULL, NULL, NULL, false, false, NULL),
	(51, '2025-09-08 04:19:52.670788+00', '2025-09-08 04:19:52.670788+00', 'Planned Equipment Availability (Future)', 'The percentage of calendar time that assets are physically available for work. Calendar time 1440 mins per day and all measurements are to be taken over same period', 'ratio', 'other', 'To view how maintenance work in the future integrates with the operation plans which is reflected by predicting availability of equipment after scheduled maintenance.', 'Equipment Availability = (Calendar Time - Total Hours Future Work Orders) / Calendar Time', '[{"name": "asset_id", "data_type": "string", "description": null}, {"name": "calendar_time", "data_type": "number", "description": null}, {"name": "total_hours_future_work_orders", "data_type": "number", "description": null}]', NULL, NULL, NULL, false, false, NULL),
	(52, '2025-09-08 04:19:52.924363+00', '2025-09-08 04:19:52.924363+00', 'Break-In Work Ratio', 'The ratio of the break-in maintenance work to the total maintenance work based on work order count calculated over the same period.', 'ratio', 'SAP', 'The break-in work ratio measures the distribution of the maintenance work by showing the type of work that maintenance resources are executing.', 'Break-In Work Ratio = Total Number of Break-In Work Orders Completed / Total Number of Work Orders Completed', '[{"name": "completion_date", "data_type": "date", "description": null}, {"name": "work_order_id", "data_type": "string", "description": null}, {"name": "work_order_status", "data_type": "string", "description": null}, {"name": "work_order_type", "data_type": "string", "description": null}]', NULL, NULL, NULL, true, false, NULL),
	(53, '2025-09-08 04:19:53.222016+00', '2025-09-08 04:19:53.222016+00', 'Scheduled Loading', 'It is defined as the percentage of total estimated work hours on scheduled work orders for the scheduling period compared to total available manhours for the scheduling period.', 'ratio', 'SAP', 'To view planned utilisation of labour on scheduled work compared to all labour available and the effective use of the work order management system in managing labour.', 'Schedule Loading = Total Estimated Work Hours / Total Work Hours Available', '[{"name": "estimated_work_hours", "data_type": "number", "description": null}, {"name": "scheduled_end_date", "data_type": "date", "description": null}, {"name": "scheduled_start_date", "data_type": "date", "description": null}, {"name": "total_work_hours_available", "data_type": "number", "description": null}, {"name": "work_order_id", "data_type": "string", "description": null}]', NULL, NULL, NULL, false, false, NULL),
	(54, '2025-09-08 04:19:53.550942+00', '2025-09-08 04:19:53.550942+00', 'Material Demand Forecast (Future)', 'The percentage of materials that are ordered with a requirement date compared to the expected delivery time. Materials are measured as a count.', 'ratio', 'other', 'To view inventory effectiveness with demand forecasting.', 'Material Demand Forecast = Total Materials meet Forecast Date / Total All Materials', '[{"name": "delivery_date", "data_type": "date", "description": null}, {"name": "forecast_date", "data_type": "date", "description": null}, {"name": "material_id", "data_type": "string", "description": null}, {"name": "order_date", "data_type": "date", "description": null}]', NULL, NULL, NULL, false, false, NULL),
	(55, '2025-09-08 04:19:53.858233+00', '2025-09-08 04:19:53.858233+00', 'Corrective Work Task List Usage (Manual)', 'A ratio of corrective work orders with task list on them measured against all corrective work orders.', 'ratio', 'SAP', 'To view whether task lists are used on corrective work orders that enable effective execution of planned maintenance work.', 'Corrective Work Task List Usage = Corrective Work Orders Closed with Task Lists / All Corrective Work Orders Closed', '[{"name": "task_list_id", "data_type": "string", "description": null}, {"name": "work_order_id", "data_type": "string", "description": null}, {"name": "work_order_status", "data_type": "string", "description": null}, {"name": "work_order_type", "data_type": "string", "description": null}]', NULL, NULL, NULL, false, false, NULL),
	(56, '2025-09-08 04:19:54.156811+00', '2025-09-08 04:19:54.156811+00', 'Preventive Work Profile', 'Preventative work orders measured against total of all Preventative and Corrective work orders over a period. Period will be measured over the same time frame', 'ratio', 'SAP', 'To view the ratio of Preventative work against Corrective work. It provides an indication of how much work is proactive and scheduled to assure Asset capability.', 'Preventative Schedule Work = Preventative Work Orders / All Work Orders', '[{"name": "completion_date", "data_type": "date", "description": null}, {"name": "work_order_id", "data_type": "string", "description": null}, {"name": "work_order_status", "data_type": "string", "description": null}, {"name": "work_order_type", "data_type": "string", "description": null}]', NULL, NULL, NULL, false, false, NULL),
	(57, '2025-09-08 04:19:54.450173+00', '2025-09-08 04:19:54.450173+00', 'On Time Material Delivery (Manual DIFOT)', 'Materials required ordered date is compared to the actual delivery time and measured as a percentage that meet the required date.', 'ratio', 'SAP', 'To view inventory efficiency for delivery of materials when required for maintenance. It is an indicator of how supply is meeting maintenance demand in terms of the requested delivery date.', 'On Time Material Delivery = Total Materials Meet Required Date / Total All Materials', '[{"name": "delivery_date", "data_type": "date", "description": null}, {"name": "material_id", "data_type": "string", "description": null}, {"name": "required_date", "data_type": "date", "description": null}]', NULL, NULL, NULL, false, false, NULL),
	(58, '2025-09-08 04:19:54.737611+00', '2025-09-08 04:19:54.737611+00', 'Effective Labour Rate', 'The total of all direct and indirect labour costs is divided by all work order hours confirmed over the same period.', 'average', 'SAP', 'To view the effect of internal labour cost per hour for maintenance work and to benchmark this across depots and compare against budget.', 'Effective Labour Rate = Total All Costs / Total All Time Confirmations', '[{"name": "completion_date", "data_type": "date", "description": null}, {"name": "labour_cost", "data_type": "number", "description": null}, {"name": "time_confirmation_hours", "data_type": "number", "description": null}, {"name": "work_order_id", "data_type": "string", "description": null}]', NULL, NULL, NULL, false, false, NULL),
	(59, '2025-09-08 04:19:54.997859+00', '2025-09-08 04:19:54.997859+00', 'Material Management (Future)', 'All work orders with a return material movement on a work order captures the date the material was returned compared to the work order completion and then averaged in days.', 'average', 'SAP', 'To view the effectiveness and management of materials not used on work orders through the timeliness for return.', 'Material Management = Sum(Return Material Date - Work Order Completion Date) / Total Count Material Returns', '[{"name": "completion_date", "data_type": "date", "description": null}, {"name": "return_material_date", "data_type": "date", "description": null}, {"name": "work_order_id", "data_type": "string", "description": null}]', NULL, NULL, NULL, false, false, NULL),
	(60, '2025-09-08 04:19:55.288649+00', '2025-09-08 04:19:55.288649+00', 'Labour Wait Time (Manual)', 'Capture total time confirmations from standing work orders that have text reference delayed due to operations divided by all time confirmations to provide a percentage of time spent waiting.', 'ratio', 'SAP', 'To view the time spent by maintenance personnel waiting for assets to be delivered for scheduled maintenance.', 'Labour Wait Time = Total Hours Time Confirmations for Waiting / Total All Time Confirmations', '[{"name": "completion_date", "data_type": "date", "description": null}, {"name": "time_confirmation_hours", "data_type": "number", "description": null}, {"name": "work_order_id", "data_type": "string", "description": null}, {"name": "work_order_text", "data_type": "string", "description": null}]', NULL, NULL, NULL, false, false, NULL),
	(61, '2025-09-08 04:19:55.592948+00', '2025-09-08 04:19:55.592948+00', 'Labour Estimate Accuracy', 'A ratio of the sum of actual labour hours for all work order operations completed for that period to the sum of planned labour hours for all work order operations completed  expressed as a percentage.', 'ratio', 'SAP', 'To view the accuracy of the work order planning and scheduling function and the effectiveness of the work order feedback process.', 'Labour Estimate Accuracy = Total Hours Actual Time Confirmations for all Operations / Total Hours Planned Time Confirmations for all Operations', '[{"name": "actual_time_confirmation_hours", "data_type": "number", "description": null}, {"name": "completion_date", "data_type": "date", "description": null}, {"name": "planned_time_confirmation_hours", "data_type": "number", "description": null}, {"name": "work_order_id", "data_type": "string", "description": null}]', NULL, NULL, NULL, false, false, NULL),
	(62, '2025-09-08 04:19:55.920392+00', '2025-09-08 04:19:55.920392+00', 'Notification Ratio', 'A summation of notifications created by RDC compared to all notifications created.', 'ratio', 'SAP', 'To view the ratio of work generated by Operations compared to Maintenance.', 'Notification Ratio = Total Count Notifications Created by RDC / Total Count All Notifications', '[{"name": "created_by", "data_type": "string", "description": null}, {"name": "creation_date", "data_type": "date", "description": null}, {"name": "notification_id", "data_type": "string", "description": null}]', NULL, NULL, NULL, false, false, NULL),
	(63, '2025-09-08 04:19:56.226256+00', '2025-09-08 04:19:56.226256+00', 'Corrective Work Profile', 'Corrective work orders measured against total of all Preventative and Corrective work orders over a period. Period will be measured over the same time frame', 'ratio', 'SAP', 'To view the ratio of Corrective work against Preventative work. It provides an indication of how much work is reactive or non-proactive and unscheduled in maintaining the Asset.', 'Corrective Profile = Total Count Preventative Work Orders / Total Work Orders Count', '[{"name": "completion_date", "data_type": "date", "description": null}, {"name": "work_order_id", "data_type": "string", "description": null}, {"name": "work_order_status", "data_type": "string", "description": null}, {"name": "work_order_type", "data_type": "string", "description": null}]', NULL, NULL, NULL, false, false, NULL),
	(64, '2025-09-08 04:19:56.553105+00', '2025-09-08 04:19:56.553105+00', 'Cost Estimate Accuracy (Future)', 'The sum of actual work order costs for all work orders completed for that period compared to the sum planned work order costs for all work orders completed  expressed as a percentage.', 'ratio', 'SAP', 'To view the accuracy of the work order planning function with estimation of works through costing.', 'Cost Estimate Accuracy = Total Actual Work Order Costs / Total Planned Work Order Costs', '[{"name": "actual_work_order_cost", "data_type": "number", "description": null}, {"name": "completion_date", "data_type": "date", "description": null}, {"name": "planned_work_order_cost", "data_type": "number", "description": null}, {"name": "work_order_id", "data_type": "string", "description": null}]', NULL, NULL, NULL, false, false, NULL),
	(65, '2025-09-08 04:19:56.849278+00', '2025-09-08 04:19:56.849278+00', 'Preventative Work Compliance (Manual)', 'A percentage of preventative work orders completed on time measured against all preventative work orders compliance date over a period.', 'ratio', 'SAP', 'To view effectiveness of completing Preventative work on time to assure Asset compliance and capability.', 'Preventative Work Compliance = Total Preventative Work Orders Completed on Time / Total Preventative Work Orders', '[{"name": "completion_date", "data_type": "date", "description": null}, {"name": "compliance_date", "data_type": "date", "description": null}, {"name": "work_order_id", "data_type": "string", "description": null}, {"name": "work_order_status", "data_type": "string", "description": null}, {"name": "work_order_type", "data_type": "string", "description": null}]', NULL, NULL, NULL, false, false, NULL),
	(66, '2025-09-08 04:19:57.112872+00', '2025-09-08 04:19:57.112872+00', 'Break-In Work Ratio Hours', 'The ratio of the break-in maintenance work to the total maintenance work based on hours booked to work order type calculated over the same period', 'ratio', 'SAP', 'The break-in work ratio measures the distribution of the maintenance work by showing the type of work that maintenance resources are executing.', 'Break-In Work Ratio Hours = Total Hours from Break-In Work Orders Completed / Total Hours from All Work Orders Completed', '[{"name": "completion_date", "data_type": "date", "description": null}, {"name": "time_confirmation_hours", "data_type": "number", "description": null}, {"name": "work_order_id", "data_type": "string", "description": null}, {"name": "work_order_status", "data_type": "string", "description": null}, {"name": "work_order_type", "data_type": "string", "description": null}]', NULL, NULL, NULL, true, false, NULL),
	(67, '2025-09-08 04:19:57.42043+00', '2025-09-08 04:19:57.42043+00', 'Scheduled  Work Type Ratio', 'The percentage of the all scheduled work orders over 12 months as a ratio of Preventative (PM01) and Corrective (PM02). Work Order measure by count of work orders. Scheduled work is all work orders in the current week with a revision assigned.', 'ratio', 'SAP', 'To view the ratio of work type scheduled for the schedule period.', 'Schedule Type Ratio = PM01 or PM02 Work Orders / Total All PM01 & PM02 Work Orders', '[{"name": "completion_date", "data_type": "date", "description": null}, {"name": "revision", "data_type": "string", "description": null}, {"name": "scheduled_start_date", "data_type": "date", "description": null}, {"name": "work_order_id", "data_type": "string", "description": null}, {"name": "work_order_status", "data_type": "string", "description": null}, {"name": "work_order_type", "data_type": "string", "description": null}]', NULL, NULL, NULL, true, false, NULL);


--
-- Data for Name: measurements_calculated; Type: TABLE DATA; Schema: public; Owner: postgres
--



--
-- Data for Name: program_measurements; Type: TABLE DATA; Schema: public; Owner: postgres
--



--
-- Data for Name: program_objectives; Type: TABLE DATA; Schema: public; Owner: postgres
--



--
-- Data for Name: questionnaire_rating_scales; Type: TABLE DATA; Schema: public; Owner: postgres
--

INSERT INTO "public"."questionnaire_rating_scales" ("id", "created_at", "updated_at", "name", "description", "order_index", "value", "created_by", "questionnaire_id", "is_deleted", "deleted_at", "company_id") VALUES
	(1, '2025-10-31 03:41:14.098691+00', '2025-10-31 03:41:14.098691+00', 'Critical', 'Significant issues requiring immediate intervention. Performance well below acceptable standards with multiple failures or blockages.', 1, 1, '00000000-0000-0000-0000-000000000001', 1, false, NULL, 'b64d182f-0ee3-40a0-b367-281f31902620'),
	(2, '2025-10-31 03:41:24.042281+00', '2025-10-31 03:41:24.042281+00', 'Below Standard', 'Notable challenges impacting effectiveness. Performance below expectations with frequent issues requiring corrective action.', 2, 2, '00000000-0000-0000-0000-000000000001', 1, false, NULL, 'b64d182f-0ee3-40a0-b367-281f31902620'),
	(3, '2025-10-31 03:41:34.490044+00', '2025-10-31 03:41:34.490044+00', 'Acceptable', 'Meeting minimum requirements with some challenges. Performance is adequate but has room for improvement.', 3, 3, '00000000-0000-0000-0000-000000000001', 1, false, NULL, 'b64d182f-0ee3-40a0-b367-281f31902620'),
	(4, '2025-10-31 03:41:44.00868+00', '2025-10-31 03:41:44.00868+00', 'Effective', 'Consistently meeting expectations with minor issues. Performance is reliable with only occasional adjustments needed.', 4, 4, '00000000-0000-0000-0000-000000000001', 1, false, NULL, 'b64d182f-0ee3-40a0-b367-281f31902620'),
	(5, '2025-10-31 03:41:52.231467+00', '2025-10-31 03:41:52.231467+00', 'Optimal', 'Exceeding expectations with minimal to no issues. Performance is excellent and can serve as a best practice example.', 5, 5, '00000000-0000-0000-0000-000000000001', 1, false, NULL, 'b64d182f-0ee3-40a0-b367-281f31902620'),
	(6, '2025-10-31 08:01:44.206035+00', '2025-10-31 08:01:44.206035+00', 'Bad', 'Bad', 1, 0, '00000000-0000-0000-0000-000000000001', 2, false, NULL, 'b64d182f-0ee3-40a0-b367-281f31902620'),
	(7, '2025-10-31 08:01:56.11966+00', '2025-10-31 08:01:56.11966+00', 'Good', 'Good', 2, 1, '00000000-0000-0000-0000-000000000001', 2, false, NULL, 'b64d182f-0ee3-40a0-b367-281f31902620'),
	(8, '2025-11-04 00:11:32.598007+00', '2025-11-04 00:11:32.598007+00', 'Non-existent', 'No formal processes or systems in place. Ad-hoc reactive approach with no strategic direction.', 1, 1, '00000000-0000-0000-0000-000000000001', 3, false, NULL, 'b64d182f-0ee3-40a0-b367-281f31902620'),
	(9, '2025-11-04 00:11:44.748373+00', '2025-11-04 00:11:44.748373+00', 'Initial', 'Basic awareness and initial efforts underway. Informal processes with limited documentation or consistency.', 2, 2, '00000000-0000-0000-0000-000000000001', 3, false, NULL, 'b64d182f-0ee3-40a0-b367-281f31902620'),
	(10, '2025-11-04 00:11:56.225057+00', '2025-11-04 00:11:56.225057+00', 'Developing', 'Formal processes being established. Partial implementation with growing maturity and documentation.', 3, 3, '00000000-0000-0000-0000-000000000001', 3, false, NULL, 'b64d182f-0ee3-40a0-b367-281f31902620'),
	(11, '2025-11-04 00:12:06.223564+00', '2025-11-04 00:12:06.223564+00', 'Established', 'Comprehensive processes fully implemented. Consistent application with regular review and improvement.', 4, 4, '00000000-0000-0000-0000-000000000001', 3, false, NULL, 'b64d182f-0ee3-40a0-b367-281f31902620'),
	(12, '2025-11-04 00:12:18.912605+00', '2025-11-04 00:12:18.912605+00', 'Optimised', 'Industry-leading practices with continuous optimization. Data-driven decision making and predictive capabilities.', 5, 5, '00000000-0000-0000-0000-000000000001', 3, false, NULL, 'b64d182f-0ee3-40a0-b367-281f31902620');


--
-- Data for Name: questionnaire_question_rating_scales; Type: TABLE DATA; Schema: public; Owner: postgres
--

INSERT INTO "public"."questionnaire_question_rating_scales" ("id", "created_at", "updated_at", "created_by", "questionnaire_question_id", "questionnaire_rating_scale_id", "description", "deleted_at", "is_deleted", "questionnaire_id", "company_id") VALUES
	(1, '2025-10-31 03:43:19.219296+00', '2025-10-31 03:43:19.219296+00', '00000000-0000-0000-0000-000000000001', 1, 1, 'Significant issues requiring immediate intervention. Performance well below acceptable standards with multiple failures or blockages.', NULL, false, 1, 'b64d182f-0ee3-40a0-b367-281f31902620'),
	(2, '2025-10-31 03:43:19.219296+00', '2025-10-31 03:43:19.219296+00', '00000000-0000-0000-0000-000000000001', 1, 2, 'Notable challenges impacting effectiveness. Performance below expectations with frequent issues requiring corrective action.', NULL, false, 1, 'b64d182f-0ee3-40a0-b367-281f31902620'),
	(3, '2025-10-31 03:43:19.219296+00', '2025-10-31 03:43:19.219296+00', '00000000-0000-0000-0000-000000000001', 1, 3, 'Meeting minimum requirements with some challenges. Performance is adequate but has room for improvement.', NULL, false, 1, 'b64d182f-0ee3-40a0-b367-281f31902620'),
	(4, '2025-10-31 03:43:19.219296+00', '2025-10-31 03:43:19.219296+00', '00000000-0000-0000-0000-000000000001', 1, 4, 'Consistently meeting expectations with minor issues. Performance is reliable with only occasional adjustments needed.', NULL, false, 1, 'b64d182f-0ee3-40a0-b367-281f31902620'),
	(5, '2025-10-31 03:43:19.219296+00', '2025-10-31 03:43:19.219296+00', '00000000-0000-0000-0000-000000000001', 1, 5, 'Exceeding expectations with minimal to no issues. Performance is excellent and can serve as a best practice example.', NULL, false, 1, 'b64d182f-0ee3-40a0-b367-281f31902620'),
	(6, '2025-10-31 03:44:01.755718+00', '2025-10-31 03:44:01.755718+00', '00000000-0000-0000-0000-000000000001', 2, 1, 'Significant issues requiring immediate intervention. Performance well below acceptable standards with multiple failures or blockages.', NULL, false, 1, 'b64d182f-0ee3-40a0-b367-281f31902620'),
	(7, '2025-10-31 03:44:01.755718+00', '2025-10-31 03:44:01.755718+00', '00000000-0000-0000-0000-000000000001', 2, 2, 'Notable challenges impacting effectiveness. Performance below expectations with frequent issues requiring corrective action.', NULL, false, 1, 'b64d182f-0ee3-40a0-b367-281f31902620'),
	(8, '2025-10-31 03:44:01.755718+00', '2025-10-31 03:44:01.755718+00', '00000000-0000-0000-0000-000000000001', 2, 3, 'Meeting minimum requirements with some challenges. Performance is adequate but has room for improvement.', NULL, false, 1, 'b64d182f-0ee3-40a0-b367-281f31902620'),
	(9, '2025-10-31 03:44:01.755718+00', '2025-10-31 03:44:01.755718+00', '00000000-0000-0000-0000-000000000001', 2, 4, 'Consistently meeting expectations with minor issues. Performance is reliable with only occasional adjustments needed.', NULL, false, 1, 'b64d182f-0ee3-40a0-b367-281f31902620'),
	(10, '2025-10-31 03:44:01.755718+00', '2025-10-31 03:44:01.755718+00', '00000000-0000-0000-0000-000000000001', 2, 5, 'Exceeding expectations with minimal to no issues. Performance is excellent and can serve as a best practice example.', NULL, false, 1, 'b64d182f-0ee3-40a0-b367-281f31902620'),
	(11, '2025-10-31 03:44:20.961876+00', '2025-10-31 03:44:20.961876+00', '00000000-0000-0000-0000-000000000001', 3, 1, 'Significant issues requiring immediate intervention. Performance well below acceptable standards with multiple failures or blockages.', NULL, false, 1, 'b64d182f-0ee3-40a0-b367-281f31902620'),
	(12, '2025-10-31 03:44:20.961876+00', '2025-10-31 03:44:20.961876+00', '00000000-0000-0000-0000-000000000001', 3, 2, 'Notable challenges impacting effectiveness. Performance below expectations with frequent issues requiring corrective action.', NULL, false, 1, 'b64d182f-0ee3-40a0-b367-281f31902620'),
	(13, '2025-10-31 03:44:20.961876+00', '2025-10-31 03:44:20.961876+00', '00000000-0000-0000-0000-000000000001', 3, 3, 'Meeting minimum requirements with some challenges. Performance is adequate but has room for improvement.', NULL, false, 1, 'b64d182f-0ee3-40a0-b367-281f31902620'),
	(14, '2025-10-31 03:44:20.961876+00', '2025-10-31 03:44:20.961876+00', '00000000-0000-0000-0000-000000000001', 3, 4, 'Consistently meeting expectations with minor issues. Performance is reliable with only occasional adjustments needed.', NULL, false, 1, 'b64d182f-0ee3-40a0-b367-281f31902620'),
	(15, '2025-10-31 03:44:20.961876+00', '2025-10-31 03:44:20.961876+00', '00000000-0000-0000-0000-000000000001', 3, 5, 'Exceeding expectations with minimal to no issues. Performance is excellent and can serve as a best practice example.', NULL, false, 1, 'b64d182f-0ee3-40a0-b367-281f31902620'),
	(16, '2025-10-31 03:44:34.062548+00', '2025-10-31 03:44:34.062548+00', '00000000-0000-0000-0000-000000000001', 4, 1, 'Significant issues requiring immediate intervention. Performance well below acceptable standards with multiple failures or blockages.', NULL, false, 1, 'b64d182f-0ee3-40a0-b367-281f31902620'),
	(17, '2025-10-31 03:44:34.062548+00', '2025-10-31 03:44:34.062548+00', '00000000-0000-0000-0000-000000000001', 4, 2, 'Notable challenges impacting effectiveness. Performance below expectations with frequent issues requiring corrective action.', NULL, false, 1, 'b64d182f-0ee3-40a0-b367-281f31902620'),
	(18, '2025-10-31 03:44:34.062548+00', '2025-10-31 03:44:34.062548+00', '00000000-0000-0000-0000-000000000001', 4, 3, 'Meeting minimum requirements with some challenges. Performance is adequate but has room for improvement.', NULL, false, 1, 'b64d182f-0ee3-40a0-b367-281f31902620'),
	(19, '2025-10-31 03:44:34.062548+00', '2025-10-31 03:44:34.062548+00', '00000000-0000-0000-0000-000000000001', 4, 4, 'Consistently meeting expectations with minor issues. Performance is reliable with only occasional adjustments needed.', NULL, false, 1, 'b64d182f-0ee3-40a0-b367-281f31902620'),
	(20, '2025-10-31 03:44:34.062548+00', '2025-10-31 03:44:34.062548+00', '00000000-0000-0000-0000-000000000001', 4, 5, 'Exceeding expectations with minimal to no issues. Performance is excellent and can serve as a best practice example.', NULL, false, 1, 'b64d182f-0ee3-40a0-b367-281f31902620'),
	(21, '2025-10-31 03:44:45.07915+00', '2025-10-31 03:44:45.07915+00', '00000000-0000-0000-0000-000000000001', 5, 1, 'Significant issues requiring immediate intervention. Performance well below acceptable standards with multiple failures or blockages.', NULL, false, 1, 'b64d182f-0ee3-40a0-b367-281f31902620'),
	(22, '2025-10-31 03:44:45.07915+00', '2025-10-31 03:44:45.07915+00', '00000000-0000-0000-0000-000000000001', 5, 2, 'Notable challenges impacting effectiveness. Performance below expectations with frequent issues requiring corrective action.', NULL, false, 1, 'b64d182f-0ee3-40a0-b367-281f31902620'),
	(23, '2025-10-31 03:44:45.07915+00', '2025-10-31 03:44:45.07915+00', '00000000-0000-0000-0000-000000000001', 5, 3, 'Meeting minimum requirements with some challenges. Performance is adequate but has room for improvement.', NULL, false, 1, 'b64d182f-0ee3-40a0-b367-281f31902620'),
	(24, '2025-10-31 03:44:45.07915+00', '2025-10-31 03:44:45.07915+00', '00000000-0000-0000-0000-000000000001', 5, 4, 'Consistently meeting expectations with minor issues. Performance is reliable with only occasional adjustments needed.', NULL, false, 1, 'b64d182f-0ee3-40a0-b367-281f31902620'),
	(25, '2025-10-31 03:44:45.07915+00', '2025-10-31 03:44:45.07915+00', '00000000-0000-0000-0000-000000000001', 5, 5, 'Exceeding expectations with minimal to no issues. Performance is excellent and can serve as a best practice example.', NULL, false, 1, 'b64d182f-0ee3-40a0-b367-281f31902620'),
	(26, '2025-10-31 03:46:35.509192+00', '2025-10-31 03:46:35.509192+00', '00000000-0000-0000-0000-000000000001', 6, 1, 'Significant issues requiring immediate intervention. Performance well below acceptable standards with multiple failures or blockages.', NULL, false, 1, 'b64d182f-0ee3-40a0-b367-281f31902620'),
	(27, '2025-10-31 03:46:35.509192+00', '2025-10-31 03:46:35.509192+00', '00000000-0000-0000-0000-000000000001', 6, 2, 'Notable challenges impacting effectiveness. Performance below expectations with frequent issues requiring corrective action.', NULL, false, 1, 'b64d182f-0ee3-40a0-b367-281f31902620'),
	(28, '2025-10-31 03:46:35.509192+00', '2025-10-31 03:46:35.509192+00', '00000000-0000-0000-0000-000000000001', 6, 3, 'Meeting minimum requirements with some challenges. Performance is adequate but has room for improvement.', NULL, false, 1, 'b64d182f-0ee3-40a0-b367-281f31902620'),
	(29, '2025-10-31 03:46:35.509192+00', '2025-10-31 03:46:35.509192+00', '00000000-0000-0000-0000-000000000001', 6, 4, 'Consistently meeting expectations with minor issues. Performance is reliable with only occasional adjustments needed.', NULL, false, 1, 'b64d182f-0ee3-40a0-b367-281f31902620'),
	(30, '2025-10-31 03:46:35.509192+00', '2025-10-31 03:46:35.509192+00', '00000000-0000-0000-0000-000000000001', 6, 5, 'Exceeding expectations with minimal to no issues. Performance is excellent and can serve as a best practice example.', NULL, false, 1, 'b64d182f-0ee3-40a0-b367-281f31902620'),
	(31, '2025-10-31 03:46:56.182349+00', '2025-10-31 03:46:56.182349+00', '00000000-0000-0000-0000-000000000001', 7, 1, 'Significant issues requiring immediate intervention. Performance well below acceptable standards with multiple failures or blockages.', NULL, false, 1, 'b64d182f-0ee3-40a0-b367-281f31902620'),
	(32, '2025-10-31 03:46:56.182349+00', '2025-10-31 03:46:56.182349+00', '00000000-0000-0000-0000-000000000001', 7, 2, 'Notable challenges impacting effectiveness. Performance below expectations with frequent issues requiring corrective action.', NULL, false, 1, 'b64d182f-0ee3-40a0-b367-281f31902620'),
	(33, '2025-10-31 03:46:56.182349+00', '2025-10-31 03:46:56.182349+00', '00000000-0000-0000-0000-000000000001', 7, 3, 'Meeting minimum requirements with some challenges. Performance is adequate but has room for improvement.', NULL, false, 1, 'b64d182f-0ee3-40a0-b367-281f31902620'),
	(34, '2025-10-31 03:46:56.182349+00', '2025-10-31 03:46:56.182349+00', '00000000-0000-0000-0000-000000000001', 7, 4, 'Consistently meeting expectations with minor issues. Performance is reliable with only occasional adjustments needed.', NULL, false, 1, 'b64d182f-0ee3-40a0-b367-281f31902620'),
	(35, '2025-10-31 03:46:56.182349+00', '2025-10-31 03:46:56.182349+00', '00000000-0000-0000-0000-000000000001', 7, 5, 'Exceeding expectations with minimal to no issues. Performance is excellent and can serve as a best practice example.', NULL, false, 1, 'b64d182f-0ee3-40a0-b367-281f31902620'),
	(36, '2025-10-31 03:47:09.107664+00', '2025-10-31 03:47:09.107664+00', '00000000-0000-0000-0000-000000000001', 8, 1, 'Significant issues requiring immediate intervention. Performance well below acceptable standards with multiple failures or blockages.', NULL, false, 1, 'b64d182f-0ee3-40a0-b367-281f31902620'),
	(37, '2025-10-31 03:47:09.107664+00', '2025-10-31 03:47:09.107664+00', '00000000-0000-0000-0000-000000000001', 8, 2, 'Notable challenges impacting effectiveness. Performance below expectations with frequent issues requiring corrective action.', NULL, false, 1, 'b64d182f-0ee3-40a0-b367-281f31902620'),
	(38, '2025-10-31 03:47:09.107664+00', '2025-10-31 03:47:09.107664+00', '00000000-0000-0000-0000-000000000001', 8, 3, 'Meeting minimum requirements with some challenges. Performance is adequate but has room for improvement.', NULL, false, 1, 'b64d182f-0ee3-40a0-b367-281f31902620'),
	(39, '2025-10-31 03:47:09.107664+00', '2025-10-31 03:47:09.107664+00', '00000000-0000-0000-0000-000000000001', 8, 4, 'Consistently meeting expectations with minor issues. Performance is reliable with only occasional adjustments needed.', NULL, false, 1, 'b64d182f-0ee3-40a0-b367-281f31902620'),
	(40, '2025-10-31 03:47:09.107664+00', '2025-10-31 03:47:09.107664+00', '00000000-0000-0000-0000-000000000001', 8, 5, 'Exceeding expectations with minimal to no issues. Performance is excellent and can serve as a best practice example.', NULL, false, 1, 'b64d182f-0ee3-40a0-b367-281f31902620'),
	(41, '2025-10-31 03:47:25.452122+00', '2025-10-31 03:47:25.452122+00', '00000000-0000-0000-0000-000000000001', 9, 1, 'Significant issues requiring immediate intervention. Performance well below acceptable standards with multiple failures or blockages.', NULL, false, 1, 'b64d182f-0ee3-40a0-b367-281f31902620'),
	(42, '2025-10-31 03:47:25.452122+00', '2025-10-31 03:47:25.452122+00', '00000000-0000-0000-0000-000000000001', 9, 2, 'Notable challenges impacting effectiveness. Performance below expectations with frequent issues requiring corrective action.', NULL, false, 1, 'b64d182f-0ee3-40a0-b367-281f31902620'),
	(43, '2025-10-31 03:47:25.452122+00', '2025-10-31 03:47:25.452122+00', '00000000-0000-0000-0000-000000000001', 9, 3, 'Meeting minimum requirements with some challenges. Performance is adequate but has room for improvement.', NULL, false, 1, 'b64d182f-0ee3-40a0-b367-281f31902620'),
	(44, '2025-10-31 03:47:25.452122+00', '2025-10-31 03:47:25.452122+00', '00000000-0000-0000-0000-000000000001', 9, 4, 'Consistently meeting expectations with minor issues. Performance is reliable with only occasional adjustments needed.', NULL, false, 1, 'b64d182f-0ee3-40a0-b367-281f31902620'),
	(45, '2025-10-31 03:47:25.452122+00', '2025-10-31 03:47:25.452122+00', '00000000-0000-0000-0000-000000000001', 9, 5, 'Exceeding expectations with minimal to no issues. Performance is excellent and can serve as a best practice example.', NULL, false, 1, 'b64d182f-0ee3-40a0-b367-281f31902620'),
	(46, '2025-10-31 03:47:44.794956+00', '2025-10-31 03:47:44.794956+00', '00000000-0000-0000-0000-000000000001', 10, 1, 'Significant issues requiring immediate intervention. Performance well below acceptable standards with multiple failures or blockages.', NULL, false, 1, 'b64d182f-0ee3-40a0-b367-281f31902620'),
	(47, '2025-10-31 03:47:44.794956+00', '2025-10-31 03:47:44.794956+00', '00000000-0000-0000-0000-000000000001', 10, 2, 'Notable challenges impacting effectiveness. Performance below expectations with frequent issues requiring corrective action.', NULL, false, 1, 'b64d182f-0ee3-40a0-b367-281f31902620'),
	(48, '2025-10-31 03:47:44.794956+00', '2025-10-31 03:47:44.794956+00', '00000000-0000-0000-0000-000000000001', 10, 3, 'Meeting minimum requirements with some challenges. Performance is adequate but has room for improvement.', NULL, false, 1, 'b64d182f-0ee3-40a0-b367-281f31902620'),
	(49, '2025-10-31 03:47:44.794956+00', '2025-10-31 03:47:44.794956+00', '00000000-0000-0000-0000-000000000001', 10, 4, 'Consistently meeting expectations with minor issues. Performance is reliable with only occasional adjustments needed.', NULL, false, 1, 'b64d182f-0ee3-40a0-b367-281f31902620'),
	(50, '2025-10-31 03:47:44.794956+00', '2025-10-31 03:47:44.794956+00', '00000000-0000-0000-0000-000000000001', 10, 5, 'Exceeding expectations with minimal to no issues. Performance is excellent and can serve as a best practice example.', NULL, false, 1, 'b64d182f-0ee3-40a0-b367-281f31902620'),
	(51, '2025-10-31 03:47:50.959009+00', '2025-10-31 03:47:50.959009+00', '00000000-0000-0000-0000-000000000001', 11, 1, 'Significant issues requiring immediate intervention. Performance well below acceptable standards with multiple failures or blockages.', NULL, false, 1, 'b64d182f-0ee3-40a0-b367-281f31902620'),
	(52, '2025-10-31 03:47:50.959009+00', '2025-10-31 03:47:50.959009+00', '00000000-0000-0000-0000-000000000001', 11, 2, 'Notable challenges impacting effectiveness. Performance below expectations with frequent issues requiring corrective action.', NULL, false, 1, 'b64d182f-0ee3-40a0-b367-281f31902620'),
	(53, '2025-10-31 03:47:50.959009+00', '2025-10-31 03:47:50.959009+00', '00000000-0000-0000-0000-000000000001', 11, 3, 'Meeting minimum requirements with some challenges. Performance is adequate but has room for improvement.', NULL, false, 1, 'b64d182f-0ee3-40a0-b367-281f31902620'),
	(54, '2025-10-31 03:47:50.959009+00', '2025-10-31 03:47:50.959009+00', '00000000-0000-0000-0000-000000000001', 11, 4, 'Consistently meeting expectations with minor issues. Performance is reliable with only occasional adjustments needed.', NULL, false, 1, 'b64d182f-0ee3-40a0-b367-281f31902620'),
	(55, '2025-10-31 03:47:50.959009+00', '2025-10-31 03:47:50.959009+00', '00000000-0000-0000-0000-000000000001', 11, 5, 'Exceeding expectations with minimal to no issues. Performance is excellent and can serve as a best practice example.', NULL, false, 1, 'b64d182f-0ee3-40a0-b367-281f31902620'),
	(56, '2025-10-31 08:02:52.80997+00', '2025-10-31 08:02:52.80997+00', '00000000-0000-0000-0000-000000000001', 12, 6, 'Bad', NULL, false, 2, 'b64d182f-0ee3-40a0-b367-281f31902620'),
	(57, '2025-10-31 08:02:52.80997+00', '2025-10-31 08:02:52.80997+00', '00000000-0000-0000-0000-000000000001', 12, 7, 'Good', NULL, false, 2, 'b64d182f-0ee3-40a0-b367-281f31902620'),
	(58, '2025-11-04 00:16:35.865283+00', '2025-11-04 00:16:50.867+00', '00000000-0000-0000-0000-000000000001', 13, 8, 'No formal policy exists. Asset decisions made ad-hoc without strategic direction.', NULL, false, 3, 'b64d182f-0ee3-40a0-b367-281f31902620'),
	(59, '2025-11-04 00:16:35.865283+00', '2025-11-04 00:16:56.727+00', '00000000-0000-0000-0000-000000000001', 13, 9, 'Basic policy exists but not formally documented or consistently applied.', NULL, false, 3, 'b64d182f-0ee3-40a0-b367-281f31902620'),
	(60, '2025-11-04 00:16:35.865283+00', '2025-11-04 00:17:04.468+00', '00000000-0000-0000-0000-000000000001', 13, 10, 'Documented policy exists with partial implementation. Some alignment with organizational objectives.', NULL, false, 3, 'b64d182f-0ee3-40a0-b367-281f31902620'),
	(61, '2025-11-04 00:16:35.865283+00', '2025-11-04 00:17:10.041+00', '00000000-0000-0000-0000-000000000001', 13, 11, 'Well-documented policy fully aligned with organizational objectives. Regularly reviewed and communicated.', NULL, false, 3, 'b64d182f-0ee3-40a0-b367-281f31902620'),
	(62, '2025-11-04 00:16:35.865283+00', '2025-11-04 00:17:13.808+00', '00000000-0000-0000-0000-000000000001', 13, 12, 'Comprehensive policy with demonstrated effectiveness. Continuously improved based on performance data.', NULL, false, 3, 'b64d182f-0ee3-40a0-b367-281f31902620'),
	(63, '2025-11-04 00:18:28.368883+00', '2025-11-04 00:18:47.643+00', '00000000-0000-0000-0000-000000000001', 14, 8, 'No visible leadership involvement in asset management decisions or strategy.', NULL, false, 3, 'b64d182f-0ee3-40a0-b367-281f31902620'),
	(64, '2025-11-04 00:18:28.368883+00', '2025-11-04 00:18:53.9+00', '00000000-0000-0000-0000-000000000001', 14, 9, 'Minimal leadership awareness. Asset management seen as operational issue only.', NULL, false, 3, 'b64d182f-0ee3-40a0-b367-281f31902620'),
	(65, '2025-11-04 00:18:28.368883+00', '2025-11-04 00:18:59.743+00', '00000000-0000-0000-0000-000000000001', 14, 10, 'Growing leadership support with some resource allocation and strategic consideration.', NULL, false, 3, 'b64d182f-0ee3-40a0-b367-281f31902620'),
	(66, '2025-11-04 00:18:28.368883+00', '2025-11-04 00:19:02.105+00', '00000000-0000-0000-0000-000000000001', 14, 11, 'Strong leadership commitment with clear accountability and regular performance reviews.', NULL, false, 3, 'b64d182f-0ee3-40a0-b367-281f31902620'),
	(67, '2025-11-04 00:18:28.368883+00', '2025-11-04 00:19:08.375+00', '00000000-0000-0000-0000-000000000001', 14, 12, 'Leadership champions asset management excellence. Regular board-level reviews and strategic integration.', NULL, false, 3, 'b64d182f-0ee3-40a0-b367-281f31902620'),
	(69, '2025-11-04 00:20:18.371109+00', '2025-11-04 00:20:37.134+00', '00000000-0000-0000-0000-000000000001', 15, 9, 'Basic risk identification for critical assets only. Limited documentation.', NULL, false, 3, 'b64d182f-0ee3-40a0-b367-281f31902620'),
	(68, '2025-11-04 00:20:18.371109+00', '2025-11-04 00:20:30.522+00', '00000000-0000-0000-0000-000000000001', 15, 8, 'No formal risk assessment process. Reactive response to failures only.', NULL, false, 3, 'b64d182f-0ee3-40a0-b367-281f31902620'),
	(70, '2025-11-04 00:20:18.371109+00', '2025-11-04 00:20:42.713+00', '00000000-0000-0000-0000-000000000001', 15, 10, 'Risk registers maintained for major assets. Some mitigation strategies in place.', NULL, false, 3, 'b64d182f-0ee3-40a0-b367-281f31902620'),
	(71, '2025-11-04 00:20:18.371109+00', '2025-11-04 00:20:48.958+00', '00000000-0000-0000-0000-000000000001', 15, 11, 'Comprehensive risk framework with regular assessments and documented mitigation plans.', NULL, false, 3, 'b64d182f-0ee3-40a0-b367-281f31902620'),
	(72, '2025-11-04 00:20:18.371109+00', '2025-11-04 00:20:53.399+00', '00000000-0000-0000-0000-000000000001', 15, 12, 'Predictive risk analytics with real-time monitoring. Risks integrated into all decision-making.', NULL, false, 3, 'b64d182f-0ee3-40a0-b367-281f31902620'),
	(73, '2025-11-04 00:22:12.663425+00', '2025-11-04 00:22:34.307+00', '00000000-0000-0000-0000-000000000001', 16, 8, 'Basic asset register exists but with significant data gaps and quality issues.', NULL, false, 3, 'b64d182f-0ee3-40a0-b367-281f31902620'),
	(74, '2025-11-04 00:22:12.663425+00', '2025-11-04 00:22:39.826+00', '00000000-0000-0000-0000-000000000001', 16, 9, 'Asset management system in place with moderate data quality. Some integration between systems.', NULL, false, 3, 'b64d182f-0ee3-40a0-b367-281f31902620'),
	(85, '2025-11-04 00:26:53.897365+00', '2025-11-04 00:27:16.799+00', '00000000-0000-0000-0000-000000000001', 18, 10, 'Mix of leading and lagging indicators. Regular reporting but limited analysis.', NULL, false, 3, 'b64d182f-0ee3-40a0-b367-281f31902620'),
	(77, '2025-11-04 00:22:12.663425+00', '2025-11-04 00:22:51.07+00', '00000000-0000-0000-0000-000000000001', 16, 12, 'Advanced analytics with real-time data. Digital twins and predictive modeling capabilities.', NULL, false, 3, 'b64d182f-0ee3-40a0-b367-281f31902620'),
	(76, '2025-11-04 00:22:12.663425+00', '2025-11-04 00:22:57.291+00', '00000000-0000-0000-0000-000000000001', 16, 11, 'Comprehensive asset data with high quality standards. Well-integrated systems and regular audits.', NULL, false, 3, 'b64d182f-0ee3-40a0-b367-281f31902620'),
	(75, '2025-11-04 00:22:12.663425+00', '2025-11-04 00:23:03.337+00', '00000000-0000-0000-0000-000000000001', 16, 10, 'Asset management system in place with moderate data quality. Some integration between systems.', NULL, false, 3, 'b64d182f-0ee3-40a0-b367-281f31902620'),
	(78, '2025-11-04 00:24:35.546813+00', '2025-11-04 00:24:52.777+00', '00000000-0000-0000-0000-000000000001', 17, 8, 'No lifecycle planning. Run-to-failure approach with reactive replacements.', NULL, false, 3, 'b64d182f-0ee3-40a0-b367-281f31902620'),
	(79, '2025-11-04 00:24:35.546813+00', '2025-11-04 00:24:57.711+00', '00000000-0000-0000-0000-000000000001', 17, 9, 'Basic age-based replacement strategies for some critical assets only.', NULL, false, 3, 'b64d182f-0ee3-40a0-b367-281f31902620'),
	(80, '2025-11-04 00:24:35.546813+00', '2025-11-04 00:25:01.69+00', '00000000-0000-0000-0000-000000000001', 17, 10, 'Lifecycle plans for major assets. Some consideration of total cost of ownership.', NULL, false, 3, 'b64d182f-0ee3-40a0-b367-281f31902620'),
	(81, '2025-11-04 00:24:35.546813+00', '2025-11-04 00:25:07.877+00', '00000000-0000-0000-0000-000000000001', 17, 11, 'Comprehensive lifecycle strategies with optimized intervention timing and TCO analysis.', NULL, false, 3, 'b64d182f-0ee3-40a0-b367-281f31902620'),
	(82, '2025-11-04 00:24:35.546813+00', '2025-11-04 00:25:12.295+00', '00000000-0000-0000-0000-000000000001', 17, 12, 'Dynamic lifecycle optimization using condition data and predictive analytics. Circular economy principles.', NULL, false, 3, 'b64d182f-0ee3-40a0-b367-281f31902620'),
	(83, '2025-11-04 00:26:53.897365+00', '2025-11-04 00:27:07.819+00', '00000000-0000-0000-0000-000000000001', 18, 8, 'No formal KPIs or performance monitoring for asset management.', NULL, false, 3, 'b64d182f-0ee3-40a0-b367-281f31902620'),
	(84, '2025-11-04 00:26:53.897365+00', '2025-11-04 00:27:13.877+00', '00000000-0000-0000-0000-000000000001', 18, 9, 'Basic lagging indicators only (failures, downtime). Limited reporting.', NULL, false, 3, 'b64d182f-0ee3-40a0-b367-281f31902620'),
	(86, '2025-11-04 00:26:53.897365+00', '2025-11-04 00:27:22.685+00', '00000000-0000-0000-0000-000000000001', 18, 11, 'Comprehensive KPI framework aligned to objectives. Regular analysis and improvement actions.', NULL, false, 3, 'b64d182f-0ee3-40a0-b367-281f31902620'),
	(87, '2025-11-04 00:26:53.897365+00', '2025-11-04 00:27:28.836+00', '00000000-0000-0000-0000-000000000001', 18, 12, 'Real-time performance dashboards with predictive analytics. Automated alerts and optimization.', NULL, false, 3, 'b64d182f-0ee3-40a0-b367-281f31902620'),
	(88, '2025-11-04 00:28:39.912952+00', '2025-11-04 00:28:53.885+00', '00000000-0000-0000-0000-000000000001', 19, 8, 'No formal competency requirements or training programs for asset management.', NULL, false, 3, 'b64d182f-0ee3-40a0-b367-281f31902620'),
	(89, '2025-11-04 00:28:39.912952+00', '2025-11-04 00:28:58.607+00', '00000000-0000-0000-0000-000000000001', 19, 9, 'Ad-hoc training only. No competency framework or skills assessment.', NULL, false, 3, 'b64d182f-0ee3-40a0-b367-281f31902620'),
	(90, '2025-11-04 00:28:39.912952+00', '2025-11-04 00:29:03.936+00', '00000000-0000-0000-0000-000000000001', 19, 10, 'Basic competency framework with some role-specific training available.', NULL, false, 3, 'b64d182f-0ee3-40a0-b367-281f31902620'),
	(91, '2025-11-04 00:28:39.912952+00', '2025-11-04 00:29:07.858+00', '00000000-0000-0000-0000-000000000001', 19, 11, 'Comprehensive competency management with regular assessments and structured development.', NULL, false, 3, 'b64d182f-0ee3-40a0-b367-281f31902620'),
	(92, '2025-11-04 00:28:39.912952+00', '2025-11-04 00:29:15.417+00', '00000000-0000-0000-0000-000000000001', 19, 12, 'Center of excellence approach with continuous learning culture and knowledge management.', NULL, false, 3, 'b64d182f-0ee3-40a0-b367-281f31902620'),
	(93, '2025-11-04 00:29:57.449737+00', '2025-11-04 00:29:57.449737+00', '00000000-0000-0000-0000-000000000001', 20, 8, 'No formal processes or systems in place. Ad-hoc reactive approach with no strategic direction.', '2025-11-04 00:30:16.565236+00', true, 3, 'b64d182f-0ee3-40a0-b367-281f31902620'),
	(94, '2025-11-04 00:29:57.449737+00', '2025-11-04 00:29:57.449737+00', '00000000-0000-0000-0000-000000000001', 20, 9, 'Basic awareness and initial efforts underway. Informal processes with limited documentation or consistency.', '2025-11-04 00:30:16.565236+00', true, 3, 'b64d182f-0ee3-40a0-b367-281f31902620'),
	(95, '2025-11-04 00:29:57.449737+00', '2025-11-04 00:29:57.449737+00', '00000000-0000-0000-0000-000000000001', 20, 10, 'Formal processes being established. Partial implementation with growing maturity and documentation.', '2025-11-04 00:30:16.565236+00', true, 3, 'b64d182f-0ee3-40a0-b367-281f31902620'),
	(96, '2025-11-04 00:29:57.449737+00', '2025-11-04 00:29:57.449737+00', '00000000-0000-0000-0000-000000000001', 20, 11, 'Comprehensive processes fully implemented. Consistent application with regular review and improvement.', '2025-11-04 00:30:16.565236+00', true, 3, 'b64d182f-0ee3-40a0-b367-281f31902620'),
	(98, '2025-11-04 00:30:04.116071+00', '2025-11-04 00:30:04.116071+00', '00000000-0000-0000-0000-000000000001', 21, 8, 'No formal processes or systems in place. Ad-hoc reactive approach with no strategic direction.', '2025-11-04 00:30:20.721621+00', true, 3, 'b64d182f-0ee3-40a0-b367-281f31902620'),
	(99, '2025-11-04 00:30:04.116071+00', '2025-11-04 00:30:04.116071+00', '00000000-0000-0000-0000-000000000001', 21, 9, 'Basic awareness and initial efforts underway. Informal processes with limited documentation or consistency.', '2025-11-04 00:30:20.721621+00', true, 3, 'b64d182f-0ee3-40a0-b367-281f31902620'),
	(100, '2025-11-04 00:30:04.116071+00', '2025-11-04 00:30:04.116071+00', '00000000-0000-0000-0000-000000000001', 21, 10, 'Formal processes being established. Partial implementation with growing maturity and documentation.', '2025-11-04 00:30:20.721621+00', true, 3, 'b64d182f-0ee3-40a0-b367-281f31902620'),
	(101, '2025-11-04 00:30:04.116071+00', '2025-11-04 00:30:04.116071+00', '00000000-0000-0000-0000-000000000001', 21, 11, 'Comprehensive processes fully implemented. Consistent application with regular review and improvement.', '2025-11-04 00:30:20.721621+00', true, 3, 'b64d182f-0ee3-40a0-b367-281f31902620'),
	(97, '2025-11-04 00:29:57.449737+00', '2025-11-04 00:29:57.449737+00', '00000000-0000-0000-0000-000000000001', 20, 12, 'Industry-leading practices with continuous optimization. Data-driven decision making and predictive capabilities.', '2025-11-04 00:30:16.565236+00', true, 3, 'b64d182f-0ee3-40a0-b367-281f31902620'),
	(102, '2025-11-04 00:30:04.116071+00', '2025-11-04 00:30:04.116071+00', '00000000-0000-0000-0000-000000000001', 21, 12, 'Industry-leading practices with continuous optimization. Data-driven decision making and predictive capabilities.', '2025-11-04 00:30:20.721621+00', true, 3, 'b64d182f-0ee3-40a0-b367-281f31902620'),
	(103, '2025-11-04 00:30:31.841141+00', '2025-11-04 00:30:45.048+00', '00000000-0000-0000-0000-000000000001', 22, 8, 'Asset management not recognized as important. Siloed decision-making.', NULL, false, 3, 'b64d182f-0ee3-40a0-b367-281f31902620'),
	(104, '2025-11-04 00:30:31.841141+00', '2025-11-04 00:30:50.448+00', '00000000-0000-0000-0000-000000000001', 22, 9, 'Growing awareness but limited cross-functional collaboration.', NULL, false, 3, 'b64d182f-0ee3-40a0-b367-281f31902620'),
	(105, '2025-11-04 00:30:31.841141+00', '2025-11-04 00:30:53.698+00', '00000000-0000-0000-0000-000000000001', 22, 10, 'Asset management valued with improving collaboration and some shared objectives.', NULL, false, 3, 'b64d182f-0ee3-40a0-b367-281f31902620'),
	(106, '2025-11-04 00:30:31.841141+00', '2025-11-04 00:30:58.897+00', '00000000-0000-0000-0000-000000000001', 22, 11, 'Strong AM culture with clear accountability and cross-functional integration.', NULL, false, 3, 'b64d182f-0ee3-40a0-b367-281f31902620'),
	(107, '2025-11-04 00:30:31.841141+00', '2025-11-04 00:31:03.808+00', '00000000-0000-0000-0000-000000000001', 22, 12, 'Asset management excellence embedded in organizational DNA. Continuous improvement mindset.', NULL, false, 3, 'b64d182f-0ee3-40a0-b367-281f31902620'),
	(108, '2025-11-04 00:32:01.236984+00', '2025-11-04 00:32:16.02+00', '00000000-0000-0000-0000-000000000001', 23, 8, 'No formal improvement processes. Problems repeat without systematic resolution.', NULL, false, 3, 'b64d182f-0ee3-40a0-b367-281f31902620'),
	(109, '2025-11-04 00:32:01.236984+00', '2025-11-04 00:32:21.064+00', '00000000-0000-0000-0000-000000000001', 23, 9, 'Basic incident response only. Limited root cause analysis or preventive actions.', NULL, false, 3, 'b64d182f-0ee3-40a0-b367-281f31902620'),
	(110, '2025-11-04 00:32:01.236984+00', '2025-11-04 00:32:27.236+00', '00000000-0000-0000-0000-000000000001', 23, 10, 'Corrective action process in place with some preventive measures. Irregular reviews.', NULL, false, 3, 'b64d182f-0ee3-40a0-b367-281f31902620'),
	(111, '2025-11-04 00:32:01.236984+00', '2025-11-04 00:32:32.839+00', '00000000-0000-0000-0000-000000000001', 23, 11, 'Robust improvement framework with regular reviews and systematic implementation.', NULL, false, 3, 'b64d182f-0ee3-40a0-b367-281f31902620'),
	(112, '2025-11-04 00:32:01.236984+00', '2025-11-04 00:32:38.214+00', '00000000-0000-0000-0000-000000000001', 23, 12, 'Proactive improvement culture with innovation and best practice adoption. Benchmarking excellence.', NULL, false, 3, 'b64d182f-0ee3-40a0-b367-281f31902620'),
	(113, '2025-11-04 00:33:47.30929+00', '2025-11-04 00:34:01.472+00', '00000000-0000-0000-0000-000000000001', 24, 8, 'No internal audit program for asset management practices.', NULL, false, 3, 'b64d182f-0ee3-40a0-b367-281f31902620'),
	(114, '2025-11-04 00:33:47.30929+00', '2025-11-04 00:34:03.287+00', '00000000-0000-0000-0000-000000000001', 24, 9, 'Occasional ad-hoc reviews without formal methodology.', NULL, false, 3, 'b64d182f-0ee3-40a0-b367-281f31902620'),
	(115, '2025-11-04 00:33:47.30929+00', '2025-11-04 00:34:08.461+00', '00000000-0000-0000-0000-000000000001', 24, 10, 'Basic audit program with annual reviews of key areas.', NULL, false, 3, 'b64d182f-0ee3-40a0-b367-281f31902620'),
	(116, '2025-11-04 00:33:47.30929+00', '2025-11-04 00:34:13.293+00', '00000000-0000-0000-0000-000000000001', 24, 11, 'Comprehensive audit program covering all ISO 55001 requirements. Trained auditors.', NULL, false, 3, 'b64d182f-0ee3-40a0-b367-281f31902620'),
	(117, '2025-11-04 00:33:47.30929+00', '2025-11-04 00:34:19.805+00', '00000000-0000-0000-0000-000000000001', 24, 12, 'Risk-based audit approach with continuous monitoring and real-time compliance tracking.', NULL, false, 3, 'b64d182f-0ee3-40a0-b367-281f31902620');


--
-- Data for Name: questionnaire_question_roles; Type: TABLE DATA; Schema: public; Owner: postgres
--

INSERT INTO "public"."questionnaire_question_roles" ("id", "created_at", "created_by", "questionnaire_question_id", "shared_role_id", "is_deleted", "deleted_at", "updated_at", "questionnaire_id", "company_id") VALUES
	(1, '2025-10-31 04:11:42.826398+00', '00000000-0000-0000-0000-000000000001', 1, 200, false, NULL, '2025-10-31 04:11:42.826398+00', 1, 'b64d182f-0ee3-40a0-b367-281f31902620'),
	(2, '2025-10-31 04:11:42.826398+00', '00000000-0000-0000-0000-000000000001', 1, 201, false, NULL, '2025-10-31 04:11:42.826398+00', 1, 'b64d182f-0ee3-40a0-b367-281f31902620'),
	(3, '2025-10-31 04:11:52.159938+00', '00000000-0000-0000-0000-000000000001', 2, 200, false, NULL, '2025-10-31 04:11:52.159938+00', 1, 'b64d182f-0ee3-40a0-b367-281f31902620'),
	(4, '2025-10-31 04:11:52.159938+00', '00000000-0000-0000-0000-000000000001', 2, 201, false, NULL, '2025-10-31 04:11:52.159938+00', 1, 'b64d182f-0ee3-40a0-b367-281f31902620'),
	(5, '2025-10-31 04:12:01.97872+00', '00000000-0000-0000-0000-000000000001', 3, 200, false, NULL, '2025-10-31 04:12:01.97872+00', 1, 'b64d182f-0ee3-40a0-b367-281f31902620'),
	(6, '2025-10-31 04:12:01.97872+00', '00000000-0000-0000-0000-000000000001', 3, 201, false, NULL, '2025-10-31 04:12:01.97872+00', 1, 'b64d182f-0ee3-40a0-b367-281f31902620'),
	(7, '2025-10-31 04:12:11.898977+00', '00000000-0000-0000-0000-000000000001', 4, 200, false, NULL, '2025-10-31 04:12:11.898977+00', 1, 'b64d182f-0ee3-40a0-b367-281f31902620'),
	(8, '2025-10-31 04:12:11.898977+00', '00000000-0000-0000-0000-000000000001', 4, 201, false, NULL, '2025-10-31 04:12:11.898977+00', 1, 'b64d182f-0ee3-40a0-b367-281f31902620'),
	(9, '2025-10-31 04:12:20.274166+00', '00000000-0000-0000-0000-000000000001', 5, 200, false, NULL, '2025-10-31 04:12:20.274166+00', 1, 'b64d182f-0ee3-40a0-b367-281f31902620'),
	(10, '2025-10-31 04:12:20.274166+00', '00000000-0000-0000-0000-000000000001', 5, 201, false, NULL, '2025-10-31 04:12:20.274166+00', 1, 'b64d182f-0ee3-40a0-b367-281f31902620'),
	(11, '2025-10-31 04:12:29.267835+00', '00000000-0000-0000-0000-000000000001', 6, 200, false, NULL, '2025-10-31 04:12:29.267835+00', 1, 'b64d182f-0ee3-40a0-b367-281f31902620'),
	(12, '2025-10-31 04:12:29.267835+00', '00000000-0000-0000-0000-000000000001', 6, 201, false, NULL, '2025-10-31 04:12:29.267835+00', 1, 'b64d182f-0ee3-40a0-b367-281f31902620'),
	(13, '2025-10-31 04:12:38.701343+00', '00000000-0000-0000-0000-000000000001', 7, 200, false, NULL, '2025-10-31 04:12:38.701343+00', 1, 'b64d182f-0ee3-40a0-b367-281f31902620'),
	(14, '2025-10-31 04:12:38.701343+00', '00000000-0000-0000-0000-000000000001', 7, 201, false, NULL, '2025-10-31 04:12:38.701343+00', 1, 'b64d182f-0ee3-40a0-b367-281f31902620'),
	(15, '2025-10-31 04:12:47.130629+00', '00000000-0000-0000-0000-000000000001', 8, 200, false, NULL, '2025-10-31 04:12:47.130629+00', 1, 'b64d182f-0ee3-40a0-b367-281f31902620'),
	(16, '2025-10-31 04:12:47.130629+00', '00000000-0000-0000-0000-000000000001', 8, 201, false, NULL, '2025-10-31 04:12:47.130629+00', 1, 'b64d182f-0ee3-40a0-b367-281f31902620'),
	(17, '2025-10-31 04:12:53.788946+00', '00000000-0000-0000-0000-000000000001', 9, 200, false, NULL, '2025-10-31 04:12:53.788946+00', 1, 'b64d182f-0ee3-40a0-b367-281f31902620'),
	(18, '2025-10-31 04:12:53.788946+00', '00000000-0000-0000-0000-000000000001', 9, 201, false, NULL, '2025-10-31 04:12:53.788946+00', 1, 'b64d182f-0ee3-40a0-b367-281f31902620'),
	(19, '2025-10-31 04:13:00.417936+00', '00000000-0000-0000-0000-000000000001', 10, 200, false, NULL, '2025-10-31 04:13:00.417936+00', 1, 'b64d182f-0ee3-40a0-b367-281f31902620'),
	(20, '2025-10-31 04:13:00.417936+00', '00000000-0000-0000-0000-000000000001', 10, 201, false, NULL, '2025-10-31 04:13:00.417936+00', 1, 'b64d182f-0ee3-40a0-b367-281f31902620'),
	(21, '2025-10-31 04:13:07.376015+00', '00000000-0000-0000-0000-000000000001', 11, 200, false, NULL, '2025-10-31 04:13:07.376015+00', 1, 'b64d182f-0ee3-40a0-b367-281f31902620'),
	(22, '2025-10-31 04:13:07.376015+00', '00000000-0000-0000-0000-000000000001', 11, 201, false, NULL, '2025-10-31 04:13:07.376015+00', 1, 'b64d182f-0ee3-40a0-b367-281f31902620');


--
-- Data for Name: recommendations; Type: TABLE DATA; Schema: public; Owner: postgres
--



--
-- Data for Name: region_contacts; Type: TABLE DATA; Schema: public; Owner: postgres
--



--
-- Data for Name: role_contacts; Type: TABLE DATA; Schema: public; Owner: postgres
--

INSERT INTO "public"."role_contacts" ("role_id", "contact_id", "created_at", "created_by", "company_id") VALUES
	(2, 2, '2025-10-31 05:21:33.87781+00', '00000000-0000-0000-0000-000000000001', 'b64d182f-0ee3-40a0-b367-281f31902620'),
	(7, 1, '2025-10-31 03:31:59.09276+00', '00000000-0000-0000-0000-000000000001', 'b64d182f-0ee3-40a0-b367-281f31902620'),
	(4, 3, '2025-11-04 23:51:15.634883+00', '00000000-0000-0000-0000-000000000001', 'b64d182f-0ee3-40a0-b367-281f31902620');


--
-- Data for Name: site_contacts; Type: TABLE DATA; Schema: public; Owner: postgres
--



--
-- Data for Name: user_companies; Type: TABLE DATA; Schema: public; Owner: postgres
--

INSERT INTO "public"."user_companies" ("id", "created_at", "updated_at", "user_id", "role", "created_by", "company_id") VALUES
	(1, '2025-10-31 08:07:30.082155+00', '2025-10-31 08:07:30.082155+00', '00000000-0000-0000-0000-000000000001', 'owner', '00000000-0000-0000-0000-000000000001', 'b64d182f-0ee3-40a0-b367-281f31902620'),
	(2, '2025-10-31 08:11:45.264523+00', '2025-10-31 08:11:45.264523+00', 'd5f1252a-9d56-47f8-98cf-f6f34914bb6c', 'interviewee', '00000000-0000-0000-0000-000000000001', 'b64d182f-0ee3-40a0-b367-281f31902620'),
	(3, '2025-11-03 00:28:02.589092+00', '2025-11-03 00:28:02.589092+00', 'd34835f8-a043-42f9-a376-6aac23cb76ce', 'interviewee', '00000000-0000-0000-0000-000000000001', 'b64d182f-0ee3-40a0-b367-281f31902620');


--
-- Data for Name: work_group_contacts; Type: TABLE DATA; Schema: public; Owner: postgres
--



--
-- Data for Name: buckets; Type: TABLE DATA; Schema: storage; Owner: supabase_storage_admin
--

INSERT INTO "storage"."buckets" ("id", "name", "owner", "created_at", "updated_at", "public", "avif_autodetection", "file_size_limit", "allowed_mime_types", "owner_id", "type") VALUES
	('evidence', 'evidence', NULL, '2025-10-31 08:07:30.033817+00', '2025-10-31 08:07:30.033817+00', false, false, NULL, NULL, NULL, 'STANDARD'),
	('company-icons', 'company-icons', NULL, '2025-11-04 23:08:22.331246+00', '2025-11-04 23:08:22.331246+00', true, false, 2097152, '{image/jpeg,image/png}', NULL, 'STANDARD');


--
-- Data for Name: buckets_analytics; Type: TABLE DATA; Schema: storage; Owner: supabase_storage_admin
--



--
-- Data for Name: iceberg_namespaces; Type: TABLE DATA; Schema: storage; Owner: supabase_storage_admin
--



--
-- Data for Name: iceberg_tables; Type: TABLE DATA; Schema: storage; Owner: supabase_storage_admin
--



--
-- Data for Name: objects; Type: TABLE DATA; Schema: storage; Owner: supabase_storage_admin
--

INSERT INTO "storage"."objects" ("id", "bucket_id", "name", "owner", "created_at", "updated_at", "last_accessed_at", "metadata", "version", "owner_id", "user_metadata", "level") VALUES
	('49a4eab0-5326-4a8c-a6d6-e17210c83fca', 'company-icons', 'b64d182f-0ee3-40a0-b367-281f31902620/icon.png', '00000000-0000-0000-0000-000000000001', '2025-11-04 23:15:39.123521+00', '2025-11-04 23:15:39.123521+00', '2025-11-04 23:15:39.123521+00', '{"eTag": "\"501c0f8652fc180d774d5c4bc4f340d4\"", "size": 11123, "mimetype": "image/png", "cacheControl": "max-age=3600", "lastModified": "2025-11-04T23:15:39.112Z", "contentLength": 11123, "httpStatusCode": 200}', '8eb6474d-592c-43a7-a545-527df988c4a3', '00000000-0000-0000-0000-000000000001', '{}', 2);


--
-- Data for Name: prefixes; Type: TABLE DATA; Schema: storage; Owner: supabase_storage_admin
--

INSERT INTO "storage"."prefixes" ("bucket_id", "name", "created_at", "updated_at") VALUES
	('company-icons', 'b64d182f-0ee3-40a0-b367-281f31902620', '2025-11-04 23:15:39.123521+00', '2025-11-04 23:15:39.123521+00');


--
-- Data for Name: s3_multipart_uploads; Type: TABLE DATA; Schema: storage; Owner: supabase_storage_admin
--



--
-- Data for Name: s3_multipart_uploads_parts; Type: TABLE DATA; Schema: storage; Owner: supabase_storage_admin
--



--
-- Data for Name: hooks; Type: TABLE DATA; Schema: supabase_functions; Owner: supabase_functions_admin
--



--
-- Name: refresh_tokens_id_seq; Type: SEQUENCE SET; Schema: auth; Owner: supabase_auth_admin
--

SELECT pg_catalog.setval('"auth"."refresh_tokens_id_seq"', 8, true);


--
-- Name: assessment_objectives_id_seq; Type: SEQUENCE SET; Schema: public; Owner: postgres
--

SELECT pg_catalog.setval('"public"."assessment_objectives_id_seq"', 2, true);


--
-- Name: assessment_rating_scales_id_seq; Type: SEQUENCE SET; Schema: public; Owner: postgres
--

SELECT pg_catalog.setval('"public"."assessment_rating_scales_id_seq"', 12, true);


--
-- Name: assessment_templates_id_seq; Type: SEQUENCE SET; Schema: public; Owner: postgres
--

SELECT pg_catalog.setval('"public"."assessment_templates_id_seq"', 3, true);


--
-- Name: assessments_id_seq; Type: SEQUENCE SET; Schema: public; Owner: postgres
--

SELECT pg_catalog.setval('"public"."assessments_id_seq"', 3, true);


--
-- Name: asset_groups_id_seq; Type: SEQUENCE SET; Schema: public; Owner: postgres
--

SELECT pg_catalog.setval('"public"."asset_groups_id_seq"', 12, false);


--
-- Name: audit_logs_id_seq; Type: SEQUENCE SET; Schema: public; Owner: postgres
--

SELECT pg_catalog.setval('"public"."audit_logs_id_seq"', 274, true);


--
-- Name: business_units_id_seq; Type: SEQUENCE SET; Schema: public; Owner: postgres
--

SELECT pg_catalog.setval('"public"."business_units_id_seq"', 3, false);


--
-- Name: calculated_metrics_id_seq; Type: SEQUENCE SET; Schema: public; Owner: postgres
--

SELECT pg_catalog.setval('"public"."calculated_metrics_id_seq"', 1, false);


--
-- Name: contacts_id_seq; Type: SEQUENCE SET; Schema: public; Owner: postgres
--

SELECT pg_catalog.setval('"public"."contacts_id_seq"', 3, true);


--
-- Name: dashboards_id_seq; Type: SEQUENCE SET; Schema: public; Owner: postgres
--

SELECT pg_catalog.setval('"public"."dashboards_id_seq"', 1, true);


--
-- Name: feedback_id_seq; Type: SEQUENCE SET; Schema: public; Owner: postgres
--

SELECT pg_catalog.setval('"public"."feedback_id_seq"', 1, false);


--
-- Name: interview_evidence_id_seq; Type: SEQUENCE SET; Schema: public; Owner: postgres
--

SELECT pg_catalog.setval('"public"."interview_evidence_id_seq"', 1, false);


--
-- Name: interview_question_applicable_roles_id_seq; Type: SEQUENCE SET; Schema: public; Owner: postgres
--

SELECT pg_catalog.setval('"public"."interview_question_applicable_roles_id_seq"', 34, true);


--
-- Name: interview_question_part_responses_id_seq; Type: SEQUENCE SET; Schema: public; Owner: postgres
--

SELECT pg_catalog.setval('"public"."interview_question_part_responses_id_seq"', 5, true);


--
-- Name: interview_response_actions_id_seq; Type: SEQUENCE SET; Schema: public; Owner: postgres
--

SELECT pg_catalog.setval('"public"."interview_response_actions_id_seq"', 1, false);


--
-- Name: interview_response_roles_id_seq; Type: SEQUENCE SET; Schema: public; Owner: postgres
--

SELECT pg_catalog.setval('"public"."interview_response_roles_id_seq"', 23, true);


--
-- Name: interview_responses_id_seq; Type: SEQUENCE SET; Schema: public; Owner: postgres
--

SELECT pg_catalog.setval('"public"."interview_responses_id_seq"', 34, true);


--
-- Name: interview_roles_id_seq; Type: SEQUENCE SET; Schema: public; Owner: postgres
--

SELECT pg_catalog.setval('"public"."interview_roles_id_seq"', 7, true);


--
-- Name: interviews_id_seq; Type: SEQUENCE SET; Schema: public; Owner: postgres
--

SELECT pg_catalog.setval('"public"."interviews_id_seq"', 4, true);


--
-- Name: metric_alignments_id_seq; Type: SEQUENCE SET; Schema: public; Owner: postgres
--

SELECT pg_catalog.setval('"public"."metric_alignments_id_seq"', 1, false);


--
-- Name: metric_definitions_id_seq; Type: SEQUENCE SET; Schema: public; Owner: postgres
--

SELECT pg_catalog.setval('"public"."metric_definitions_id_seq"', 68, false);


--
-- Name: program_executions_id_seq; Type: SEQUENCE SET; Schema: public; Owner: postgres
--

SELECT pg_catalog.setval('"public"."program_executions_id_seq"', 4, true);


--
-- Name: program_metrics_id_seq; Type: SEQUENCE SET; Schema: public; Owner: postgres
--

SELECT pg_catalog.setval('"public"."program_metrics_id_seq"', 1, false);


--
-- Name: program_objectives_id_seq; Type: SEQUENCE SET; Schema: public; Owner: postgres
--

SELECT pg_catalog.setval('"public"."program_objectives_id_seq"', 1, false);


--
-- Name: programs_id_seq; Type: SEQUENCE SET; Schema: public; Owner: postgres
--

SELECT pg_catalog.setval('"public"."programs_id_seq"', 2, true);


--
-- Name: question_rating_scales_id_seq; Type: SEQUENCE SET; Schema: public; Owner: postgres
--

SELECT pg_catalog.setval('"public"."question_rating_scales_id_seq"', 117, true);


--
-- Name: questionnaire_question_parts_id_seq; Type: SEQUENCE SET; Schema: public; Owner: postgres
--

SELECT pg_catalog.setval('"public"."questionnaire_question_parts_id_seq"', 63, true);


--
-- Name: qustionnaire_question_roles_id_seq; Type: SEQUENCE SET; Schema: public; Owner: postgres
--

SELECT pg_catalog.setval('"public"."qustionnaire_question_roles_id_seq"', 23, false);


--
-- Name: recommendations_id_seq; Type: SEQUENCE SET; Schema: public; Owner: postgres
--

SELECT pg_catalog.setval('"public"."recommendations_id_seq"', 15, true);


--
-- Name: regions_id_seq; Type: SEQUENCE SET; Schema: public; Owner: postgres
--

SELECT pg_catalog.setval('"public"."regions_id_seq"', 6, false);


--
-- Name: roles_id_seq; Type: SEQUENCE SET; Schema: public; Owner: postgres
--

SELECT pg_catalog.setval('"public"."roles_id_seq"', 8, false);


--
-- Name: shared_roles_id_seq; Type: SEQUENCE SET; Schema: public; Owner: postgres
--

SELECT pg_catalog.setval('"public"."shared_roles_id_seq"', 234, false);


--
-- Name: sites_id_seq; Type: SEQUENCE SET; Schema: public; Owner: postgres
--

SELECT pg_catalog.setval('"public"."sites_id_seq"', 8, false);


--
-- Name: survey_questions_id_seq; Type: SEQUENCE SET; Schema: public; Owner: postgres
--

SELECT pg_catalog.setval('"public"."survey_questions_id_seq"', 24, true);


--
-- Name: survey_sections_id_seq; Type: SEQUENCE SET; Schema: public; Owner: postgres
--

SELECT pg_catalog.setval('"public"."survey_sections_id_seq"', 13, true);


--
-- Name: survey_steps_id_seq; Type: SEQUENCE SET; Schema: public; Owner: postgres
--

SELECT pg_catalog.setval('"public"."survey_steps_id_seq"', 20, true);


--
-- Name: user_companies_id_seq; Type: SEQUENCE SET; Schema: public; Owner: postgres
--

SELECT pg_catalog.setval('"public"."user_companies_id_seq"', 2, true);


--
-- Name: work_groups_id_seq; Type: SEQUENCE SET; Schema: public; Owner: postgres
--

SELECT pg_catalog.setval('"public"."work_groups_id_seq"', 10, false);


--
-- Name: hooks_id_seq; Type: SEQUENCE SET; Schema: supabase_functions; Owner: supabase_functions_admin
--

SELECT pg_catalog.setval('"supabase_functions"."hooks_id_seq"', 1, false);


--
-- PostgreSQL database dump complete
--

-- \unrestrict o5890Z1mTrmeOxPLWVh9EhbMH8QVdAxdqq8SuhGouPaMQfpNXK9CkYL5J5i7ogc

RESET ALL;
