-- Insert test company
INSERT INTO "public"."companies" ("id", "created_at", "updated_at", "name", "created_by", "code", "description", "icon_url", "is_deleted", "deleted_at", "is_demo", "branding") VALUES ('b64d182f-0ee3-40a0-b367-281f31902620', '2025-10-31 02:38:13.143181+00', '2025-10-31 02:38:13.143181+00', 'Ore Inc', '00000000-0000-0000-0000-000000000001', 'ORE', 'Global gold mining company with operations across Australia and Africa', null, 'false', null, 'false', null);

-- Associate user with the test company
INSERT INTO public.user_companies
("id", "created_at", "updated_at", "user_id", "company_id", "role", "created_by")
VALUES
(1, now(), now(), '00000000-0000-0000-0000-000000000001', 'b64d182f-0ee3-40a0-b367-281f31902620', 'owner', '00000000-0000-0000-0000-000000000001');


-- Insert business units for the test company
INSERT INTO "public"."business_units" ("id", "created_at", "updated_at", "created_by", "name", "code", "description", "company_id", "is_deleted", "deleted_at") VALUES ('1', '2025-10-31 02:51:54.960718+00', '2025-10-31 02:51:54.960718+00', '00000000-0000-0000-0000-000000000001', 'APAC Operations', 'ORE-APAC', 'Manages all Australian mining operations and exploration activities', 'b64d182f-0ee3-40a0-b367-281f31902620', 'false', null), ('2', '2025-10-31 02:51:56.780398+00', '2025-10-31 02:51:56.780398+00', '00000000-0000-0000-0000-000000000001', 'Africa Operations', 'ORE-AFR', 'Oversees all African mining operations and development projects', 'b64d182f-0ee3-40a0-b367-281f31902620', 'false', null);

-- Insert regions for the test company
INSERT INTO "public"."regions" ("id", "created_at", "updated_at", "created_by", "business_unit_id", "name", "description", "code", "company_id", "is_deleted", "deleted_at") VALUES ('1', '2025-10-31 02:52:21.547888+00', '2025-10-31 02:52:21.547888+00', '00000000-0000-0000-0000-000000000001', '1', 'Queensland', 'Northern Queensland operations including underground and open-pit mines', 'APAC-QLD', 'b64d182f-0ee3-40a0-b367-281f31902620', 'false', null), ('2', '2025-10-31 02:52:22.930567+00', '2025-10-31 02:52:22.930567+00', '00000000-0000-0000-0000-000000000001', '1', 'Western Australia', 'Goldfields and Pilbara operations', 'APAC-WA', 'b64d182f-0ee3-40a0-b367-281f31902620', 'false', null), ('4', '2025-10-31 02:52:25.537165+00', '2025-10-31 02:52:25.537165+00', '00000000-0000-0000-0000-000000000001', '2', 'West Africa', 'Operations in Ghana and Mali', 'AFR-WEST', 'b64d182f-0ee3-40a0-b367-281f31902620', 'false', null), ('5', '2025-10-31 02:58:48.551792+00', '2025-10-31 02:58:48.551792+00', '00000000-0000-0000-0000-000000000001', '2', 'South Africa', 'Operations in South Africa and Tanzania', 'AFR-SOUTH', 'b64d182f-0ee3-40a0-b367-281f31902620', 'false', null);

-- Insert sites for the test company
INSERT INTO "public"."sites" ("id", "created_at", "updated_at", "created_by", "name", "description", "code", "region_id", "lat", "lng", "company_id", "is_deleted", "deleted_at") VALUES ('1', '2025-10-31 02:53:11.565464+00', '2025-10-31 02:53:11.565464+00', '00000000-0000-0000-0000-000000000001', 'Kangaroo Creek Mine', 'Underground gold mine, 450m depth, 2.5Mtpa capacity', 'QLD-KCM', '1', null, null, 'b64d182f-0ee3-40a0-b367-281f31902620', 'false', null), ('2', '2025-10-31 02:53:15.857757+00', '2025-10-31 02:53:15.857757+00', '00000000-0000-0000-0000-000000000001', 'Red Desert Mine', 'Open-pit operation, heap leach processing, 5Mtpa', 'WA-RDM', '2', null, null, 'b64d182f-0ee3-40a0-b367-281f31902620', 'false', null), ('3', '2025-10-31 02:53:17.811837+00', '2025-10-31 02:53:17.811837+00', '00000000-0000-0000-0000-000000000001', 'Volta Gold Mine', 'Open-pit and underground combination, 3Mtpa', 'GH-VGM', '4', null, null, 'b64d182f-0ee3-40a0-b367-281f31902620', 'false', null), ('4', '2025-10-31 03:30:59.044752+00', '2025-10-31 03:30:59.044752+00', '00000000-0000-0000-0000-000000000001', 'Sahara Mine', '', '', '4', null, null, 'b64d182f-0ee3-40a0-b367-281f31902620', 'false', null), ('5', '2025-10-31 02:53:50.557892+00', '2025-10-31 02:53:50.557892+00', '00000000-0000-0000-0000-000000000001', 'Golden Valley Mine', '', '', '2', null, null, 'b64d182f-0ee3-40a0-b367-281f31902620', 'false', null), ('6', '2025-10-31 02:59:54.251234+00', '2025-10-31 02:59:54.251234+00', '00000000-0000-0000-0000-000000000001', 'Kilimanjaro Mine', 'Deep underground operation, 800m depth, 1.5Mtpa', 'TZ-KJM', '5', null, null, 'b64d182f-0ee3-40a0-b367-281f31902620', 'false', null), ('7', '2025-10-31 03:31:13.250913+00', '2025-10-31 03:31:13.250913+00', '00000000-0000-0000-0000-000000000001', 'Bushveld Mine', '', '', '5', null, null, 'b64d182f-0ee3-40a0-b367-281f31902620', 'false', null);

-- Insert asset groups for the test company
INSERT INTO "public"."asset_groups" ("id", "created_at", "updated_at", "created_by", "site_id", "name", "description", "code", "asset_type", "company_id", "is_deleted", "deleted_at") VALUES ('1', '2025-10-31 02:53:27.119775+00', '2025-10-31 02:53:27.119775+00', '00000000-0000-0000-0000-000000000001', '1', 'Heavy Mobile Equipment', 'Fleet management for loaders, haul trucks, and dozers', 'KCM-HME', null, 'b64d182f-0ee3-40a0-b367-281f31902620', 'false', null), ('2', '2025-10-31 02:53:35.498229+00', '2025-10-31 02:53:35.498229+00', '00000000-0000-0000-0000-000000000001', '1', 'Fixed Plant & Processing', 'Crushing, milling, and gold recovery circuits', 'KCM-FPP', null, 'b64d182f-0ee3-40a0-b367-281f31902620', 'false', null), ('3', '2025-10-31 02:53:32.40795+00', '2025-10-31 02:53:32.40795+00', '00000000-0000-0000-0000-000000000001', '2', 'Mining Fleet', '', '', null, 'b64d182f-0ee3-40a0-b367-281f31902620', 'false', null), ('4', '2025-10-31 02:53:33.62375+00', '2025-10-31 02:53:33.62375+00', '00000000-0000-0000-0000-000000000001', '2', 'Drill & Blast', '', '', null, 'b64d182f-0ee3-40a0-b367-281f31902620', 'false', null), ('5', '2025-10-31 02:53:36.030661+00', '2025-10-31 02:53:36.030661+00', '00000000-0000-0000-0000-000000000001', '3', 'Open Pit Operations', '', '', null, 'b64d182f-0ee3-40a0-b367-281f31902620', 'false', null), ('6', '2025-10-31 02:53:37.10368+00', '2025-10-31 02:53:37.10368+00', '00000000-0000-0000-0000-000000000001', '3', 'CIL Processing Plant', '', '', null, 'b64d182f-0ee3-40a0-b367-281f31902620', 'false', null), ('7', '2025-10-31 03:29:17.541807+00', '2025-10-31 03:29:17.541807+00', '00000000-0000-0000-0000-000000000001', '2', 'Heap Leach Facility', '', '', null, 'b64d182f-0ee3-40a0-b367-281f31902620', 'false', null), ('8', '2025-10-31 03:29:43.674635+00', '2025-10-31 03:29:43.674635+00', '00000000-0000-0000-0000-000000000001', '5', 'Surface Operations', '', '', null, 'b64d182f-0ee3-40a0-b367-281f31902620', 'false', null), ('9', '2025-10-31 03:00:52.115731+00', '2025-10-31 03:00:52.115731+00', '00000000-0000-0000-0000-000000000001', '1', 'Underground Development', 'Decline development, stoping, and ground support', 'KCM-UGD', null, 'b64d182f-0ee3-40a0-b367-281f31902620', 'false', null), ('10', '2025-10-31 03:00:46.428357+00', '2025-10-31 03:00:46.428357+00', '00000000-0000-0000-0000-000000000001', '1', 'Mine Services & Infrastructure', 'Ventilation, dewatering, power, and communications', 'KCM-MSI', null, 'b64d182f-0ee3-40a0-b367-281f31902620', 'false', null), ('11', '2025-10-31 03:30:00.550749+00', '2025-10-31 03:30:00.550749+00', '00000000-0000-0000-0000-000000000001', '5', 'Underground Operations', '', '', null, 'b64d182f-0ee3-40a0-b367-281f31902620', 'false', null);

-- Insert work groups for the test company
INSERT INTO "public"."work_groups" ("id", "created_at", "updated_at", "created_by", "name", "description", "code", "company_id", "is_deleted", "deleted_at", "asset_group_id") VALUES ('1', '2025-10-31 03:01:19.023502+00', '2025-10-31 03:01:19.023502+00', '00000000-0000-0000-0000-000000000001', 'Maintenance', 'Preventive and corrective maintenance for mobile fleet', 'HME-MAINT', 'b64d182f-0ee3-40a0-b367-281f31902620', 'false', null, '1'), ('2', '2025-10-31 03:01:20.04558+00', '2025-10-31 03:01:20.04558+00', '00000000-0000-0000-0000-000000000001', 'Operations', 'Equipment operation and production execution', 'HME-OPS', 'b64d182f-0ee3-40a0-b367-281f31902620', 'false', null, '1'), ('3', '2025-10-31 03:01:20.587614+00', '2025-10-31 03:01:20.587614+00', '00000000-0000-0000-0000-000000000001', 'Planning', 'Maintenance planning, scheduling, and parts management', 'HME-PLAN', 'b64d182f-0ee3-40a0-b367-281f31902620', 'false', null, '1'), ('4', '2025-10-31 03:25:14.722434+00', '2025-10-31 03:25:14.722434+00', '00000000-0000-0000-0000-000000000001', 'Process Operatins', 'Operates processing plant and recovery circuits', 'FPP-OPS', 'b64d182f-0ee3-40a0-b367-281f31902620', 'false', null, '2'), ('5', '2025-10-31 03:25:24.094601+00', '2025-10-31 03:25:24.094601+00', '00000000-0000-0000-0000-000000000001', 'Process Maintenance', 'FPP-MAINT', 'Maintains fixed plant equipment and infrastructure', 'b64d182f-0ee3-40a0-b367-281f31902620', 'false', null, '2'), ('6', '2025-10-31 03:26:17.473978+00', '2025-10-31 03:26:17.473978+00', '00000000-0000-0000-0000-000000000001', 'Development Operations', 'Underground development and production mining', 'UGD-OPS', 'b64d182f-0ee3-40a0-b367-281f31902620', 'false', null, '9'), ('7', '2025-10-31 03:26:18.179985+00', '2025-10-31 03:26:18.179985+00', '00000000-0000-0000-0000-000000000001', 'Ground Support', 'Rock mechanics and ground stabilization', 'UGD-GROUND', 'b64d182f-0ee3-40a0-b367-281f31902620', 'false', null, '9'), ('8', '2025-10-31 03:27:00.218223+00', '2025-10-31 03:27:00.218223+00', '00000000-0000-0000-0000-000000000001', 'Services Operations', 'Maintains critical mine services and infrastructure', 'MSI-OPS', 'b64d182f-0ee3-40a0-b367-281f31902620', 'false', null, '10'), ('9', '2025-10-31 03:27:01.273587+00', '2025-10-31 03:27:01.273587+00', '00000000-0000-0000-0000-000000000001', 'Electrical & Instrumentation', 'Power distribution and control systems', 'MSI-ELEC', 'b64d182f-0ee3-40a0-b367-281f31902620', 'false', null, '10');

-- Insert roles for the test company
INSERT INTO "public"."roles" ("id", "created_at", "updated_at", "created_by", "code", "company_id", "shared_role_id", "is_deleted", "deleted_at", "level", "work_group_id", "reports_to_role_id") VALUES ('1', '2025-10-31 03:11:32.703477+00', '2025-10-31 03:11:32.703477+00', '00000000-0000-0000-0000-000000000001', null, 'b64d182f-0ee3-40a0-b367-281f31902620', '230', 'false', null, 'supervisor', '3', null), ('2', '2025-10-31 03:11:50.423296+00', '2025-10-31 03:11:50.423296+00', '00000000-0000-0000-0000-000000000001', null, 'b64d182f-0ee3-40a0-b367-281f31902620', '201', 'false', null, 'professional', '3', '1'), ('3', '2025-10-31 03:11:59.215436+00', '2025-10-31 03:11:59.215436+00', '00000000-0000-0000-0000-000000000001', null, 'b64d182f-0ee3-40a0-b367-281f31902620', '202', 'false', null, 'professional', '3', '1'), ('4', '2025-10-31 03:20:54.778239+00', '2025-10-31 03:20:54.778239+00', '00000000-0000-0000-0000-000000000001', null, 'b64d182f-0ee3-40a0-b367-281f31902620', '185', 'false', null, 'supervisor', '1', null), ('5', '2025-10-31 03:21:06.878918+00', '2025-10-31 03:21:06.878918+00', '00000000-0000-0000-0000-000000000001', null, 'b64d182f-0ee3-40a0-b367-281f31902620', '188', 'false', null, 'supervisor', '1', '4'), ('6', '2025-10-31 04:55:43.642373+00', '2025-10-31 04:55:43.642373+00', '00000000-0000-0000-0000-000000000001', null, 'b64d182f-0ee3-40a0-b367-281f31902620', '207', 'false', null, 'technician', '1', '4'), ('7', '2025-10-31 03:24:41.796011+00', '2025-10-31 03:24:41.796011+00', '00000000-0000-0000-0000-000000000001', null, 'b64d182f-0ee3-40a0-b367-281f31902620', '193', 'false', null, 'specialist', '3', '1');



-- CONTACTS --

-- Insert contact for the test company
INSERT INTO "public"."contacts" ("id", "created_at", "updated_at", "full_name", "email", "phone", "title", "created_by", "is_deleted", "deleted_at", "company_id") VALUES ('1', '2025-10-31 03:31:59.079731+00', '2025-10-31 03:31:59.079731+00', 'John Doe', 'tbikaun+jd@teampps.com.au', '', '', '00000000-0000-0000-0000-000000000001', 'false', null, 'b64d182f-0ee3-40a0-b367-281f31902620'), ('2', '2025-10-31 05:21:33.861052+00', '2025-10-31 05:21:33.861052+00', 'Simon Says', 'tbikaun+planner@teampps.com.au', '', '', '00000000-0000-0000-0000-000000000001', 'false', null, 'b64d182f-0ee3-40a0-b367-281f31902620');

-- Associate contact with a role in the test company
INSERT INTO "public"."role_contacts" ("role_id", "contact_id", "created_at", "created_by", "company_id") VALUES ('2', '2', '2025-10-31 05:21:33.87781+00', '00000000-0000-0000-0000-000000000001', 'b64d182f-0ee3-40a0-b367-281f31902620'), ('7', '1', '2025-10-31 03:31:59.09276+00', '00000000-0000-0000-0000-000000000001', 'b64d182f-0ee3-40a0-b367-281f31902620');