INSERT INTO "public"."interviews" ("id", "created_at", "updated_at", "created_by", "interviewer_id", "assessment_id", "notes", "name", "is_individual", "access_code", "assigned_role_id", "enabled", "is_deleted", "deleted_at", "status", "program_id", "questionnaire_id", "company_id", "interview_contact_id", "program_phase_id", "interviewee_id", "due_at", "completed_at") VALUES ('1', '2025-10-31 05:32:42.685577+00', '2025-10-31 05:32:42.685577+00', '00000000-0000-0000-0000-000000000001', '00000000-0000-0000-0000-000000000001', '1', null, 'onsite Interview - Phase 1', 'true', '8807a347', null, 'true', 'false', null, 'pending', '1', '1', 'b64d182f-0ee3-40a0-b367-281f31902620', '2', '1', 'd34835f8-a043-42f9-a376-6aac23cb76ce', null, null), ('2', '2025-10-31 05:32:51.563903+00', '2025-10-31 05:32:51.563903+00', '00000000-0000-0000-0000-000000000001', '00000000-0000-0000-0000-000000000001', '1', null, 'onsite Interview - Group', 'false', null, null, 'true', 'false', null, 'pending', '1', '1', 'b64d182f-0ee3-40a0-b367-281f31902620', null, '1', null, null, null);

INSERT INTO "public"."interview_roles" ("id", "created_at", "created_by", "interview_id", "role_id", "company_id") VALUES ('1', '2025-10-31 05:32:42.700906+00', '00000000-0000-0000-0000-000000000001', '1', '2', 'b64d182f-0ee3-40a0-b367-281f31902620'), ('2', '2025-10-31 05:32:51.577914+00', '00000000-0000-0000-0000-000000000001', '2', '1', 'b64d182f-0ee3-40a0-b367-281f31902620'), ('3', '2025-10-31 05:32:51.577914+00', '00000000-0000-0000-0000-000000000001', '2', '2', 'b64d182f-0ee3-40a0-b367-281f31902620'), ('4', '2025-10-31 05:32:51.577914+00', '00000000-0000-0000-0000-000000000001', '2', '3', 'b64d182f-0ee3-40a0-b367-281f31902620'), ('5', '2025-10-31 05:32:51.577914+00', '00000000-0000-0000-0000-000000000001', '2', '7', 'b64d182f-0ee3-40a0-b367-281f31902620');

INSERT INTO "public"."interview_responses" ("id", "created_at", "updated_at", "rating_score", "comments", "answered_at", "created_by", "interview_id", "questionnaire_question_id", "is_deleted", "deleted_at", "is_applicable", "company_id", "is_unknown", "score_source") VALUES ('1', '2025-10-31 05:32:42.717337+00', '2025-10-31 05:32:42.717337+00', null, null, null, '00000000-0000-0000-0000-000000000001', '1', '1', 'false', null, 'true', 'b64d182f-0ee3-40a0-b367-281f31902620', 'false', 'direct'), ('2', '2025-10-31 05:32:42.717337+00', '2025-10-31 05:32:42.717337+00', null, null, null, '00000000-0000-0000-0000-000000000001', '1', '2', 'false', null, 'true', 'b64d182f-0ee3-40a0-b367-281f31902620', 'false', 'direct'), ('3', '2025-10-31 05:32:42.717337+00', '2025-10-31 05:32:42.717337+00', null, null, null, '00000000-0000-0000-0000-000000000001', '1', '3', 'false', null, 'true', 'b64d182f-0ee3-40a0-b367-281f31902620', 'false', 'direct'), ('4', '2025-10-31 05:32:42.717337+00', '2025-10-31 05:32:42.717337+00', null, null, null, '00000000-0000-0000-0000-000000000001', '1', '4', 'false', null, 'true', 'b64d182f-0ee3-40a0-b367-281f31902620', 'false', 'direct'), ('5', '2025-10-31 05:32:42.717337+00', '2025-10-31 05:32:42.717337+00', null, null, null, '00000000-0000-0000-0000-000000000001', '1', '5', 'false', null, 'true', 'b64d182f-0ee3-40a0-b367-281f31902620', 'false', 'direct'), ('6', '2025-10-31 05:32:42.717337+00', '2025-10-31 05:32:42.717337+00', null, null, null, '00000000-0000-0000-0000-000000000001', '1', '6', 'false', null, 'true', 'b64d182f-0ee3-40a0-b367-281f31902620', 'false', 'direct'), ('7', '2025-10-31 05:32:42.717337+00', '2025-10-31 05:32:42.717337+00', null, null, null, '00000000-0000-0000-0000-000000000001', '1', '7', 'false', null, 'true', 'b64d182f-0ee3-40a0-b367-281f31902620', 'false', 'direct'), ('8', '2025-10-31 05:32:42.717337+00', '2025-10-31 05:32:42.717337+00', null, null, null, '00000000-0000-0000-0000-000000000001', '1', '8', 'false', null, 'true', 'b64d182f-0ee3-40a0-b367-281f31902620', 'false', 'direct'), ('9', '2025-10-31 05:32:42.717337+00', '2025-10-31 05:32:42.717337+00', null, null, null, '00000000-0000-0000-0000-000000000001', '1', '9', 'false', null, 'true', 'b64d182f-0ee3-40a0-b367-281f31902620', 'false', 'direct'), ('10', '2025-10-31 05:32:42.717337+00', '2025-10-31 05:32:42.717337+00', null, null, null, '00000000-0000-0000-0000-000000000001', '1', '10', 'false', null, 'true', 'b64d182f-0ee3-40a0-b367-281f31902620', 'false', 'direct'), ('11', '2025-10-31 05:32:42.717337+00', '2025-10-31 05:32:42.717337+00', null, null, null, '00000000-0000-0000-0000-000000000001', '1', '11', 'false', null, 'true', 'b64d182f-0ee3-40a0-b367-281f31902620', 'false', 'direct'), ('12', '2025-10-31 05:32:51.593749+00', '2025-10-31 05:32:51.593749+00', null, null, null, '00000000-0000-0000-0000-000000000001', '2', '1', 'false', null, 'true', 'b64d182f-0ee3-40a0-b367-281f31902620', 'false', 'direct'), ('13', '2025-10-31 05:32:51.593749+00', '2025-10-31 05:32:51.593749+00', null, null, null, '00000000-0000-0000-0000-000000000001', '2', '2', 'false', null, 'true', 'b64d182f-0ee3-40a0-b367-281f31902620', 'false', 'direct'), ('14', '2025-10-31 05:32:51.593749+00', '2025-10-31 05:32:51.593749+00', null, null, null, '00000000-0000-0000-0000-000000000001', '2', '3', 'false', null, 'true', 'b64d182f-0ee3-40a0-b367-281f31902620', 'false', 'direct'), ('15', '2025-10-31 05:32:51.593749+00', '2025-10-31 05:32:51.593749+00', null, null, null, '00000000-0000-0000-0000-000000000001', '2', '4', 'false', null, 'true', 'b64d182f-0ee3-40a0-b367-281f31902620', 'false', 'direct'), ('16', '2025-10-31 05:32:51.593749+00', '2025-10-31 05:32:51.593749+00', null, null, null, '00000000-0000-0000-0000-000000000001', '2', '5', 'false', null, 'true', 'b64d182f-0ee3-40a0-b367-281f31902620', 'false', 'direct'), ('17', '2025-10-31 05:32:51.593749+00', '2025-10-31 05:32:51.593749+00', null, null, null, '00000000-0000-0000-0000-000000000001', '2', '6', 'false', null, 'true', 'b64d182f-0ee3-40a0-b367-281f31902620', 'false', 'direct'), ('18', '2025-10-31 05:32:51.593749+00', '2025-10-31 05:32:51.593749+00', null, null, null, '00000000-0000-0000-0000-000000000001', '2', '7', 'false', null, 'true', 'b64d182f-0ee3-40a0-b367-281f31902620', 'false', 'direct'), ('19', '2025-10-31 05:32:51.593749+00', '2025-10-31 05:32:51.593749+00', null, null, null, '00000000-0000-0000-0000-000000000001', '2', '8', 'false', null, 'true', 'b64d182f-0ee3-40a0-b367-281f31902620', 'false', 'direct'), ('20', '2025-10-31 05:32:51.593749+00', '2025-10-31 05:32:51.593749+00', null, null, null, '00000000-0000-0000-0000-000000000001', '2', '9', 'false', null, 'true', 'b64d182f-0ee3-40a0-b367-281f31902620', 'false', 'direct'), ('21', '2025-10-31 05:32:51.593749+00', '2025-10-31 05:32:51.593749+00', null, null, null, '00000000-0000-0000-0000-000000000001', '2', '10', 'false', null, 'true', 'b64d182f-0ee3-40a0-b367-281f31902620', 'false', 'direct'), ('22', '2025-10-31 05:32:51.593749+00', '2025-10-31 05:32:51.593749+00', null, null, null, '00000000-0000-0000-0000-000000000001', '2', '11', 'false', null, 'true', 'b64d182f-0ee3-40a0-b367-281f31902620', 'false', 'direct');

INSERT INTO "public"."interview_response_roles" ("id", "created_at", "updated_at", "created_by", "role_id", "interview_response_id", "company_id", "interview_id") VALUES ('1', '2025-10-31 05:32:42.748974+00', '2025-10-31 05:32:42.748974+00', '00000000-0000-0000-0000-000000000001', '2', '1', 'b64d182f-0ee3-40a0-b367-281f31902620', '1'), ('2', '2025-10-31 05:32:42.748974+00', '2025-10-31 05:32:42.748974+00', '00000000-0000-0000-0000-000000000001', '2', '2', 'b64d182f-0ee3-40a0-b367-281f31902620', '1'), ('3', '2025-10-31 05:32:42.748974+00', '2025-10-31 05:32:42.748974+00', '00000000-0000-0000-0000-000000000001', '2', '3', 'b64d182f-0ee3-40a0-b367-281f31902620', '1'), ('4', '2025-10-31 05:32:42.748974+00', '2025-10-31 05:32:42.748974+00', '00000000-0000-0000-0000-000000000001', '2', '4', 'b64d182f-0ee3-40a0-b367-281f31902620', '1'), ('5', '2025-10-31 05:32:42.748974+00', '2025-10-31 05:32:42.748974+00', '00000000-0000-0000-0000-000000000001', '2', '5', 'b64d182f-0ee3-40a0-b367-281f31902620', '1'), ('6', '2025-10-31 05:32:42.748974+00', '2025-10-31 05:32:42.748974+00', '00000000-0000-0000-0000-000000000001', '2', '6', 'b64d182f-0ee3-40a0-b367-281f31902620', '1'), ('7', '2025-10-31 05:32:42.748974+00', '2025-10-31 05:32:42.748974+00', '00000000-0000-0000-0000-000000000001', '2', '7', 'b64d182f-0ee3-40a0-b367-281f31902620', '1'), ('8', '2025-10-31 05:32:42.748974+00', '2025-10-31 05:32:42.748974+00', '00000000-0000-0000-0000-000000000001', '2', '8', 'b64d182f-0ee3-40a0-b367-281f31902620', '1'), ('9', '2025-10-31 05:32:42.748974+00', '2025-10-31 05:32:42.748974+00', '00000000-0000-0000-0000-000000000001', '2', '9', 'b64d182f-0ee3-40a0-b367-281f31902620', '1'), ('10', '2025-10-31 05:32:42.748974+00', '2025-10-31 05:32:42.748974+00', '00000000-0000-0000-0000-000000000001', '2', '10', 'b64d182f-0ee3-40a0-b367-281f31902620', '1'), ('11', '2025-10-31 05:32:42.748974+00', '2025-10-31 05:32:42.748974+00', '00000000-0000-0000-0000-000000000001', '2', '11', 'b64d182f-0ee3-40a0-b367-281f31902620', '1');

INSERT INTO "public"."interview_question_applicable_roles" ("id", "created_at", "interview_id", "questionnaire_question_id", "company_id", "role_id", "is_universal") VALUES ('1', '2025-10-31 05:32:42.733736+00', '1', '1', 'b64d182f-0ee3-40a0-b367-281f31902620', '2', 'false'), ('2', '2025-10-31 05:32:42.733736+00', '1', '2', 'b64d182f-0ee3-40a0-b367-281f31902620', '2', 'false'), ('3', '2025-10-31 05:32:42.733736+00', '1', '3', 'b64d182f-0ee3-40a0-b367-281f31902620', '2', 'false'), ('4', '2025-10-31 05:32:42.733736+00', '1', '4', 'b64d182f-0ee3-40a0-b367-281f31902620', '2', 'false'), ('5', '2025-10-31 05:32:42.733736+00', '1', '5', 'b64d182f-0ee3-40a0-b367-281f31902620', '2', 'false'), ('6', '2025-10-31 05:32:42.733736+00', '1', '6', 'b64d182f-0ee3-40a0-b367-281f31902620', '2', 'false'), ('7', '2025-10-31 05:32:42.733736+00', '1', '7', 'b64d182f-0ee3-40a0-b367-281f31902620', '2', 'false'), ('8', '2025-10-31 05:32:42.733736+00', '1', '8', 'b64d182f-0ee3-40a0-b367-281f31902620', '2', 'false'), ('9', '2025-10-31 05:32:42.733736+00', '1', '9', 'b64d182f-0ee3-40a0-b367-281f31902620', '2', 'false'), ('10', '2025-10-31 05:32:42.733736+00', '1', '10', 'b64d182f-0ee3-40a0-b367-281f31902620', '2', 'false'), ('11', '2025-10-31 05:32:42.733736+00', '1', '11', 'b64d182f-0ee3-40a0-b367-281f31902620', '2', 'false'), ('12', '2025-10-31 05:32:51.608212+00', '2', '1', 'b64d182f-0ee3-40a0-b367-281f31902620', '2', 'false'), ('13', '2025-10-31 05:32:51.608212+00', '2', '2', 'b64d182f-0ee3-40a0-b367-281f31902620', '2', 'false'), ('14', '2025-10-31 05:32:51.608212+00', '2', '3', 'b64d182f-0ee3-40a0-b367-281f31902620', '2', 'false'), ('15', '2025-10-31 05:32:51.608212+00', '2', '4', 'b64d182f-0ee3-40a0-b367-281f31902620', '2', 'false'), ('16', '2025-10-31 05:32:51.608212+00', '2', '5', 'b64d182f-0ee3-40a0-b367-281f31902620', '2', 'false'), ('17', '2025-10-31 05:32:51.608212+00', '2', '6', 'b64d182f-0ee3-40a0-b367-281f31902620', '2', 'false'), ('18', '2025-10-31 05:32:51.608212+00', '2', '7', 'b64d182f-0ee3-40a0-b367-281f31902620', '2', 'false'), ('19', '2025-10-31 05:32:51.608212+00', '2', '8', 'b64d182f-0ee3-40a0-b367-281f31902620', '2', 'false'), ('20', '2025-10-31 05:32:51.608212+00', '2', '9', 'b64d182f-0ee3-40a0-b367-281f31902620', '2', 'false'), ('21', '2025-10-31 05:32:51.608212+00', '2', '10', 'b64d182f-0ee3-40a0-b367-281f31902620', '2', 'false'), ('22', '2025-10-31 05:32:51.608212+00', '2', '11', 'b64d182f-0ee3-40a0-b367-281f31902620', '2', 'false');