-- Insert seed data for questionnaires table
INSERT INTO "public"."questionnaires"
("id", "created_at", "updated_at", "name", "description", "created_by", "guidelines", "is_demo", "is_deleted", "deleted_at", "status", "company_id")
VALUES
('1', '2025-10-31 03:36:47.558792+00', '2025-10-31 03:36:47.558792+00', 'Weekly Planner Performance Check-In', 'A questionnaire to assess the weekly performance of planners and identify any concerns from the current week as well as the next week.', '00000000-0000-0000-0000-000000000001', '', 'false', 'false', null, 'active', 'b64d182f-0ee3-40a0-b367-281f31902620');

-- Insert seed data for questionnaire_rating_scales table
INSERT INTO "public"."questionnaire_rating_scales" ("id", "created_at", "updated_at", "name", "description", "order_index", "value", "created_by", "questionnaire_id", "is_deleted", "deleted_at", "company_id") VALUES ('1', '2025-10-31 03:41:14.098691+00', '2025-10-31 03:41:14.098691+00', 'Critical', 'Significant issues requiring immediate intervention. Performance well below acceptable standards with multiple failures or blockages.', '1', '1', '00000000-0000-0000-0000-000000000001', '1', 'false', null, 'b64d182f-0ee3-40a0-b367-281f31902620'), ('2', '2025-10-31 03:41:24.042281+00', '2025-10-31 03:41:24.042281+00', 'Below Standard', 'Notable challenges impacting effectiveness. Performance below expectations with frequent issues requiring corrective action.', '2', '2', '00000000-0000-0000-0000-000000000001', '1', 'false', null, 'b64d182f-0ee3-40a0-b367-281f31902620'), ('3', '2025-10-31 03:41:34.490044+00', '2025-10-31 03:41:34.490044+00', 'Acceptable', 'Meeting minimum requirements with some challenges. Performance is adequate but has room for improvement.', '3', '3', '00000000-0000-0000-0000-000000000001', '1', 'false', null, 'b64d182f-0ee3-40a0-b367-281f31902620'), ('4', '2025-10-31 03:41:44.00868+00', '2025-10-31 03:41:44.00868+00', 'Effective', 'Consistently meeting expectations with minor issues. Performance is reliable with only occasional adjustments needed.', '4', '4', '00000000-0000-0000-0000-000000000001', '1', 'false', null, 'b64d182f-0ee3-40a0-b367-281f31902620'), ('5', '2025-10-31 03:41:52.231467+00', '2025-10-31 03:41:52.231467+00', 'Optimal', 'Exceeding expectations with minimal to no issues. Performance is excellent and can serve as a best practice example.', '5', '5', '00000000-0000-0000-0000-000000000001', '1', 'false', null, 'b64d182f-0ee3-40a0-b367-281f31902620');


-- Insert seed data for questionnaire_sections table
INSERT INTO "public"."questionnaire_sections"
("id", "created_at", "updated_at", "questionnaire_id", "title", "order_index", "expanded", "created_by", "is_deleted", "deleted_at", "company_id")
VALUES
('1', '2025-10-31 03:42:17.684916+00', '2025-10-31 03:42:17.684916+00', '1', 'Planning & Scheduling Effectiveness', '1', 'true', '00000000-0000-0000-0000-000000000001', 'false', null, 'b64d182f-0ee3-40a0-b367-281f31902620'), ('2', '2025-10-31 03:42:25.926346+00', '2025-10-31 03:42:25.926346+00', '1', 'Resource Coordination', '2', 'true', '00000000-0000-0000-0000-000000000001', 'false', null, 'b64d182f-0ee3-40a0-b367-281f31902620'), ('3', '2025-10-31 03:42:37.10649+00', '2025-10-31 03:42:37.10649+00', '1', 'Risk & Compliance', '3', 'true', '00000000-0000-0000-0000-000000000001', 'false', null, 'b64d182f-0ee3-40a0-b367-281f31902620'), ('4', '2025-10-31 03:42:44.351129+00', '2025-10-31 03:42:44.351129+00', '1', 'Communication & Support', '4', 'true', '00000000-0000-0000-0000-000000000001', 'false', null, 'b64d182f-0ee3-40a0-b367-281f31902620'), ('5', '2025-10-31 03:42:54.386878+00', '2025-10-31 03:42:54.386878+00', '1', 'Improvement & Outlook', '5', 'true', '00000000-0000-0000-0000-000000000001', 'false', null, 'b64d182f-0ee3-40a0-b367-281f31902620');

-- Insert seed data for questionnaire_steps table
INSERT INTO "public"."questionnaire_steps"
("id", "created_at", "updated_at", "title", "order_index", "expanded", "questionnaire_section_id", "created_by", "deleted_at", "is_deleted", "questionnaire_id", "company_id")
VALUES
('1', '2025-10-31 03:43:04.188499+00', '2025-10-31 03:43:04.188499+00', 'Workload Assessment', '1', 'true', '1', '00000000-0000-0000-0000-000000000001', null, 'false', '1', 'b64d182f-0ee3-40a0-b367-281f31902620'), ('2', '2025-10-31 03:44:15.218787+00', '2025-10-31 03:44:15.218787+00', 'Planning Quality', '2', 'true', '1', '00000000-0000-0000-0000-000000000001', null, 'false', '1', 'b64d182f-0ee3-40a0-b367-281f31902620'), ('3', '2025-10-31 03:44:28.098284+00', '2025-10-31 03:44:28.098284+00', 'Resource Availability', '1', 'true', '2', '00000000-0000-0000-0000-000000000001', null, 'false', '1', 'b64d182f-0ee3-40a0-b367-281f31902620'), ('4', '2025-10-31 03:44:39.496052+00', '2025-10-31 03:44:39.496052+00', 'Contractor Management', '2', 'true', '2', '00000000-0000-0000-0000-000000000001', null, 'false', '1', 'b64d182f-0ee3-40a0-b367-281f31902620'), ('5', '2025-10-31 03:44:52.724659+00', '2025-10-31 03:44:52.724659+00', 'Safety & Compliance', '1', 'true', '3', '00000000-0000-0000-0000-000000000001', null, 'false', '1', 'b64d182f-0ee3-40a0-b367-281f31902620'), ('6', '2025-10-31 03:44:59.565723+00', '2025-10-31 03:44:59.565723+00', 'Critical Asset Focus', '2', 'true', '3', '00000000-0000-0000-0000-000000000001', null, 'false', '1', 'b64d182f-0ee3-40a0-b367-281f31902620'), ('7', '2025-10-31 03:45:06.092177+00', '2025-10-31 03:45:06.092177+00', 'Stakeholder Interaction', '1', 'true', '4', '00000000-0000-0000-0000-000000000001', null, 'false', '1', 'b64d182f-0ee3-40a0-b367-281f31902620'), ('8', '2025-10-31 03:45:12.168712+00', '2025-10-31 03:45:12.168712+00', 'System & Tools', '2', 'true', '4', '00000000-0000-0000-0000-000000000001', null, 'false', '1', 'b64d182f-0ee3-40a0-b367-281f31902620'), ('9', '2025-10-31 03:45:17.626935+00', '2025-10-31 03:45:17.626935+00', 'Continuous Improvement', '1', 'true', '5', '00000000-0000-0000-0000-000000000001', null, 'false', '1', 'b64d182f-0ee3-40a0-b367-281f31902620'), ('10', '2025-10-31 03:45:22.704217+00', '2025-10-31 03:45:22.704217+00', 'Next Week Preparation', '2', 'true', '5', '00000000-0000-0000-0000-000000000001', null, 'false', '1', 'b64d182f-0ee3-40a0-b367-281f31902620');

-- Insert seed data for questionnaire_questions table
INSERT INTO "public"."questionnaire_questions" ("id", "created_at", "updated_at", "questionnaire_step_id", "question_text", "context", "order_index", "created_by", "title", "is_deleted", "deleted_at", "questionnaire_id", "company_id", "rating_scale_mapping") VALUES ('1', '2025-10-31 03:43:19.193059+00', '2025-10-31 03:50:58.339+00', '1', '', 'This helps us understand if workload is sustainable and identify when additional resources or prioritization changes are needed. Be honest about capacity - overload leads to quality issues downstream.', '1', '00000000-0000-0000-0000-000000000001', 'How would you rate your current workload management?', 'false', null, '1', 'b64d182f-0ee3-40a0-b367-281f31902620', '{"version": "weighted", "partScoring": {"1": [{"max": 50, "min": 0, "level": 5}, {"max": 100, "min": 51, "level": 4}, {"max": 150, "min": 101, "level": 3}, {"max": 200, "min": 151, "level": 2}, {"max": 250, "min": 201, "level": 1}], "2": [{"max": 19.99, "min": 0, "level": 1}, {"max": 39.99, "min": 20, "level": 2}, {"max": 59.99, "min": 40, "level": 3}, {"max": 79.99, "min": 60, "level": 4}, {"max": 100, "min": 80, "level": 5}], "3": [{"max": 1.79, "min": 1, "level": 1}, {"max": 2.59, "min": 1.8, "level": 2}, {"max": 3.39, "min": 2.6, "level": 3}, {"max": 4.19, "min": 3.4, "level": 4}, {"max": 5, "min": 4.2, "level": 5}]}}'), ('2', '2025-10-31 03:44:01.709457+00', '2025-10-31 04:02:19.786+00', '1', '', 'Understanding recurring obstacles helps management remove systemic barriers. Focus on issues outside your direct control that impacted your ability to create effective schedules.', '2', '00000000-0000-0000-0000-000000000001', 'What scheduling challenges did you face?', 'false', null, '1', 'b64d182f-0ee3-40a0-b367-281f31902620', '{"version": "weighted", "partScoring": {"4": {"None": 1, "Other": 5, "Weather": 4, "Parts/Materials": 2, "Equipment access": 3, "Labor availability": 2, "Permit/Documentation": 4}, "5": [{"max": 19.99, "min": 0, "level": 1}, {"max": 39.99, "min": 20, "level": 2}, {"max": 59.99, "min": 40, "level": 3}, {"max": 79.99, "min": 60, "level": 4}, {"max": 100, "min": 80, "level": 5}]}}'), ('3', '2025-10-31 03:44:20.934404+00', '2025-10-31 04:02:55.244+00', '2', '', 'This measures planning accuracy, not execution. Good planning means crews had clear instructions, correct materials, and realistic time estimates. This helps identify if we need better job history data or planning standards.', '1', '00000000-0000-0000-0000-000000000001', 'How effective was your job planning this week?', 'false', null, '1', 'b64d182f-0ee3-40a0-b367-281f31902620', '{"version": "weighted", "partScoring": {"6": [{"max": 19.99, "min": 0, "level": 1}, {"max": 39.99, "min": 20, "level": 2}, {"max": 59.99, "min": 40, "level": 3}, {"max": 79.99, "min": 60, "level": 4}, {"max": 100, "min": 80, "level": 5}], "7": [{"max": 199.79, "min": 0, "level": 1}, {"max": 399.59, "min": 199.8, "level": 2}, {"max": 599.39, "min": 399.6, "level": 3}, {"max": 799.19, "min": 599.4, "level": 4}, {"max": 999, "min": 799.2, "level": 5}], "8": [{"max": 1.79, "min": 1, "level": 1}, {"max": 2.59, "min": 1.8, "level": 2}, {"max": 3.39, "min": 2.6, "level": 3}, {"max": 4.19, "min": 3.4, "level": 4}, {"max": 5, "min": 4.2, "level": 5}]}}'), ('4', '2025-10-31 03:44:34.041204+00', '2025-10-31 04:03:35.908+00', '3', '', 'Identifies gaps between what''s needed vs. available. This data supports business cases for resources and helps optimize allocation. Consider both human resources and physical assets.', '1', '00000000-0000-0000-0000-000000000001', 'Rate your resource coordination success', 'false', null, '1', 'b64d182f-0ee3-40a0-b367-281f31902620', '{"version": "weighted", "partScoring": {"9": [{"max": 19.99, "min": 0, "level": 1}, {"max": 39.99, "min": 20, "level": 2}, {"max": 59.99, "min": 40, "level": 3}, {"max": 79.99, "min": 60, "level": 4}, {"max": 100, "min": 80, "level": 5}], "10": [{"max": 19.79, "min": 0, "level": 1}, {"max": 39.59, "min": 19.8, "level": 2}, {"max": 59.39, "min": 39.6, "level": 3}, {"max": 79.19, "min": 59.4, "level": 4}, {"max": 99, "min": 79.2, "level": 5}], "11": [{"max": 19.79, "min": 0, "level": 1}, {"max": 39.59, "min": 19.8, "level": 2}, {"max": 59.39, "min": 39.6, "level": 3}, {"max": 79.19, "min": 59.4, "level": 4}, {"max": 99, "min": 79.2, "level": 5}]}}'), ('5', '2025-10-31 03:44:45.058905+00', '2025-10-31 04:04:02.018+00', '4', '', 'Contractor work often represents significant spend and critical path items. Early identification of contractor issues prevents schedule slippage and budget overruns. Skip if no contractor work this week.', '1', '00000000-0000-0000-0000-000000000001', 'If applicable, how smooth was contractor coordination?', 'false', null, '1', 'b64d182f-0ee3-40a0-b367-281f31902620', '{"version": "weighted", "partScoring": {"12": [{"max": 19.79, "min": 0, "level": 1}, {"max": 39.59, "min": 19.8, "level": 2}, {"max": 59.39, "min": 39.6, "level": 3}, {"max": 79.19, "min": 59.4, "level": 4}, {"max": 99, "min": 79.2, "level": 5}], "13": [{"max": 1.79, "min": 1, "level": 1}, {"max": 2.59, "min": 1.8, "level": 2}, {"max": 3.39, "min": 2.6, "level": 3}, {"max": 4.19, "min": 3.4, "level": 4}, {"max": 5, "min": 4.2, "level": 5}]}}'), ('6', '2025-10-31 03:46:35.486237+00', '2025-10-31 04:04:29.554+00', '5', '', 'Safety is our top priority. This ensures we''re not rushing planning at the expense of proper safety preparation. Include permits, isolations, confined space requirements, etc. Honest reporting prevents incidents.', '1', '00000000-0000-0000-0000-000000000001', 'Were all safety requirements met in planning?', 'false', null, '1', 'b64d182f-0ee3-40a0-b367-281f31902620', '{"version": "weighted", "partScoring": {"14": [{"max": 199.79, "min": 0, "level": 1}, {"max": 399.59, "min": 199.8, "level": 2}, {"max": 599.39, "min": 399.6, "level": 3}, {"max": 799.19, "min": 599.4, "level": 4}, {"max": 999, "min": 799.2, "level": 5}], "15": {"true": 5, "false": 1}, "16": [{"max": 19.99, "min": 0, "level": 1}, {"max": 39.99, "min": 20, "level": 2}, {"max": 59.99, "min": 40, "level": 3}, {"max": 79.99, "min": 60, "level": 4}, {"max": 100, "min": 80, "level": 5}]}}'), ('7', '2025-10-31 03:46:56.157748+00', '2025-10-31 04:04:44.406+00', '6', '', 'Ensures we''re protecting revenue-generating and safety-critical equipment. Your planning should reflect asset criticality rankings. This helps validate if our criticality assignments align with planning reality.', '1', '00000000-0000-0000-0000-000000000001', 'How well did you prioritize critical assets?', 'false', null, '1', 'b64d182f-0ee3-40a0-b367-281f31902620', '{"version": "weighted", "partScoring": {"17": [{"max": 19.99, "min": 0, "level": 1}, {"max": 39.99, "min": 20, "level": 2}, {"max": 59.99, "min": 40, "level": 3}, {"max": 79.99, "min": 60, "level": 4}, {"max": 100, "min": 80, "level": 5}], "18": {"true": 5, "false": 1}}}'), ('8', '2025-10-31 03:47:09.08131+00', '2025-10-31 04:05:17.118+00', '7', '', 'Good planning means nothing without good communication. This identifies if information flows are working both ways - from operations to planning and from planning to execution. Consider formal and informal channels.', '1', '00000000-0000-0000-0000-000000000001', 'Rate this week''s communication effectiveness', 'false', null, '1', 'b64d182f-0ee3-40a0-b367-281f31902620', '{"version": "weighted", "partScoring": {"19": [{"max": 1.79, "min": 1, "level": 1}, {"max": 2.59, "min": 1.8, "level": 2}, {"max": 3.39, "min": 2.6, "level": 3}, {"max": 4.19, "min": 3.4, "level": 4}, {"max": 5, "min": 4.2, "level": 5}], "20": [{"max": 1.79, "min": 1, "level": 1}, {"max": 2.59, "min": 1.8, "level": 2}, {"max": 3.39, "min": 2.6, "level": 3}, {"max": 4.19, "min": 3.4, "level": 4}, {"max": 5, "min": 4.2, "level": 5}], "21": [{"max": 19.79, "min": 0, "level": 1}, {"max": 39.59, "min": 19.8, "level": 2}, {"max": 59.39, "min": 39.6, "level": 3}, {"max": 79.19, "min": 59.4, "level": 4}, {"max": 99, "min": 79.2, "level": 5}]}}'), ('9', '2025-10-31 03:47:25.431594+00', '2025-10-31 04:05:39.564+00', '8', '', 'Identifies if technology is enabling or hindering your work. Include CMMS, scheduling tools, and data systems. Poor tools shouldn''t be accepted as normal - this data supports improvement investments.', '1', '00000000-0000-0000-0000-000000000001', 'How well did planning systems support you?', 'false', null, '1', 'b64d182f-0ee3-40a0-b367-281f31902620', '{"version": "weighted", "partScoring": {"22": [{"max": 1.79, "min": 1, "level": 1}, {"max": 2.59, "min": 1.8, "level": 2}, {"max": 3.39, "min": 2.6, "level": 3}, {"max": 4.19, "min": 3.4, "level": 4}, {"max": 5, "min": 4.2, "level": 5}], "23": [{"max": 19.79, "min": 0, "level": 1}, {"max": 39.59, "min": 19.8, "level": 2}, {"max": 59.39, "min": 39.6, "level": 3}, {"max": 79.19, "min": 59.4, "level": 4}, {"max": 99, "min": 79.2, "level": 5}]}}'), ('10', '2025-10-31 03:47:44.774673+00', '2025-10-31 04:06:42.179+00', '9', '', 'You''re closest to the planning process and see inefficiencies others might miss. Think about repetitive tasks that could be automated, missing procedures, or process gaps. Your input drives our improvement initiatives.', '1', '00000000-0000-0000-0000-000000000001', 'What improvement opportunities did you identify?', 'false', null, '1', 'b64d182f-0ee3-40a0-b367-281f31902620', '{"version": "weighted", "partScoring": {"24": {"Other": 5, "Resources": 4, "Communication": 3, "Documentation": 4, "Systems/Tools": 2, "None identified": 1, "Training/Skills": 3, "Process/Workflow": 2}, "25": [{"max": 7.99, "min": 0, "level": 1}, {"max": 15.99, "min": 8, "level": 2}, {"max": 23.99, "min": 16, "level": 3}, {"max": 31.99, "min": 24, "level": 4}, {"max": 40, "min": 32, "level": 5}]}}'), ('11', '2025-10-31 03:47:50.937969+00', '2025-10-31 04:08:07.294+00', '10', '', 'Proactive planning prevents reactive chaos. This helps identify if you have sufficient lead time and support. Be specific about barriers to preparation - vague concerns can''t be addressed.', '1', '00000000-0000-0000-0000-000000000001', 'How prepared are you for next week?', 'false', null, '1', 'b64d182f-0ee3-40a0-b367-281f31902620', '{"version": "weighted", "partScoring": {"26": [{"max": 19.99, "min": 0, "level": 1}, {"max": 39.99, "min": 20, "level": 2}, {"max": 59.99, "min": 40, "level": 3}, {"max": 79.99, "min": 60, "level": 4}, {"max": 100, "min": 80, "level": 5}], "27": {"Low - Well controlled": 1, "Medium - Some concerns": 2, "High - Significant challenges": 4, "Critical - Major issues expected": 5}, "28": {"Other": 5, "None needed": 1, "Training/guidance": 4, "System/tool issues": 3, "Resource allocation": 2, "Stakeholder alignment": 4, "Priority clarification": 2}}}');

-- Insert seed data for questionnaire_question_rating_scales table
INSERT INTO "public"."questionnaire_question_rating_scales" ("id", "created_at", "updated_at", "created_by", "questionnaire_question_id", "questionnaire_rating_scale_id", "description", "deleted_at", "is_deleted", "questionnaire_id", "company_id") VALUES ('1', '2025-10-31 03:43:19.219296+00', '2025-10-31 03:43:19.219296+00', '00000000-0000-0000-0000-000000000001', '1', '1', 'Significant issues requiring immediate intervention. Performance well below acceptable standards with multiple failures or blockages.', null, 'false', '1', 'b64d182f-0ee3-40a0-b367-281f31902620'), ('2', '2025-10-31 03:43:19.219296+00', '2025-10-31 03:43:19.219296+00', '00000000-0000-0000-0000-000000000001', '1', '2', 'Notable challenges impacting effectiveness. Performance below expectations with frequent issues requiring corrective action.', null, 'false', '1', 'b64d182f-0ee3-40a0-b367-281f31902620'), ('3', '2025-10-31 03:43:19.219296+00', '2025-10-31 03:43:19.219296+00', '00000000-0000-0000-0000-000000000001', '1', '3', 'Meeting minimum requirements with some challenges. Performance is adequate but has room for improvement.', null, 'false', '1', 'b64d182f-0ee3-40a0-b367-281f31902620'), ('4', '2025-10-31 03:43:19.219296+00', '2025-10-31 03:43:19.219296+00', '00000000-0000-0000-0000-000000000001', '1', '4', 'Consistently meeting expectations with minor issues. Performance is reliable with only occasional adjustments needed.', null, 'false', '1', 'b64d182f-0ee3-40a0-b367-281f31902620'), ('5', '2025-10-31 03:43:19.219296+00', '2025-10-31 03:43:19.219296+00', '00000000-0000-0000-0000-000000000001', '1', '5', 'Exceeding expectations with minimal to no issues. Performance is excellent and can serve as a best practice example.', null, 'false', '1', 'b64d182f-0ee3-40a0-b367-281f31902620'), ('6', '2025-10-31 03:44:01.755718+00', '2025-10-31 03:44:01.755718+00', '00000000-0000-0000-0000-000000000001', '2', '1', 'Significant issues requiring immediate intervention. Performance well below acceptable standards with multiple failures or blockages.', null, 'false', '1', 'b64d182f-0ee3-40a0-b367-281f31902620'), ('7', '2025-10-31 03:44:01.755718+00', '2025-10-31 03:44:01.755718+00', '00000000-0000-0000-0000-000000000001', '2', '2', 'Notable challenges impacting effectiveness. Performance below expectations with frequent issues requiring corrective action.', null, 'false', '1', 'b64d182f-0ee3-40a0-b367-281f31902620'), ('8', '2025-10-31 03:44:01.755718+00', '2025-10-31 03:44:01.755718+00', '00000000-0000-0000-0000-000000000001', '2', '3', 'Meeting minimum requirements with some challenges. Performance is adequate but has room for improvement.', null, 'false', '1', 'b64d182f-0ee3-40a0-b367-281f31902620'), ('9', '2025-10-31 03:44:01.755718+00', '2025-10-31 03:44:01.755718+00', '00000000-0000-0000-0000-000000000001', '2', '4', 'Consistently meeting expectations with minor issues. Performance is reliable with only occasional adjustments needed.', null, 'false', '1', 'b64d182f-0ee3-40a0-b367-281f31902620'), ('10', '2025-10-31 03:44:01.755718+00', '2025-10-31 03:44:01.755718+00', '00000000-0000-0000-0000-000000000001', '2', '5', 'Exceeding expectations with minimal to no issues. Performance is excellent and can serve as a best practice example.', null, 'false', '1', 'b64d182f-0ee3-40a0-b367-281f31902620'), ('11', '2025-10-31 03:44:20.961876+00', '2025-10-31 03:44:20.961876+00', '00000000-0000-0000-0000-000000000001', '3', '1', 'Significant issues requiring immediate intervention. Performance well below acceptable standards with multiple failures or blockages.', null, 'false', '1', 'b64d182f-0ee3-40a0-b367-281f31902620'), ('12', '2025-10-31 03:44:20.961876+00', '2025-10-31 03:44:20.961876+00', '00000000-0000-0000-0000-000000000001', '3', '2', 'Notable challenges impacting effectiveness. Performance below expectations with frequent issues requiring corrective action.', null, 'false', '1', 'b64d182f-0ee3-40a0-b367-281f31902620'), ('13', '2025-10-31 03:44:20.961876+00', '2025-10-31 03:44:20.961876+00', '00000000-0000-0000-0000-000000000001', '3', '3', 'Meeting minimum requirements with some challenges. Performance is adequate but has room for improvement.', null, 'false', '1', 'b64d182f-0ee3-40a0-b367-281f31902620'), ('14', '2025-10-31 03:44:20.961876+00', '2025-10-31 03:44:20.961876+00', '00000000-0000-0000-0000-000000000001', '3', '4', 'Consistently meeting expectations with minor issues. Performance is reliable with only occasional adjustments needed.', null, 'false', '1', 'b64d182f-0ee3-40a0-b367-281f31902620'), ('15', '2025-10-31 03:44:20.961876+00', '2025-10-31 03:44:20.961876+00', '00000000-0000-0000-0000-000000000001', '3', '5', 'Exceeding expectations with minimal to no issues. Performance is excellent and can serve as a best practice example.', null, 'false', '1', 'b64d182f-0ee3-40a0-b367-281f31902620'), ('16', '2025-10-31 03:44:34.062548+00', '2025-10-31 03:44:34.062548+00', '00000000-0000-0000-0000-000000000001', '4', '1', 'Significant issues requiring immediate intervention. Performance well below acceptable standards with multiple failures or blockages.', null, 'false', '1', 'b64d182f-0ee3-40a0-b367-281f31902620'), ('17', '2025-10-31 03:44:34.062548+00', '2025-10-31 03:44:34.062548+00', '00000000-0000-0000-0000-000000000001', '4', '2', 'Notable challenges impacting effectiveness. Performance below expectations with frequent issues requiring corrective action.', null, 'false', '1', 'b64d182f-0ee3-40a0-b367-281f31902620'), ('18', '2025-10-31 03:44:34.062548+00', '2025-10-31 03:44:34.062548+00', '00000000-0000-0000-0000-000000000001', '4', '3', 'Meeting minimum requirements with some challenges. Performance is adequate but has room for improvement.', null, 'false', '1', 'b64d182f-0ee3-40a0-b367-281f31902620'), ('19', '2025-10-31 03:44:34.062548+00', '2025-10-31 03:44:34.062548+00', '00000000-0000-0000-0000-000000000001', '4', '4', 'Consistently meeting expectations with minor issues. Performance is reliable with only occasional adjustments needed.', null, 'false', '1', 'b64d182f-0ee3-40a0-b367-281f31902620'), ('20', '2025-10-31 03:44:34.062548+00', '2025-10-31 03:44:34.062548+00', '00000000-0000-0000-0000-000000000001', '4', '5', 'Exceeding expectations with minimal to no issues. Performance is excellent and can serve as a best practice example.', null, 'false', '1', 'b64d182f-0ee3-40a0-b367-281f31902620'), ('21', '2025-10-31 03:44:45.07915+00', '2025-10-31 03:44:45.07915+00', '00000000-0000-0000-0000-000000000001', '5', '1', 'Significant issues requiring immediate intervention. Performance well below acceptable standards with multiple failures or blockages.', null, 'false', '1', 'b64d182f-0ee3-40a0-b367-281f31902620'), ('22', '2025-10-31 03:44:45.07915+00', '2025-10-31 03:44:45.07915+00', '00000000-0000-0000-0000-000000000001', '5', '2', 'Notable challenges impacting effectiveness. Performance below expectations with frequent issues requiring corrective action.', null, 'false', '1', 'b64d182f-0ee3-40a0-b367-281f31902620'), ('23', '2025-10-31 03:44:45.07915+00', '2025-10-31 03:44:45.07915+00', '00000000-0000-0000-0000-000000000001', '5', '3', 'Meeting minimum requirements with some challenges. Performance is adequate but has room for improvement.', null, 'false', '1', 'b64d182f-0ee3-40a0-b367-281f31902620'), ('24', '2025-10-31 03:44:45.07915+00', '2025-10-31 03:44:45.07915+00', '00000000-0000-0000-0000-000000000001', '5', '4', 'Consistently meeting expectations with minor issues. Performance is reliable with only occasional adjustments needed.', null, 'false', '1', 'b64d182f-0ee3-40a0-b367-281f31902620'), ('25', '2025-10-31 03:44:45.07915+00', '2025-10-31 03:44:45.07915+00', '00000000-0000-0000-0000-000000000001', '5', '5', 'Exceeding expectations with minimal to no issues. Performance is excellent and can serve as a best practice example.', null, 'false', '1', 'b64d182f-0ee3-40a0-b367-281f31902620'), ('26', '2025-10-31 03:46:35.509192+00', '2025-10-31 03:46:35.509192+00', '00000000-0000-0000-0000-000000000001', '6', '1', 'Significant issues requiring immediate intervention. Performance well below acceptable standards with multiple failures or blockages.', null, 'false', '1', 'b64d182f-0ee3-40a0-b367-281f31902620'), ('27', '2025-10-31 03:46:35.509192+00', '2025-10-31 03:46:35.509192+00', '00000000-0000-0000-0000-000000000001', '6', '2', 'Notable challenges impacting effectiveness. Performance below expectations with frequent issues requiring corrective action.', null, 'false', '1', 'b64d182f-0ee3-40a0-b367-281f31902620'), ('28', '2025-10-31 03:46:35.509192+00', '2025-10-31 03:46:35.509192+00', '00000000-0000-0000-0000-000000000001', '6', '3', 'Meeting minimum requirements with some challenges. Performance is adequate but has room for improvement.', null, 'false', '1', 'b64d182f-0ee3-40a0-b367-281f31902620'), ('29', '2025-10-31 03:46:35.509192+00', '2025-10-31 03:46:35.509192+00', '00000000-0000-0000-0000-000000000001', '6', '4', 'Consistently meeting expectations with minor issues. Performance is reliable with only occasional adjustments needed.', null, 'false', '1', 'b64d182f-0ee3-40a0-b367-281f31902620'), ('30', '2025-10-31 03:46:35.509192+00', '2025-10-31 03:46:35.509192+00', '00000000-0000-0000-0000-000000000001', '6', '5', 'Exceeding expectations with minimal to no issues. Performance is excellent and can serve as a best practice example.', null, 'false', '1', 'b64d182f-0ee3-40a0-b367-281f31902620'), ('31', '2025-10-31 03:46:56.182349+00', '2025-10-31 03:46:56.182349+00', '00000000-0000-0000-0000-000000000001', '7', '1', 'Significant issues requiring immediate intervention. Performance well below acceptable standards with multiple failures or blockages.', null, 'false', '1', 'b64d182f-0ee3-40a0-b367-281f31902620'), ('32', '2025-10-31 03:46:56.182349+00', '2025-10-31 03:46:56.182349+00', '00000000-0000-0000-0000-000000000001', '7', '2', 'Notable challenges impacting effectiveness. Performance below expectations with frequent issues requiring corrective action.', null, 'false', '1', 'b64d182f-0ee3-40a0-b367-281f31902620'), ('33', '2025-10-31 03:46:56.182349+00', '2025-10-31 03:46:56.182349+00', '00000000-0000-0000-0000-000000000001', '7', '3', 'Meeting minimum requirements with some challenges. Performance is adequate but has room for improvement.', null, 'false', '1', 'b64d182f-0ee3-40a0-b367-281f31902620'), ('34', '2025-10-31 03:46:56.182349+00', '2025-10-31 03:46:56.182349+00', '00000000-0000-0000-0000-000000000001', '7', '4', 'Consistently meeting expectations with minor issues. Performance is reliable with only occasional adjustments needed.', null, 'false', '1', 'b64d182f-0ee3-40a0-b367-281f31902620'), ('35', '2025-10-31 03:46:56.182349+00', '2025-10-31 03:46:56.182349+00', '00000000-0000-0000-0000-000000000001', '7', '5', 'Exceeding expectations with minimal to no issues. Performance is excellent and can serve as a best practice example.', null, 'false', '1', 'b64d182f-0ee3-40a0-b367-281f31902620'), ('36', '2025-10-31 03:47:09.107664+00', '2025-10-31 03:47:09.107664+00', '00000000-0000-0000-0000-000000000001', '8', '1', 'Significant issues requiring immediate intervention. Performance well below acceptable standards with multiple failures or blockages.', null, 'false', '1', 'b64d182f-0ee3-40a0-b367-281f31902620'), ('37', '2025-10-31 03:47:09.107664+00', '2025-10-31 03:47:09.107664+00', '00000000-0000-0000-0000-000000000001', '8', '2', 'Notable challenges impacting effectiveness. Performance below expectations with frequent issues requiring corrective action.', null, 'false', '1', 'b64d182f-0ee3-40a0-b367-281f31902620'), ('38', '2025-10-31 03:47:09.107664+00', '2025-10-31 03:47:09.107664+00', '00000000-0000-0000-0000-000000000001', '8', '3', 'Meeting minimum requirements with some challenges. Performance is adequate but has room for improvement.', null, 'false', '1', 'b64d182f-0ee3-40a0-b367-281f31902620'), ('39', '2025-10-31 03:47:09.107664+00', '2025-10-31 03:47:09.107664+00', '00000000-0000-0000-0000-000000000001', '8', '4', 'Consistently meeting expectations with minor issues. Performance is reliable with only occasional adjustments needed.', null, 'false', '1', 'b64d182f-0ee3-40a0-b367-281f31902620'), ('40', '2025-10-31 03:47:09.107664+00', '2025-10-31 03:47:09.107664+00', '00000000-0000-0000-0000-000000000001', '8', '5', 'Exceeding expectations with minimal to no issues. Performance is excellent and can serve as a best practice example.', null, 'false', '1', 'b64d182f-0ee3-40a0-b367-281f31902620'), ('41', '2025-10-31 03:47:25.452122+00', '2025-10-31 03:47:25.452122+00', '00000000-0000-0000-0000-000000000001', '9', '1', 'Significant issues requiring immediate intervention. Performance well below acceptable standards with multiple failures or blockages.', null, 'false', '1', 'b64d182f-0ee3-40a0-b367-281f31902620'), ('42', '2025-10-31 03:47:25.452122+00', '2025-10-31 03:47:25.452122+00', '00000000-0000-0000-0000-000000000001', '9', '2', 'Notable challenges impacting effectiveness. Performance below expectations with frequent issues requiring corrective action.', null, 'false', '1', 'b64d182f-0ee3-40a0-b367-281f31902620'), ('43', '2025-10-31 03:47:25.452122+00', '2025-10-31 03:47:25.452122+00', '00000000-0000-0000-0000-000000000001', '9', '3', 'Meeting minimum requirements with some challenges. Performance is adequate but has room for improvement.', null, 'false', '1', 'b64d182f-0ee3-40a0-b367-281f31902620'), ('44', '2025-10-31 03:47:25.452122+00', '2025-10-31 03:47:25.452122+00', '00000000-0000-0000-0000-000000000001', '9', '4', 'Consistently meeting expectations with minor issues. Performance is reliable with only occasional adjustments needed.', null, 'false', '1', 'b64d182f-0ee3-40a0-b367-281f31902620'), ('45', '2025-10-31 03:47:25.452122+00', '2025-10-31 03:47:25.452122+00', '00000000-0000-0000-0000-000000000001', '9', '5', 'Exceeding expectations with minimal to no issues. Performance is excellent and can serve as a best practice example.', null, 'false', '1', 'b64d182f-0ee3-40a0-b367-281f31902620'), ('46', '2025-10-31 03:47:44.794956+00', '2025-10-31 03:47:44.794956+00', '00000000-0000-0000-0000-000000000001', '10', '1', 'Significant issues requiring immediate intervention. Performance well below acceptable standards with multiple failures or blockages.', null, 'false', '1', 'b64d182f-0ee3-40a0-b367-281f31902620'), ('47', '2025-10-31 03:47:44.794956+00', '2025-10-31 03:47:44.794956+00', '00000000-0000-0000-0000-000000000001', '10', '2', 'Notable challenges impacting effectiveness. Performance below expectations with frequent issues requiring corrective action.', null, 'false', '1', 'b64d182f-0ee3-40a0-b367-281f31902620'), ('48', '2025-10-31 03:47:44.794956+00', '2025-10-31 03:47:44.794956+00', '00000000-0000-0000-0000-000000000001', '10', '3', 'Meeting minimum requirements with some challenges. Performance is adequate but has room for improvement.', null, 'false', '1', 'b64d182f-0ee3-40a0-b367-281f31902620'), ('49', '2025-10-31 03:47:44.794956+00', '2025-10-31 03:47:44.794956+00', '00000000-0000-0000-0000-000000000001', '10', '4', 'Consistently meeting expectations with minor issues. Performance is reliable with only occasional adjustments needed.', null, 'false', '1', 'b64d182f-0ee3-40a0-b367-281f31902620'), ('50', '2025-10-31 03:47:44.794956+00', '2025-10-31 03:47:44.794956+00', '00000000-0000-0000-0000-000000000001', '10', '5', 'Exceeding expectations with minimal to no issues. Performance is excellent and can serve as a best practice example.', null, 'false', '1', 'b64d182f-0ee3-40a0-b367-281f31902620'), ('51', '2025-10-31 03:47:50.959009+00', '2025-10-31 03:47:50.959009+00', '00000000-0000-0000-0000-000000000001', '11', '1', 'Significant issues requiring immediate intervention. Performance well below acceptable standards with multiple failures or blockages.', null, 'false', '1', 'b64d182f-0ee3-40a0-b367-281f31902620'), ('52', '2025-10-31 03:47:50.959009+00', '2025-10-31 03:47:50.959009+00', '00000000-0000-0000-0000-000000000001', '11', '2', 'Notable challenges impacting effectiveness. Performance below expectations with frequent issues requiring corrective action.', null, 'false', '1', 'b64d182f-0ee3-40a0-b367-281f31902620'), ('53', '2025-10-31 03:47:50.959009+00', '2025-10-31 03:47:50.959009+00', '00000000-0000-0000-0000-000000000001', '11', '3', 'Meeting minimum requirements with some challenges. Performance is adequate but has room for improvement.', null, 'false', '1', 'b64d182f-0ee3-40a0-b367-281f31902620'), ('54', '2025-10-31 03:47:50.959009+00', '2025-10-31 03:47:50.959009+00', '00000000-0000-0000-0000-000000000001', '11', '4', 'Consistently meeting expectations with minor issues. Performance is reliable with only occasional adjustments needed.', null, 'false', '1', 'b64d182f-0ee3-40a0-b367-281f31902620'), ('55', '2025-10-31 03:47:50.959009+00', '2025-10-31 03:47:50.959009+00', '00000000-0000-0000-0000-000000000001', '11', '5', 'Exceeding expectations with minimal to no issues. Performance is excellent and can serve as a best practice example.', null, 'false', '1', 'b64d182f-0ee3-40a0-b367-281f31902620');

-- Insert seed data for questionnaire_question_roles table
INSERT INTO "public"."questionnaire_question_roles" ("id", "created_at", "created_by", "questionnaire_question_id", "shared_role_id", "is_deleted", "deleted_at", "updated_at", "questionnaire_id", "company_id") VALUES ('1', '2025-10-31 04:11:42.826398+00', '00000000-0000-0000-0000-000000000001', '1', '200', 'false', null, '2025-10-31 04:11:42.826398+00', '1', 'b64d182f-0ee3-40a0-b367-281f31902620'), ('2', '2025-10-31 04:11:42.826398+00', '00000000-0000-0000-0000-000000000001', '1', '201', 'false', null, '2025-10-31 04:11:42.826398+00', '1', 'b64d182f-0ee3-40a0-b367-281f31902620'), ('3', '2025-10-31 04:11:52.159938+00', '00000000-0000-0000-0000-000000000001', '2', '200', 'false', null, '2025-10-31 04:11:52.159938+00', '1', 'b64d182f-0ee3-40a0-b367-281f31902620'), ('4', '2025-10-31 04:11:52.159938+00', '00000000-0000-0000-0000-000000000001', '2', '201', 'false', null, '2025-10-31 04:11:52.159938+00', '1', 'b64d182f-0ee3-40a0-b367-281f31902620'), ('5', '2025-10-31 04:12:01.97872+00', '00000000-0000-0000-0000-000000000001', '3', '200', 'false', null, '2025-10-31 04:12:01.97872+00', '1', 'b64d182f-0ee3-40a0-b367-281f31902620'), ('6', '2025-10-31 04:12:01.97872+00', '00000000-0000-0000-0000-000000000001', '3', '201', 'false', null, '2025-10-31 04:12:01.97872+00', '1', 'b64d182f-0ee3-40a0-b367-281f31902620'), ('7', '2025-10-31 04:12:11.898977+00', '00000000-0000-0000-0000-000000000001', '4', '200', 'false', null, '2025-10-31 04:12:11.898977+00', '1', 'b64d182f-0ee3-40a0-b367-281f31902620'), ('8', '2025-10-31 04:12:11.898977+00', '00000000-0000-0000-0000-000000000001', '4', '201', 'false', null, '2025-10-31 04:12:11.898977+00', '1', 'b64d182f-0ee3-40a0-b367-281f31902620'), ('9', '2025-10-31 04:12:20.274166+00', '00000000-0000-0000-0000-000000000001', '5', '200', 'false', null, '2025-10-31 04:12:20.274166+00', '1', 'b64d182f-0ee3-40a0-b367-281f31902620'), ('10', '2025-10-31 04:12:20.274166+00', '00000000-0000-0000-0000-000000000001', '5', '201', 'false', null, '2025-10-31 04:12:20.274166+00', '1', 'b64d182f-0ee3-40a0-b367-281f31902620'), ('11', '2025-10-31 04:12:29.267835+00', '00000000-0000-0000-0000-000000000001', '6', '200', 'false', null, '2025-10-31 04:12:29.267835+00', '1', 'b64d182f-0ee3-40a0-b367-281f31902620'), ('12', '2025-10-31 04:12:29.267835+00', '00000000-0000-0000-0000-000000000001', '6', '201', 'false', null, '2025-10-31 04:12:29.267835+00', '1', 'b64d182f-0ee3-40a0-b367-281f31902620'), ('13', '2025-10-31 04:12:38.701343+00', '00000000-0000-0000-0000-000000000001', '7', '200', 'false', null, '2025-10-31 04:12:38.701343+00', '1', 'b64d182f-0ee3-40a0-b367-281f31902620'), ('14', '2025-10-31 04:12:38.701343+00', '00000000-0000-0000-0000-000000000001', '7', '201', 'false', null, '2025-10-31 04:12:38.701343+00', '1', 'b64d182f-0ee3-40a0-b367-281f31902620'), ('15', '2025-10-31 04:12:47.130629+00', '00000000-0000-0000-0000-000000000001', '8', '200', 'false', null, '2025-10-31 04:12:47.130629+00', '1', 'b64d182f-0ee3-40a0-b367-281f31902620'), ('16', '2025-10-31 04:12:47.130629+00', '00000000-0000-0000-0000-000000000001', '8', '201', 'false', null, '2025-10-31 04:12:47.130629+00', '1', 'b64d182f-0ee3-40a0-b367-281f31902620'), ('17', '2025-10-31 04:12:53.788946+00', '00000000-0000-0000-0000-000000000001', '9', '200', 'false', null, '2025-10-31 04:12:53.788946+00', '1', 'b64d182f-0ee3-40a0-b367-281f31902620'), ('18', '2025-10-31 04:12:53.788946+00', '00000000-0000-0000-0000-000000000001', '9', '201', 'false', null, '2025-10-31 04:12:53.788946+00', '1', 'b64d182f-0ee3-40a0-b367-281f31902620'), ('19', '2025-10-31 04:13:00.417936+00', '00000000-0000-0000-0000-000000000001', '10', '200', 'false', null, '2025-10-31 04:13:00.417936+00', '1', 'b64d182f-0ee3-40a0-b367-281f31902620'), ('20', '2025-10-31 04:13:00.417936+00', '00000000-0000-0000-0000-000000000001', '10', '201', 'false', null, '2025-10-31 04:13:00.417936+00', '1', 'b64d182f-0ee3-40a0-b367-281f31902620'), ('21', '2025-10-31 04:13:07.376015+00', '00000000-0000-0000-0000-000000000001', '11', '200', 'false', null, '2025-10-31 04:13:07.376015+00', '1', 'b64d182f-0ee3-40a0-b367-281f31902620'), ('22', '2025-10-31 04:13:07.376015+00', '00000000-0000-0000-0000-000000000001', '11', '201', 'false', null, '2025-10-31 04:13:07.376015+00', '1', 'b64d182f-0ee3-40a0-b367-281f31902620');

INSERT INTO "public"."questionnaire_question_parts" ("id", "created_at", "updated_at", "created_by", "deleted_at", "is_deleted", "text", "order_index", "answer_type", "options", "company_id", "questionnaire_question_id") VALUES ('1', '2025-10-31 03:49:17.10868+00', '2025-10-31 03:49:17.10868+00', '00000000-0000-0000-0000-000000000001', null, 'false', 'Current backlog size (number of work orders)', '0', 'scale', '{"max": 250, "min": 0, "step": 25}', 'b64d182f-0ee3-40a0-b367-281f31902620', '1'), ('2', '2025-10-31 03:49:54.20195+00', '2025-10-31 03:49:54.20195+00', '00000000-0000-0000-0000-000000000001', null, 'false', 'Percentage of planned vs reactive work this week', '1', 'percentage', '{}', 'b64d182f-0ee3-40a0-b367-281f31902620', '1'), ('3', '2025-10-31 03:50:03.462367+00', '2025-10-31 03:51:23.171+00', '00000000-0000-0000-0000-000000000001', null, 'false', 'Confidence level in meeting this week''s schedule', '2', 'scale', '{"max": 5, "min": 1, "step": 1}', 'b64d182f-0ee3-40a0-b367-281f31902620', '1'), ('4', '2025-10-31 04:02:03.562196+00', '2025-10-31 04:02:03.562196+00', '00000000-0000-0000-0000-000000000001', null, 'false', 'Primary bottleneck encountered', '0', 'labelled_scale', '{"labels": ["None", "Labor availability", "Parts/Materials", "Equipment access", "Permit/Documentation", "Weather", "Other"]}', 'b64d182f-0ee3-40a0-b367-281f31902620', '2'), ('5', '2025-10-31 04:02:19.767275+00', '2025-10-31 04:02:19.767275+00', '00000000-0000-0000-0000-000000000001', null, 'false', 'Estimated hours lost to scheduling conflicts', '1', 'number', '{"max": 100, "min": 0, "decimal_places": 1}', 'b64d182f-0ee3-40a0-b367-281f31902620', '2'), ('6', '2025-10-31 04:02:37.010725+00', '2025-10-31 04:02:37.010725+00', '00000000-0000-0000-0000-000000000001', null, 'false', 'Percentage of jobs completed as planned', '0', 'percentage', '{}', 'b64d182f-0ee3-40a0-b367-281f31902620', '3'), ('7', '2025-10-31 04:02:46.293277+00', '2025-10-31 04:02:46.293277+00', '00000000-0000-0000-0000-000000000001', null, 'false', 'Number of jobs requiring re-planning', '1', 'number', '{"max": 999, "min": 0, "decimal_places": 0}', 'b64d182f-0ee3-40a0-b367-281f31902620', '3'), ('8', '2025-10-31 04:02:55.213117+00', '2025-10-31 04:02:55.213117+00', '00000000-0000-0000-0000-000000000001', null, 'false', 'Average planning accuracy score (self-assessed)', '2', 'scale', '{"max": 5, "min": 1, "step": 1}', 'b64d182f-0ee3-40a0-b367-281f31902620', '3'), ('9', '2025-10-31 04:03:11.804415+00', '2025-10-31 04:03:11.804415+00', '00000000-0000-0000-0000-000000000001', null, 'false', 'Labor availability vs requirements (percentage match)', '0', 'percentage', '{}', 'b64d182f-0ee3-40a0-b367-281f31902620', '4'), ('10', '2025-10-31 04:03:23.404507+00', '2025-10-31 04:03:23.404507+00', '00000000-0000-0000-0000-000000000001', null, 'false', 'Materials/parts availability issues (count)', '1', 'number', '{"max": 99, "min": 0, "decimal_places": 0}', 'b64d182f-0ee3-40a0-b367-281f31902620', '4'), ('11', '2025-10-31 04:03:35.888755+00', '2025-10-31 04:03:35.888755+00', '00000000-0000-0000-0000-000000000001', null, 'false', 'Equipment/tool conflicts experienced', '2', 'number', '{"max": 99, "min": 0, "decimal_places": 0}', 'b64d182f-0ee3-40a0-b367-281f31902620', '4'), ('12', '2025-10-31 04:03:56.187268+00', '2025-10-31 04:03:56.187268+00', '00000000-0000-0000-0000-000000000001', null, 'false', 'Number of contractor delays', '0', 'number', '{"max": 99, "min": 0, "decimal_places": 0}', 'b64d182f-0ee3-40a0-b367-281f31902620', '5'), ('13', '2025-10-31 04:04:02.00272+00', '2025-10-31 04:04:02.00272+00', '00000000-0000-0000-0000-000000000001', null, 'false', 'Communication effectiveness', '1', 'scale', '{"max": 5, "min": 1, "step": 1}', 'b64d182f-0ee3-40a0-b367-281f31902620', '5'), ('14', '2025-10-31 04:04:14.985658+00', '2025-10-31 04:04:14.985658+00', '00000000-0000-0000-0000-000000000001', null, 'false', 'Number of permits successfully coordinated', '0', 'number', '{"max": 999, "min": 0, "decimal_places": 0}', 'b64d182f-0ee3-40a0-b367-281f31902620', '6'), ('15', '2025-10-31 04:04:21.354122+00', '2025-10-31 04:04:21.354122+00', '00000000-0000-0000-0000-000000000001', null, 'false', 'Any safety concerns raised but unresolved', '1', 'boolean', '{}', 'b64d182f-0ee3-40a0-b367-281f31902620', '6'), ('16', '2025-10-31 04:04:29.535367+00', '2025-10-31 04:04:29.535367+00', '00000000-0000-0000-0000-000000000001', null, 'false', 'Compliance documentation completeness', '2', 'percentage', '{}', 'b64d182f-0ee3-40a0-b367-281f31902620', '6'), ('17', '2025-10-31 04:04:39.466862+00', '2025-10-31 04:04:39.466862+00', '00000000-0000-0000-0000-000000000001', null, 'false', 'Percentage of time allocated to critical equipment', '0', 'percentage', '{}', 'b64d182f-0ee3-40a0-b367-281f31902620', '7'), ('18', '2025-10-31 04:04:44.384883+00', '2025-10-31 04:04:44.384883+00', '00000000-0000-0000-0000-000000000001', null, 'false', 'Any critical work deferred', '1', 'boolean', '{}', 'b64d182f-0ee3-40a0-b367-281f31902620', '7'), ('19', '2025-10-31 04:05:00.070861+00', '2025-10-31 04:05:00.070861+00', '00000000-0000-0000-0000-000000000001', null, 'false', 'Operations coordination satisfaction', '0', 'scale', '{"max": 5, "min": 1, "step": 1}', 'b64d182f-0ee3-40a0-b367-281f31902620', '8'), ('20', '2025-10-31 04:05:08.456607+00', '2025-10-31 04:05:08.456607+00', '00000000-0000-0000-0000-000000000001', null, 'false', 'Maintenance crew feedback quality', '1', 'scale', '{"max": 5, "min": 1, "step": 1}', 'b64d182f-0ee3-40a0-b367-281f31902620', '8'), ('21', '2025-10-31 04:05:17.102691+00', '2025-10-31 04:05:17.102691+00', '00000000-0000-0000-0000-000000000001', null, 'false', 'Number of escalations required', '2', 'number', '{"max": 99, "min": 0, "decimal_places": 0}', 'b64d182f-0ee3-40a0-b367-281f31902620', '8'), ('22', '2025-10-31 04:05:27.806915+00', '2025-10-31 04:05:27.806915+00', '00000000-0000-0000-0000-000000000001', null, 'false', 'CMMS/planning software performance', '0', 'scale', '{"max": 5, "min": 1, "step": 1}', 'b64d182f-0ee3-40a0-b367-281f31902620', '9'), ('23', '2025-10-31 04:05:39.548774+00', '2025-10-31 04:05:39.548774+00', '00000000-0000-0000-0000-000000000001', null, 'false', 'Data quality issues encountered', '1', 'number', '{"max": 99, "min": 0, "decimal_places": 0}', 'b64d182f-0ee3-40a0-b367-281f31902620', '9'), ('24', '2025-10-31 04:06:27.04411+00', '2025-10-31 04:06:27.04411+00', '00000000-0000-0000-0000-000000000001', null, 'false', 'Top improvement area', '0', 'labelled_scale', '{"labels": ["None identified", "Process/Workflow", "Systems/Tools", "Communication", "Training/Skills", "Resources", "Documentation", "Other"]}', 'b64d182f-0ee3-40a0-b367-281f31902620', '10'), ('25', '2025-10-31 04:06:42.160884+00', '2025-10-31 04:06:42.160884+00', '00000000-0000-0000-0000-000000000001', null, 'false', 'Estimated time savings if implemented (hours/week)', '1', 'number', '{"max": 40, "min": 0, "decimal_places": 1}', 'b64d182f-0ee3-40a0-b367-281f31902620', '10'), ('26', '2025-10-31 04:06:53.744761+00', '2025-10-31 04:06:53.744761+00', '00000000-0000-0000-0000-000000000001', null, 'false', 'Percentage of next week''s work already planned', '0', 'percentage', '{}', 'b64d182f-0ee3-40a0-b367-281f31902620', '11'), ('27', '2025-10-31 04:07:27.53831+00', '2025-10-31 04:07:27.53831+00', '00000000-0000-0000-0000-000000000001', null, 'false', 'Risk level for next week', '1', 'labelled_scale', '{"labels": ["Low - Well controlled", "Medium - Some concerns", "High - Significant challenges", "Critical - Major issues expected"]}', 'b64d182f-0ee3-40a0-b367-281f31902620', '11'), ('28', '2025-10-31 04:08:07.273655+00', '2025-10-31 04:08:07.273655+00', '00000000-0000-0000-0000-000000000001', null, 'false', 'Management support needed', '2', 'labelled_scale', '{"labels": ["None needed", "Resource allocation", "Priority clarification", "System/tool issues", "Stakeholder alignment", "Training/guidance", "Other"]}', 'b64d182f-0ee3-40a0-b367-281f31902620', '11');